Algal_Class,Solvent,Replicate,Extraction_Yield_mg_per_g,FRAP,DPPH,ORAC,ABTS,TPC,Temperature_C,Incubation_h
Green (Chlorophyta),Water,1,22.914151239263294,83.3001370171723,85.12998172439843,74.15725217992699,71.84718245481574,97.86075742439704,20,6
Green (Chlorophyta),Water,2,22.383521209501858,87.79380031349825,77.87245801236074,58.86564207195457,93.25330025786558,100.0,25,6
Green (Chlorophyta),Water,3,22.19809209268365,98.87931521775971,81.34763499612059,58.47939525112714,88.72678340003837,98.52875849393172,25,24
Green (Chlorophyta),Water,4,24.635350903921818,95.15869992000333,81.04855731663672,64.04936888687273,100.0,100.0,20,2
Green (Chlorophyta),Water,5,20.715016533510678,83.16800648795159,78.51831089103091,65.45815243626348,85.3785232895409,100.0,20,12
Green (Chlorophyta),Water,6,28.424942802611383,99.64386328335752,84.76608020716652,68.3226788390602,100.0,100.0,20,2
Green (Chlorophyta),Water,7,21.658157627035376,81.76585334083836,69.82483200057158,69.55900059826203,90.4109973826871,100.0,30,24
Green (Chlorophyta),Water,8,20.003470878133918,85.86775960478288,73.48798244515915,62.848031697649645,87.16324156109604,100.0,30,2
Green (Chlorophyta),Water,9,24.036740689215684,94.77449018773085,83.69674132609143,73.58402044803175,78.29325390789167,100.0,20,2
Green (Chlorophyta),Water,10,20.588882037121614,80.52951573570327,71.76114525888424,74.24355850562061,74.82113784511995,100.0,20,6
Green (Chlorophyta),Water,11,16.951390685152585,71.98803754926011,65.7872626114664,58.993137042980635,76.9629705279825,94.58973526877232,20,2
Green (Chlorophyta),Water,12,20.95382478325469,82.9321205715211,81.68143265659882,61.47388170119263,72.4876745573689,93.31571627587117,30,6
Green (Chlorophyta),70% Methanol,1,15.941643141995169,73.29234478279051,61.70910682911309,59.77749196378217,63.14386943509774,82.56775568945696,30,6
Green (Chlorophyta),70% Methanol,2,20.576771181902014,80.7978157798701,76.42043542502557,59.88290324881894,77.06060125581297,94.61628195317986,30,6
Green (Chlorophyta),70% Methanol,3,15.112481063232885,70.3727288744404,54.334451690832054,52.13214436204621,67.68248273520058,81.54287653939419,20,12
Green (Chlorophyta),70% Methanol,4,20.696155326918362,82.80217503292732,69.65726311104633,64.78905275787942,66.77121754609303,86.46564595033341,25,12
Green (Chlorophyta),70% Methanol,5,14.731901162936795,57.16158624400878,60.119211952672806,43.74157150505155,59.52694142619255,86.79583468635384,20,24
Green (Chlorophyta),70% Methanol,6,17.631208086815725,80.67619842941653,57.872767979893545,56.884501290242945,64.20581974148735,84.99238279607418,30,6
Green (Chlorophyta),70% Methanol,7,21.220924412372188,71.14271079688461,77.71725023300786,68.40194755490083,76.83344448754718,88.08237744427682,25,12
Green (Chlorophyta),70% Methanol,8,18.916388523141613,74.40565557969346,70.58093626168868,61.728403798506,88.33221353864161,90.32366390686613,20,12
Green (Chlorophyta),70% Methanol,9,15.629507522134407,69.69306140640316,61.406731103095346,64.30040917543315,72.22853003810012,82.91558967887323,30,2
Green (Chlorophyta),70% Methanol,10,23.089908673658687,80.02037566729564,73.11656614478365,62.66381965130085,82.85588447632406,93.99655991100508,25,12
Green (Chlorophyta),70% Methanol,11,20.605452840443217,81.57126553407285,61.066595483845035,57.11352338337499,82.54656489774342,100.0,25,24
Green (Chlorophyta),70% Methanol,12,24.690192675075362,100.0,84.64077647538275,64.92872936614496,72.31470171877746,100.0,20,6
Green (Chlorophyta),70% Ethanol,1,15.161176714069024,62.700774153026906,53.0296199264384,51.81715158724885,72.06001626059707,78.49158096478526,20,2
Green (Chlorophyta),70% Ethanol,2,17.12409548888394,64.21320109271957,50.20965053411348,54.24507111234463,69.33238085537097,98.95292476430352,30,6
Green (Chlorophyta),70% Ethanol,3,17.99082356441866,83.03543818822318,61.95976309190942,50.80110438284581,64.61585131915942,82.13702865734417,20,6
Green (Chlorophyta),70% Ethanol,4,23.985409197305493,84.12450865452944,86.28047017908112,65.50418802348855,94.72571064081565,100.0,20,12
Green (Chlorophyta),70% Ethanol,5,17.13008630702573,72.19120708233498,58.3853737016773,61.71924855308844,66.14093728675189,75.02672091001192,30,24
Green (Chlorophyta),70% Ethanol,6,13.766187277041144,62.453253703412976,66.21525065158677,50.25320442499375,57.81881921080842,73.72996991722474,20,12
Green (Chlorophyta),70% Ethanol,7,21.518005225120476,86.67408104940154,71.21700627200589,76.94575107926882,85.14458118624054,100.0,25,2
Green (Chlorophyta),70% Ethanol,8,18.14970331166572,65.85597207591779,55.42840907264229,73.87154202410427,86.5862680457715,87.06208984921601,30,6
Green (Chlorophyta),70% Ethanol,9,16.45043803659204,82.03304352823349,52.858337323817345,49.24809499151518,72.8337077293065,79.12942939067695,25,12
Green (Chlorophyta),70% Ethanol,10,17.58463439983979,72.6262956437866,67.56707762977251,70.54642376521285,71.86856190485771,91.64015199872293,25,6
Green (Chlorophyta),70% Ethanol,11,11.449483696906935,51.836588260930085,39.07537669900142,32.129104153323595,43.23031142862513,58.42197095618602,20,12
Green (Chlorophyta),70% Ethanol,12,20.34770762706804,71.27404146459989,72.08771267854803,61.78929144421717,76.17379153816727,100.0,25,12
Green (Chlorophyta),Ethyl Acetate,1,12.614346311011778,64.25544859511024,46.964591928012254,43.97200306203504,50.42648660713508,63.5296776260733,25,6
Green (Chlorophyta),Ethyl Acetate,2,11.529720075361134,40.89594707224117,45.33786473812029,47.679049417461236,68.47156765912676,72.02146628787767,25,12
Green (Chlorophyta),Ethyl Acetate,3,8.44026994832354,35.11534914084329,21.965438415217008,29.882678719036065,39.00389566112851,52.67340740532808,20,6
Green (Chlorophyta),Ethyl Acetate,4,8.812748486769173,33.70578311172814,17.866746931134223,34.71720567049096,29.46616547158724,40.54428240818249,20,2
Green (Chlorophyta),Ethyl Acetate,5,8.369417665497235,36.368624927303486,19.348625694338498,22.602158996096726,53.22863412351723,32.39175351533029,30,6
Green (Chlorophyta),Ethyl Acetate,6,7.709643264636081,49.076608026043495,54.18370717344894,22.430169283909777,30.575775650181917,42.270939176918006,30,6
Green (Chlorophyta),Ethyl Acetate,7,16.186092933216777,57.64899991344752,57.0272481192492,66.84676790880187,67.38338872308454,72.36618645216363,30,2
Green (Chlorophyta),Ethyl Acetate,8,10.598531106451876,35.029067769558296,39.520020861069014,40.44501674870765,46.73488749761525,48.48985162144374,20,24
Green (Chlorophyta),Ethyl Acetate,9,12.414615567635417,60.935820727299905,48.79411938761488,51.68558838807931,51.93848461074568,60.759883457183776,30,12
Green (Chlorophyta),Ethyl Acetate,10,8.835325899371458,41.56282962058789,34.34949518717336,52.848906334106076,50.64194285882333,47.972279276733644,20,2
Green (Chlorophyta),Ethyl Acetate,11,8.710828370915698,29.62401036358403,44.200115550217156,37.73604828016963,41.40136681309797,30.345109564575537,25,24
Green (Chlorophyta),Ethyl Acetate,12,13.782315444674541,61.30652581040719,43.02060131890723,49.57362741224077,58.33912166192714,66.74157195724608,20,24
Green (Chlorophyta),50% Acetonitrile,1,14.523486442589338,61.764504108737675,53.35439004454119,53.88238372336512,72.25787069214881,52.29059440182951,30,2
Green (Chlorophyta),50% Acetonitrile,2,14.68944920647095,64.57900937003141,58.24637230127342,50.1699201274781,46.98732626810124,76.11623415707128,20,2
Green (Chlorophyta),50% Acetonitrile,3,20.582050642492558,68.68063935734544,78.52159348356683,65.48005713048822,77.73660547342492,85.76080424319167,30,6
Green (Chlorophyta),50% Acetonitrile,4,14.396631482932372,72.55094197560621,59.640605782606826,66.14864867574371,69.47827409653753,75.82250892547276,20,12
Green (Chlorophyta),50% Acetonitrile,5,20.63180357850338,84.59227727908336,78.34881449941763,65.84405786021257,78.88403351651102,88.75445723196715,30,12
Green (Chlorophyta),50% Acetonitrile,6,18.368751803784562,65.43872154573653,72.48566667030573,61.462297996039034,81.7156270201508,93.10967512340113,25,6
Green (Chlorophyta),50% Acetonitrile,7,20.86193847294041,87.51779784652386,59.671632081717846,68.17846142233158,69.5469793044355,90.87552701498498,20,12
Green (Chlorophyta),50% Acetonitrile,8,19.933685299830167,84.34139568595242,64.50647501643654,58.5594769809042,76.83661330528383,82.46152023813629,20,2
Green (Chlorophyta),50% Acetonitrile,9,13.38657916781026,61.04578668024478,61.036471322707456,54.130665858906546,38.248971875805594,70.5552705615499,30,12
Green (Chlorophyta),50% Acetonitrile,10,15.616100719697735,69.61176409475082,71.58024520977479,39.27588377142564,59.3405428108059,81.86549730565534,20,24
Green (Chlorophyta),50% Acetonitrile,11,10.655216801638176,59.904490693416314,45.494109098017944,47.238812290944075,41.91070340064602,62.469000821533314,20,12
Green (Chlorophyta),50% Acetonitrile,12,18.605414667967118,77.41266593742344,68.7075825591088,65.72614644722047,66.10034363709238,86.71887300937965,25,6
Green (Chlorophyta),100% Acetone,1,12.742432402642924,58.164053351801606,57.1536736004255,40.146625259149474,52.4763330639178,75.59119818090795,20,6
Green (Chlorophyta),100% Acetone,2,10.969235313562308,41.82278232224426,44.79953976907681,49.46165428320623,47.06863847974131,66.62474678572028,20,24
Green (Chlorophyta),100% Acetone,3,15.770381947699581,72.2599055925003,62.89181828727473,76.43770573575087,61.956835515352054,59.775652220044535,25,2
Green (Chlorophyta),100% Acetone,4,18.012763084551423,68.73894786264718,65.45568513550369,74.35923781150343,57.453039237409726,73.74431356769607,30,6
Green (Chlorophyta),100% Acetone,5,8.39616618864344,31.62447674421169,37.39903993501607,37.70312074051548,39.070773232443074,32.63270541514518,30,2
Green (Chlorophyta),100% Acetone,6,6.269689690102069,29.25061337310583,21.933991797446566,29.100778547247103,33.58389062063579,34.44183923507697,30,24
Green (Chlorophyta),100% Acetone,7,15.480399256127562,66.41694853883865,61.858914082836705,51.34784114343927,61.24685866038649,76.28817338520014,20,6
Green (Chlorophyta),100% Acetone,8,15.661585426252257,62.023381433245895,62.31415455374772,55.379152145008554,62.316111389739696,82.03272758818288,25,24
Green (Chlorophyta),100% Acetone,9,7.220818886837534,22.59657432424781,17.555459157172887,10.420794231371705,26.572579987932542,44.13533049158482,20,12
Green (Chlorophyta),100% Acetone,10,12.345347800852277,55.216365888753344,56.563721505283254,57.94564661686376,51.503469836785335,72.87591591576876,30,12
Green (Chlorophyta),100% Acetone,11,13.47637997530233,51.04437310554021,46.76110953094493,39.10590692550331,48.940148098756566,63.93723855174641,25,12
Green (Chlorophyta),100% Acetone,12,15.610755058135805,78.77441205293593,46.940107286084974,60.50284333749822,54.771894437300475,79.00320319423257,20,2
Red (Rhodophyta),Water,1,22.406740047936825,80.44959105311767,89.55546300245969,64.3213307774559,86.50305222291412,100.0,30,12
Red (Rhodophyta),Water,2,20.83715016993734,94.24302854587808,76.92141779005675,68.68013603303712,89.5871023508259,100.0,20,12
Red (Rhodophyta),Water,3,21.771641547406865,81.59653887736248,89.21126237032304,65.28365928658802,98.08216817728697,100.0,20,24
Red (Rhodophyta),Water,4,22.40658740938997,97.88664700069671,97.73684398638315,85.77689139484919,91.32892348173739,100.0,30,12
Red (Rhodophyta),Water,5,26.02872047239916,96.83194124363841,92.13489755411725,75.13653685693437,100.0,100.0,25,24
Red (Rhodophyta),Water,6,18.031297520073096,65.62989421922182,62.06372129771454,56.122424416596,76.13123984545516,100.0,30,24
Red (Rhodophyta),Water,7,26.1179801097219,96.08730448742331,92.41333284437901,72.22267114058381,96.79166664937391,100.0,25,12
Red (Rhodophyta),Water,8,24.657513350926184,97.88030848215904,95.38777365784722,64.02404062957433,96.07261719970971,100.0,30,6
Red (Rhodophyta),Water,9,23.46923922787583,100.0,85.18091713715728,75.76095841465657,92.88383286313235,100.0,25,2
Red (Rhodophyta),Water,10,20.461552809823743,93.1826851611485,70.69066664561717,70.59033591922602,94.34346694826043,100.0,20,6
Red (Rhodophyta),Water,11,21.94125379933293,97.49918962699064,78.59797168553325,75.75162427100925,74.9495133645946,100.0,20,24
Red (Rhodophyta),Water,12,16.82756401462801,66.17148122914348,78.38850645434133,63.98472921647248,68.82467291963911,80.31775256280869,30,2
Red (Rhodophyta),70% Methanol,1,10.48641348647505,46.98333012068866,64.21823604394184,43.65660583453666,44.815856080028254,63.92697270507527,20,6
Red (Rhodophyta),70% Methanol,2,14.697124941016675,66.02983574651924,60.573273219615444,52.855170456257795,72.01771464728054,82.99320893452945,25,12
Red (Rhodophyta),70% Methanol,3,21.384978054323994,84.3296113608109,85.68458989667154,83.34751782923979,78.50711770556444,98.26751883971762,20,2
Red (Rhodophyta),70% Methanol,4,23.3873530089607,93.38955294148181,94.17494966061146,70.75481271546805,100.0,100.0,20,24
Red (Rhodophyta),70% Methanol,5,20.154686469968087,98.93660025125148,72.6213786410347,60.11195030291317,79.39781775636594,100.0,25,12
Red (Rhodophyta),70% Methanol,6,14.682722783458459,73.4544103363937,55.42028862980357,62.684383163407944,46.485539804583425,73.8804430604347,20,2
Red (Rhodophyta),70% Methanol,7,14.320595546297696,60.38183766582454,60.52078013031856,51.00125846347349,62.30376862144991,77.30086692886968,25,2
Red (Rhodophyta),70% Methanol,8,19.990164721859834,77.87606943110232,80.75570788589812,72.5708601271652,85.61098350613665,100.0,30,12
Red (Rhodophyta),70% Methanol,9,20.26925400242598,100.0,75.10538217453896,65.44096903110756,77.27305665167619,93.48701104865388,20,24
Red (Rhodophyta),70% Methanol,10,15.646584637196776,64.77101084002236,62.24679903873499,58.93666343654796,69.43542390101648,78.18519780772722,20,24
Red (Rhodophyta),70% Methanol,11,22.080553692059894,97.58392656163899,78.82577106055037,66.52664616133306,92.4150050262368,100.0,20,24
Red (Rhodophyta),70% Methanol,12,15.03561822175486,69.11912233065692,62.969998360078755,47.32836008849114,68.41472461834607,70.06891572079549,30,2
Red (Rhodophyta),70% Ethanol,1,22.248558300036514,100.0,78.02979260792056,76.07155039087672,68.51732309939796,97.48246042766971,25,12
Red (Rhodophyta),70% Ethanol,2,17.358663239543613,68.47731523021379,73.31948586436098,77.7672613887994,64.7337492159441,83.43937810507273,25,2
Red (Rhodophyta),70% Ethanol,3,18.946345104929794,94.95109682829496,62.218945033149765,67.79685736926054,93.53587287547087,82.78317952585786,20,2
Red (Rhodophyta),70% Ethanol,4,14.396792379462505,63.262536157056616,54.312454751997535,59.947678846776164,66.0695200122631,63.76985292931742,30,12
Red (Rhodophyta),70% Ethanol,5,19.786231208702436,79.93243229604462,84.37864505368795,62.781027902520066,76.26915156800062,100.0,20,6
Red (Rhodophyta),70% Ethanol,6,20.528779447010812,90.2495576999837,62.55128692629842,73.79960417057693,75.1199299679859,100.0,30,12
Red (Rhodophyta),70% Ethanol,7,13.968796693802823,68.60491060760296,50.605633376248896,41.889095829207974,68.29076872940978,78.01105565435785,20,24
Red (Rhodophyta),70% Ethanol,8,16.398069595821312,85.44148463739518,61.25195994448055,59.46181022992095,73.19724618721297,81.41224494968908,30,2
Red (Rhodophyta),70% Ethanol,9,19.65340888019979,79.89848115445594,70.55073581524161,78.39282502598113,72.66533226896583,79.1562138765258,20,12
Red (Rhodophyta),70% Ethanol,10,23.072810985035687,100.0,78.5977978573851,59.3052517866867,87.27607552441027,100.0,20,24
Red (Rhodophyta),70% Ethanol,11,17.670228476933232,69.16116994838431,73.13035242650611,66.79797706002003,63.167056710723166,96.91872490248483,25,6
Red (Rhodophyta),70% Ethanol,12,24.398054945837675,97.73680889960615,81.84465097071796,76.13468872256362,97.64691146113704,98.87896351229695,20,12
Red (Rhodophyta),Ethyl Acetate,1,11.893172108931909,50.4568909783255,63.00514242027354,48.16867551053622,65.58418839863344,52.78776737787611,20,6
Red (Rhodophyta),Ethyl Acetate,2,13.161777500408379,60.95935675033813,45.611361193089216,55.44301195910321,66.6442014686609,64.57444420171673,25,24
Red (Rhodophyta),Ethyl Acetate,3,6.324112052490713,29.831595434749804,19.755503483572333,24.98546318376561,28.57009343792417,20.82269502543064,20,2
Red (Rhodophyta),Ethyl Acetate,4,6.553024982037968,34.866209287295646,23.726957573424862,8.165994273295052,36.51318503087924,37.840083835749084,25,24
Red (Rhodophyta),Ethyl Acetate,5,9.25837552789055,32.33380910392637,45.26806888366777,42.44812196344632,60.857557784055075,52.660227201050645,30,24
Red (Rhodophyta),Ethyl Acetate,6,12.563109423786047,54.82069232852624,57.074711130061615,56.94508869667539,64.76601294368146,60.4089497857057,20,24
Red (Rhodophyta),Ethyl Acetate,7,10.093777581168116,42.528804855938326,48.051880970342665,54.87150347886546,41.53186552245891,49.917684934374556,25,6
Red (Rhodophyta),Ethyl Acetate,8,12.3422316716094,53.3478051249527,57.398936637669436,33.151136515724346,47.317409321594354,57.351651022122724,20,12
Red (Rhodophyta),Ethyl Acetate,9,4.4389319628415675,13.552357535926923,11.814069655022209,18.058017972910914,29.63365559688753,22.49019964498334,25,6
Red (Rhodophyta),Ethyl Acetate,10,8.307558839186541,38.33551462369371,43.305424829592546,28.074144102977563,30.536773108195305,49.07821527060602,20,6
Red (Rhodophyta),Ethyl Acetate,11,10.7353916528076,54.164653183465425,43.9771237576483,50.92422666817195,39.47953135401977,56.235814800151935,20,24
Red (Rhodophyta),Ethyl Acetate,12,10.767929956910532,39.38925401457246,31.69691968371545,50.91864508404739,45.08085281447654,48.30559636533769,20,12
Red (Rhodophyta),50% Acetonitrile,1,15.671463189230003,78.976753974927,43.63524614744957,46.881244064057995,60.21533743763905,93.07659417464764,30,12
Red (Rhodophyta),50% Acetonitrile,2,16.807760948757892,79.94339987854472,56.16762899166949,53.1391497386993,74.90355421900206,86.33531288342054,20,2
Red (Rhodophyta),50% Acetonitrile,3,17.60621645659238,74.89076619749332,69.80280692214399,65.53718090934262,80.04338410839627,95.33537615089647,30,24
Red (Rhodophyta),50% Acetonitrile,4,11.100384016824691,34.4930078989462,54.430755329615124,53.648206322022325,42.54031596252928,46.16948902977379,30,12
Red (Rhodophyta),50% Acetonitrile,5,16.257104463021605,79.40972451978993,78.04034965280802,64.67618958677554,66.5674527759016,76.58115948681407,25,24
Red (Rhodophyta),50% Acetonitrile,6,15.994353875011964,68.67348855134149,54.74695453092875,76.18250233154149,82.95725511401518,91.77281589222466,20,2
Red (Rhodophyta),50% Acetonitrile,7,13.197448806572618,67.71810306618443,58.97058107796562,54.75979279443091,68.82649349612448,75.91212073028012,30,12
Red (Rhodophyta),50% Acetonitrile,8,18.180042708913007,83.2859843962985,71.89505760918526,51.51658438839779,76.22828381156083,86.52237615274372,30,12
Red (Rhodophyta),50% Acetonitrile,9,12.12047712707994,70.0944554272941,63.936509530024566,58.527545729073125,56.775478570666166,76.7033723062692,20,12
Red (Rhodophyta),50% Acetonitrile,10,15.996159541805477,72.69617432268538,54.12520251601845,62.973595430284234,69.16497693512675,72.27041122886159,30,2
Red (Rhodophyta),50% Acetonitrile,11,15.80640866455021,69.78272192300683,76.6755987169575,66.40177261813481,68.14219930699194,83.92190973318961,30,6
Red (Rhodophyta),50% Acetonitrile,12,16.092637134312596,69.78048033307756,54.50547553101541,58.866890926271196,63.03199392033677,73.07304162692708,20,6
Red (Rhodophyta),100% Acetone,1,15.213665443642606,70.15991628977687,45.50743510452891,58.16246320325457,73.02394542073654,86.01806719760879,20,12
Red (Rhodophyta),100% Acetone,2,16.757510528655718,72.53390835367478,57.67352801899327,55.05623529154413,72.85524773945232,86.58587869079037,30,2
Red (Rhodophyta),100% Acetone,3,17.541993334815196,83.52236425505166,65.60638605912968,55.97799448586156,69.97195289233619,88.1815573248878,20,6
Red (Rhodophyta),100% Acetone,4,13.073750263831789,54.61519226040245,54.8729746607117,48.23746612020662,52.47151218683766,71.02225723082748,25,12
Red (Rhodophyta),100% Acetone,5,12.474022259612386,58.886426751525285,52.979326684900904,41.120090026295465,51.40914524760757,77.36656663192404,20,2
Red (Rhodophyta),100% Acetone,6,10.193761461797141,30.776117091123897,27.669465187224816,42.32936723398525,46.55347465177067,54.25228586817551,30,24
Red (Rhodophyta),100% Acetone,7,17.322569486785508,52.65001675555423,69.21624542735222,77.8144693382913,62.83301397711527,82.60721145474528,20,12
Red (Rhodophyta),100% Acetone,8,11.42132424831414,45.609235040691296,44.46367170733871,57.97635586592739,65.91121435999665,58.35319602613725,20,2
Red (Rhodophyta),100% Acetone,9,19.395180642193413,80.54384458797442,85.63335352989164,70.0705808957992,78.947129710699,95.7727121253338,20,2
Red (Rhodophyta),100% Acetone,10,23.216561038102608,96.90314166004318,74.71884447192673,87.24568036922292,84.54840685104293,100.0,20,24
Red (Rhodophyta),100% Acetone,11,16.405804079676336,71.32014962929588,65.63550249617803,62.82199788709292,71.6737927362311,85.61965719322394,25,6
Red (Rhodophyta),100% Acetone,12,7.869099201883755,42.946656777170105,25.701500170521705,21.65049699931339,36.04048914129809,44.186170580816345,20,24
Brown (Phaeophyceae),Water,1,21.51948150628316,100.0,73.31450091977426,67.52499927360186,88.22047782925031,100.0,30,6
Brown (Phaeophyceae),Water,2,24.43659285394172,96.98648829832553,96.51894351105726,76.90375123417861,85.13907860084979,100.0,25,6
Brown (Phaeophyceae),Water,3,23.563042121212067,100.0,88.01672805124149,74.59221526130652,100.0,100.0,20,6
Brown (Phaeophyceae),Water,4,20.266685297247328,84.2173978728623,72.08387466896023,70.37909378539959,99.2985146172371,100.0,30,12
Brown (Phaeophyceae),Water,5,16.094900467521036,65.64482804244135,61.80200839595747,53.19400231336508,72.40617233695362,93.99937828050338,25,2
Brown (Phaeophyceae),Water,6,22.66476100753266,100.0,81.3985407539439,66.201817755265,99.77522868644222,100.0,30,6
Brown (Phaeophyceae),Water,7,24.769075115960007,100.0,90.23545492797935,89.68725714967806,96.05996632152745,100.0,20,6
Brown (Phaeophyceae),Water,8,22.923705652315704,90.98960362106276,87.96430975867072,64.99420943804954,90.59142770827908,100.0,30,2
Brown (Phaeophyceae),Water,9,25.266746265950374,100.0,100.0,87.08961756591219,100.0,100.0,25,6
Brown (Phaeophyceae),Water,10,27.690286136257097,97.16295110499999,94.36481270402032,74.67074960671619,100.0,100.0,30,12
Brown (Phaeophyceae),Water,11,23.101526474150806,100.0,86.45287219436875,77.25613269813796,95.19570019641493,100.0,25,12
Brown (Phaeophyceae),Water,12,23.618050041308216,100.0,98.28786960680941,88.09739141024305,100.0,100.0,30,2
Brown (Phaeophyceae),70% Methanol,1,16.6074064724433,78.27835367631623,76.53874442993273,68.74727749808442,77.53713508205323,99.72817630984238,25,24
Brown (Phaeophyceae),70% Methanol,2,21.532300126981458,100.0,85.0709649289499,71.28085922557386,93.62992170713112,87.63427713219674,20,24
Brown (Phaeophyceae),70% Methanol,3,21.20865720915515,64.60459304375473,68.17063145899708,77.02602974498922,93.88675131096008,100.0,20,12
Brown (Phaeophyceae),70% Methanol,4,17.923693874363185,94.53873142071242,69.15772837128063,83.3579073040201,80.23950062166759,100.0,30,24
Brown (Phaeophyceae),70% Methanol,5,24.910623195495823,100.0,82.23797188178693,79.96710671973437,98.90097895520064,100.0,30,6
Brown (Phaeophyceae),70% Methanol,6,19.292503785977534,82.10790047572354,84.33176281254836,69.19096385161409,82.28593938202025,100.0,25,24
Brown (Phaeophyceae),70% Methanol,7,20.7293660552185,97.34414080100512,72.75277080172928,63.99726415671231,97.57658507983966,100.0,30,12
Brown (Phaeophyceae),70% Methanol,8,15.809473722209379,79.6065219162732,70.16712566838281,47.28410686906037,74.87095727309352,95.09055763916203,20,12
Brown (Phaeophyceae),70% Methanol,9,21.183159355118793,98.77512503051196,70.66072609844545,76.00335981179425,87.57582058996762,100.0,20,2
Brown (Phaeophyceae),70% Methanol,10,22.67166682825918,100.0,99.8068258038051,87.05957232484336,93.02778608128452,100.0,25,12
Brown (Phaeophyceae),70% Methanol,11,22.360468615352733,97.93636668555068,85.77890956892779,82.48704826888077,92.64119119269138,100.0,25,24
Brown (Phaeophyceae),70% Methanol,12,18.816580802492428,91.59721739768042,75.63305720939665,70.44641816984509,88.44979054616451,98.48729413012954,30,24
Brown (Phaeophyceae),70% Ethanol,1,21.14874449088942,95.77686864748182,71.49309801454557,85.91033327934133,85.24031598976632,95.25470753430172,30,6
Brown (Phaeophyceae),70% Ethanol,2,15.744868871241096,66.93760032123167,66.31223965698872,58.03567460247869,69.57711863509356,92.81741986749776,20,2
Brown (Phaeophyceae),70% Ethanol,3,19.899626083578113,91.61804119508494,81.44219572828567,76.36889762273589,68.86415760024201,100.0,30,12
Brown (Phaeophyceae),70% Ethanol,4,12.33936980653158,61.81642775398245,53.94500410506191,57.702707338562796,68.70721411006339,73.5982908964945,25,2
Brown (Phaeophyceae),70% Ethanol,5,17.378916767809304,84.82621141711722,66.79437393968732,64.8975230707538,85.77948767444684,90.2281159497937,30,2
Brown (Phaeophyceae),70% Ethanol,6,21.297035917727506,98.583129781843,74.09982066488102,82.49806907051175,95.23683001669909,100.0,20,12
Brown (Phaeophyceae),70% Ethanol,7,16.593029625917048,71.31829442361929,64.30106409436844,67.04184173123217,67.5963018906646,94.96991760174912,20,24
Brown (Phaeophyceae),70% Ethanol,8,15.154733413364825,71.25598490769279,64.8265558407235,78.00939356209685,59.11949763778768,97.04194827076299,20,6
Brown (Phaeophyceae),70% Ethanol,9,19.32952724196184,90.62751870595989,77.57364493588291,73.59311818476692,82.81288353214993,100.0,30,6
Brown (Phaeophyceae),70% Ethanol,10,17.510586567325834,90.45404178534048,66.25867968296848,64.78849506531849,69.74891138551278,98.85834528901037,20,6
Brown (Phaeophyceae),70% Ethanol,11,23.215377870779605,97.64669162731602,84.63902119458669,69.88090382941924,92.72306621233672,100.0,30,6
Brown (Phaeophyceae),70% Ethanol,12,16.141366039843522,78.37772159781558,77.72568379222977,83.86889278096916,68.98156638879256,100.0,30,2
Brown (Phaeophyceae),Ethyl Acetate,1,12.531257441204945,57.603703928403135,56.39307220594595,54.89799058913576,58.22650877971254,64.36907256511691,20,12
Brown (Phaeophyceae),Ethyl Acetate,2,7.605671020603449,25.13834665072183,38.964572510058446,32.46219642989539,31.781453366876683,43.17849552531848,30,12
Brown (Phaeophyceae),Ethyl Acetate,3,14.184796758746884,66.64995427684427,53.43789896624204,70.1268581728772,76.21035068817031,78.94455238511087,20,6
Brown (Phaeophyceae),Ethyl Acetate,4,14.720990534032271,77.1263682707523,69.51241399785374,67.06418009092465,70.29769746543482,81.42657612745009,20,6
Brown (Phaeophyceae),Ethyl Acetate,5,8.50798697635887,47.2316332477739,26.616751424595066,32.14711375242948,51.013722335539484,54.59148649338537,25,24
Brown (Phaeophyceae),Ethyl Acetate,6,16.262194869057588,70.47038328402483,56.161409787956714,65.2719974004462,71.64393427260968,84.17225483727172,20,2
Brown (Phaeophyceae),Ethyl Acetate,7,15.201041436270106,66.0387186124932,64.85226958569207,55.85019866610486,70.80819818655824,79.29308271588395,20,2
Brown (Phaeophyceae),Ethyl Acetate,8,9.550559985146448,44.4001047599697,40.184659719509895,40.65399314836911,59.30030110407578,52.442182587510764,20,2
Brown (Phaeophyceae),Ethyl Acetate,9,11.068311669467988,36.04055803005593,40.384490306007535,46.75406586846596,46.012840139250486,71.79685129159999,25,24
Brown (Phaeophyceae),Ethyl Acetate,10,11.305186673811345,64.11895951561868,48.92390204136834,50.07337279836484,51.75574880134584,61.913486362205234,20,6
Brown (Phaeophyceae),Ethyl Acetate,11,16.956385009149578,56.42188883384469,51.46853122755956,65.00999990081644,73.22052833715863,91.7464262431447,20,2
Brown (Phaeophyceae),Ethyl Acetate,12,13.219261594082425,58.44999727269768,63.52391766410212,65.15123045778343,61.458328111521205,78.45381984199831,25,24
Brown (Phaeophyceae),50% Acetonitrile,1,17.337935790296388,74.78742659875245,75.7142150465907,67.58623138581075,76.62195653084417,100.0,25,2
Brown (Phaeophyceae),50% Acetonitrile,2,9.167383614379744,35.03152261309571,31.525702258642042,36.10965662481084,42.77550094402958,41.8945920572295,30,6
Brown (Phaeophyceae),50% Acetonitrile,3,13.564525903067524,58.484839808203034,77.48809213803047,69.41405729528742,59.877573026382,73.1486448468089,20,2
Brown (Phaeophyceae),50% Acetonitrile,4,13.072388008435121,48.12433424431981,55.14017711076276,45.349593130544626,60.577276936966,60.94945593423636,25,12
Brown (Phaeophyceae),50% Acetonitrile,5,14.23407662506923,69.19586710869439,63.089582857819565,60.55707764396281,55.15424639405437,85.9608405708814,30,12
Brown (Phaeophyceae),50% Acetonitrile,6,14.119364910194452,72.62328761055754,59.679881308403644,45.83060313909439,62.75717453178087,81.52686512437157,25,24
Brown (Phaeophyceae),50% Acetonitrile,7,18.3588961414238,81.51758814528911,85.36370421986314,77.59355242677603,77.8109197432911,100.0,20,6
Brown (Phaeophyceae),50% Acetonitrile,8,22.321380455564565,100.0,73.45968331748618,71.79775909830575,100.0,100.0,25,6
Brown (Phaeophyceae),50% Acetonitrile,9,12.552376600124965,57.36429298978434,57.547908245553,50.716514117259905,53.987909561326035,65.87279425120953,25,24
Brown (Phaeophyceae),50% Acetonitrile,10,14.382988806761876,61.5471584093865,78.92284821394443,60.082329924124615,73.36921821971033,75.88133687117958,20,24
Brown (Phaeophyceae),50% Acetonitrile,11,15.962129968441857,68.76715578901396,44.66858392524123,51.635675001543696,57.48424823148057,68.65121154982167,25,2
Brown (Phaeophyceae),50% Acetonitrile,12,12.933923077105694,73.42448858488186,55.220333444752185,63.18195024866575,63.998406159031966,79.35475927042594,20,12
Brown (Phaeophyceae),100% Acetone,1,11.457309014086277,59.72429374313862,55.37358089194133,44.38625058236333,58.37569477718549,68.77319776401508,25,24
Brown (Phaeophyceae),100% Acetone,2,12.511342136609754,50.92671926157883,43.975079928117324,53.552809088089454,60.76292017830405,62.96612936545552,30,12
Brown (Phaeophyceae),100% Acetone,3,14.239756023978298,71.28494658633836,64.47081176681233,71.28620298794797,74.97412488724922,69.17630319552799,25,12
Brown (Phaeophyceae),100% Acetone,4,19.21075862861407,79.43707429701315,83.0190281500742,74.38349859675478,77.92637111952493,82.35035244874315,30,2
Brown (Phaeophyceae),100% Acetone,5,13.645306469350958,51.95489301727958,65.22002388551596,68.98430499216498,56.15967219418256,76.95238505944324,20,2
Brown (Phaeophyceae),100% Acetone,6,11.983825433976076,52.711379317467006,57.70843215473748,50.63809728045386,69.95822804816937,62.938535706751495,30,2
Brown (Phaeophyceae),100% Acetone,7,17.15800899742347,77.9350066571596,75.20121075607405,64.50129699444634,74.48994337798183,88.33456311965448,30,2
Brown (Phaeophyceae),100% Acetone,8,11.65182865546264,61.64927747503154,55.47737334906175,54.47134214604823,66.99092027682522,76.78701109036638,30,24
Brown (Phaeophyceae),100% Acetone,9,13.035165930452596,65.00621822980696,50.34436871232989,54.91195989568132,55.399633510490446,84.71127190951347,30,12
Brown (Phaeophyceae),100% Acetone,10,15.25109445102889,68.74598323345505,72.4372787660709,44.83232636130473,52.30415384471251,87.91421432487847,25,24
Brown (Phaeophyceae),100% Acetone,11,14.341405344352106,69.1103887192874,49.25863967213121,59.026028828374706,81.16116364990613,84.22697501159979,25,6
Brown (Phaeophyceae),100% Acetone,12,14.669119635428439,64.82831539327671,57.81408333548187,43.267075716502404,68.39184808048209,85.82472866732262,30,24
Cyanobacteria,Water,1,16.073142018488156,60.80784328333387,47.825937033677135,40.34932020283054,63.522523326282304,61.44199362220576,30,2
Cyanobacteria,Water,2,22.642811315071192,89.87416907478752,70.40132664984301,41.13129811308225,72.06091912023902,100.0,25,24
Cyanobacteria,Water,3,12.466017157814283,50.9779461659867,36.98747267258747,45.53338674979495,45.9136703253174,66.76397171369881,20,2
Cyanobacteria,Water,4,22.49638125750728,98.20191942979572,70.50056179274047,63.74443692931221,67.83566375566538,100.0,20,2
Cyanobacteria,Water,5,18.51847345578591,68.92432426435201,63.22187191229837,40.88627620241136,71.90368337316484,94.49742550173659,20,2
Cyanobacteria,Water,6,21.678801470491877,68.89998971888934,69.49189993691107,65.28980957461349,62.87766145766827,87.85143670947181,20,24
Cyanobacteria,Water,7,23.42963081224456,87.73657407466987,77.20215453977494,77.11291162541674,85.43442325636433,100.0,20,6
Cyanobacteria,Water,8,28.93223658165498,93.91958603946846,76.20650278103636,72.97147846175334,94.79513153456752,100.0,20,6
Cyanobacteria,Water,9,17.70280894133546,89.54549658582437,63.99056971642105,45.82661964631339,75.1638772087449,83.11480567099557,30,6
Cyanobacteria,Water,10,20.041355661046506,82.03258409817171,56.62647009661282,59.209672993414294,89.31374862457997,95.36098626095348,20,24
Cyanobacteria,Water,11,19.671363688649606,72.50545235653024,62.83926191320128,53.649967375585874,70.05973803789198,97.81320332854474,25,6
Cyanobacteria,Water,12,15.600372690373051,71.48275208972427,52.74197516441028,49.98776533023731,52.63508696452815,86.95884598239128,25,2
Cyanobacteria,70% Methanol,1,21.41690488051562,86.45158694462447,56.71793998114077,68.29086346908684,78.88479534027823,79.55264566497027,20,6
Cyanobacteria,70% Methanol,2,17.607107848687555,71.77130777524935,64.61631694936028,55.31163223021559,68.44998707236341,92.5487649586266,30,6
Cyanobacteria,70% Methanol,3,21.358101729732038,55.70010970455162,66.17560710153282,60.232427357130966,61.49634641025988,92.98605270435478,30,12
Cyanobacteria,70% Methanol,4,21.42627331723152,70.10431407848881,71.54640494234576,54.3485221816204,70.291779064284,100.0,30,24
Cyanobacteria,70% Methanol,5,16.052326539664524,67.93005562349376,41.15852852026648,65.17386563910749,66.5022901250992,73.87795118199227,30,2
Cyanobacteria,70% Methanol,6,19.406639529999683,62.507735133030586,73.9370512404822,55.16140997160187,69.22297056665919,82.6104884060606,25,24
Cyanobacteria,70% Methanol,7,15.938045791763246,69.43662432616414,57.86698150175244,55.21293819220761,61.27164161266508,79.02940277701629,30,2
Cyanobacteria,70% Methanol,8,16.423453768224885,83.20431376984484,44.57584564151068,61.25049806962638,73.71338732738374,69.85086608816627,20,12
Cyanobacteria,70% Methanol,9,24.36782083166792,93.11602952451906,82.17772914710135,66.87360724485288,80.03208812736537,98.19939724583304,30,6
Cyanobacteria,70% Methanol,10,18.85159178895855,83.52234237081038,64.6397817610728,49.308463811935866,76.03602921424715,92.18474753566926,30,6
Cyanobacteria,70% Methanol,11,19.64397858534336,80.36749862895022,62.848723928140885,50.8044767826081,64.50268043301487,74.183959206563,20,6
Cyanobacteria,70% Methanol,12,18.390845834637847,70.39003716517841,58.57251111888077,31.972584894449817,58.256705275477884,92.31001719804206,25,6
Cyanobacteria,70% Ethanol,1,14.646121999810607,62.08728752579777,40.81638006701401,58.983390074781006,55.81627417865117,71.57614118095636,25,24
Cyanobacteria,70% Ethanol,2,23.617339375645056,94.98255737842061,70.23753541984127,61.69139049051786,77.12022227122063,100.0,20,24
Cyanobacteria,70% Ethanol,3,16.324327597247386,61.29538762005257,68.28964521838434,50.77381111395494,80.42170104211172,76.12886746030004,30,24
Cyanobacteria,70% Ethanol,4,21.995955182674184,82.22272200173688,77.3345100167958,57.84418859450358,69.53921862727515,96.5187482145202,20,6
Cyanobacteria,70% Ethanol,5,19.605659727395945,73.93199312644957,54.29116014264611,48.14477263938254,59.415116266146654,71.96876552757254,20,12
Cyanobacteria,70% Ethanol,6,16.968456078341262,75.37123584428706,58.12373272128007,35.13861760170231,62.34023910980976,76.33902004917721,20,6
Cyanobacteria,70% Ethanol,7,22.92799625067632,69.75131705107303,68.29894798073418,78.92715852102168,81.93623122277056,99.73899632350172,30,24
Cyanobacteria,70% Ethanol,8,16.983753311071634,69.05517925178498,64.49119395595467,46.781926714091675,70.93384934954616,66.70973281655087,20,12
Cyanobacteria,70% Ethanol,9,17.625103918494617,69.69250522402058,54.96040726756584,54.55737712764999,60.70630997498177,71.28072534924299,25,6
Cyanobacteria,70% Ethanol,10,15.579155775159068,53.340103015832085,57.1295224032073,40.654231409030686,65.52171461862793,63.277691043851185,30,6
Cyanobacteria,70% Ethanol,11,14.941115253256982,55.15750371438098,63.3780868607112,50.879283086712974,56.19048580578112,74.35897290150777,20,6
Cyanobacteria,70% Ethanol,12,10.318422958010936,43.564555620385654,54.50459515252018,36.26931986903835,42.795962734735035,55.751002677247016,30,12
Cyanobacteria,Ethyl Acetate,1,13.086815729943037,34.94009566940254,32.369234436941056,48.783172350271485,43.9278209870283,69.05400569215894,20,12
Cyanobacteria,Ethyl Acetate,2,9.454476830344328,22.803009684043424,24.307218678021556,13.410903244972637,35.44926988224135,42.51407088709555,30,6
Cyanobacteria,Ethyl Acetate,3,9.126611870654306,45.695748952543696,42.946403668408756,32.92175550543397,19.0605493844833,47.56267678028972,20,24
Cyanobacteria,Ethyl Acetate,4,12.066080685525726,50.00107886903612,50.625189671467425,34.6428755630087,62.407840739567156,46.979416228812696,20,24
Cyanobacteria,Ethyl Acetate,5,12.647668781602565,35.97669821836211,37.08581429814163,57.89576796444645,46.1513941953204,63.61618258078164,30,6
Cyanobacteria,Ethyl Acetate,6,11.110866166157738,43.39557196214694,50.72251608859501,39.024323822172,28.883451419386844,44.44460205605692,30,24
Cyanobacteria,Ethyl Acetate,7,12.053575186105082,50.64764534731817,30.198749244892795,38.12756440392114,41.642712390389676,51.682351617967015,30,2
Cyanobacteria,Ethyl Acetate,8,6.272259234195346,21.02310778932737,17.61618510677866,30.268586983307316,31.871795225848068,28.791104487715145,30,24
Cyanobacteria,Ethyl Acetate,9,9.223880612387806,38.54561163279525,27.15099456318951,25.444594193906646,28.968792036664546,37.96164439518304,25,6
Cyanobacteria,Ethyl Acetate,10,6.909578600623187,29.869232805954432,31.55320609037596,13.733013202056645,28.059467114843414,31.099183421338463,20,12
Cyanobacteria,Ethyl Acetate,11,11.424526056610409,45.22426139031642,29.16620014217757,31.829074279151918,44.429965851446276,60.35718462338097,20,6
Cyanobacteria,Ethyl Acetate,12,3.757437886870992,18.578462411074934,23.74836083769721,13.402494030062918,19.818953496557263,12.559994591379217,25,6
Cyanobacteria,50% Acetonitrile,1,14.20190140216937,43.68998024396362,31.365162493412974,55.210518084441844,46.870593301647716,62.27435315575994,25,6
Cyanobacteria,50% Acetonitrile,2,10.40067324018942,32.108288224535016,36.99103126584839,30.667747945044898,44.951639213238415,54.100629926393744,25,12
Cyanobacteria,50% Acetonitrile,3,15.522548938973822,62.73435595468838,66.42936261741659,42.63459208211517,58.33905700825853,79.82970611125826,20,2
Cyanobacteria,50% Acetonitrile,4,18.35361942801411,57.59143233972462,58.5091355164864,68.88886188489101,70.70921865135561,81.80085930637881,25,24
Cyanobacteria,50% Acetonitrile,5,13.90694591969603,52.62400052246905,51.57388259499233,44.839282901195894,53.47944792373259,65.42709118068811,20,24
Cyanobacteria,50% Acetonitrile,6,12.525785414519504,55.29020952719952,68.45868850776198,28.720671999939004,51.907812125085954,53.29361504945173,20,12
Cyanobacteria,50% Acetonitrile,7,16.29220773255775,63.51853015528962,61.95482351846796,62.531756047246574,62.56033117340513,82.52444248624298,20,12
Cyanobacteria,50% Acetonitrile,8,7.527106318633969,44.94727070975433,31.50603581159261,35.73399279367575,21.380196529785394,30.844821057710803,25,12
Cyanobacteria,50% Acetonitrile,9,14.997814882434323,59.06118442576286,54.63155691295064,58.48169974696352,43.08350187965883,76.66455250062279,25,2
Cyanobacteria,50% Acetonitrile,10,14.584845729873782,56.25982918351967,39.44153711214661,52.72998892725679,36.62899728105809,72.54003836658703,20,12
Cyanobacteria,50% Acetonitrile,11,10.083682493581025,42.62857080248518,36.37822132197448,44.86187639359358,39.35144330082457,43.54602427705575,25,2
Cyanobacteria,50% Acetonitrile,12,13.040191912086392,62.98139319341142,50.99659167643194,41.336632900653505,49.129892773544455,48.891410739242076,20,12
Cyanobacteria,100% Acetone,1,13.645422602554623,39.69803851044385,53.991502507592365,48.47888230346622,71.29051491648109,53.41101922017509,20,6
Cyanobacteria,100% Acetone,2,12.172013726878102,63.2281123929729,53.10567380359155,37.5260189864094,49.19702636594103,56.519266152295515,20,12
Cyanobacteria,100% Acetone,3,13.325867602182472,47.14040103833607,46.32872944393861,33.74191440326986,52.25995436097658,64.60135807456422,25,24
Cyanobacteria,100% Acetone,4,11.797741762068348,34.62438990401118,50.32567185977976,44.8674917998449,40.33829986388492,52.758000831034295,30,2
Cyanobacteria,100% Acetone,5,7.977991791654484,25.174520595319876,25.475744005578406,39.278367925485135,27.28007444286851,43.73524447923877,20,12
Cyanobacteria,100% Acetone,6,10.86505139141526,46.221973339188466,38.33642176290825,46.01832884695383,38.65877294508461,38.59752259390271,20,6
Cyanobacteria,100% Acetone,7,8.334152905909102,30.510115289124336,21.023474223797557,33.95681545543617,30.016485944135113,59.215342188433354,20,6
Cyanobacteria,100% Acetone,8,7.266856214588604,32.20056553637944,18.250949436560468,23.02764231226301,30.803694125581234,16.764058536208857,25,12
Cyanobacteria,100% Acetone,9,13.190478350364083,67.50566333077586,43.01659881466898,48.20999547142865,58.94405942368623,59.17193698649713,30,24
Cyanobacteria,100% Acetone,10,10.737119434405551,25.570884734892665,44.18367686089182,37.721219749815894,34.387752919306486,51.65649489624771,20,2
Cyanobacteria,100% Acetone,11,10.728958929581456,39.51985620012283,43.87975216713711,27.893468870333102,50.83910326560631,39.42809206159738,25,24
Cyanobacteria,100% Acetone,12,10.491895774934209,58.27015703563168,47.280401435904224,38.62193854269798,34.10097553899818,45.37971686998604,30,24
Diatoms,Water,1,21.819825943757092,86.88396604228073,74.0499336306157,62.72336183900939,80.93315293394284,90.79045578636455,30,12
Diatoms,Water,2,20.050467773517504,89.26517612779715,59.82675699332492,58.082234959251124,71.66523482501277,97.7386568939786,25,12
Diatoms,Water,3,20.43410045679955,94.81068646571462,75.72717458681423,49.86305623444942,84.58901864128518,91.88369268598755,30,6
Diatoms,Water,4,19.8690108858674,83.95774747370368,66.40678023052652,66.37717039447215,71.5489695792465,91.30420385808792,30,2
Diatoms,Water,5,19.630887319355676,76.2573125005761,78.56017004715122,63.78122306700345,90.7900458246304,100.0,30,12
Diatoms,Water,6,18.50784890420298,78.09740146827069,57.55162112791595,50.16755145048832,68.96911343807737,83.1739091746648,20,24
Diatoms,Water,7,18.44433818130476,76.19045021292801,57.06396990657741,62.98772493934837,66.48702761260948,100.0,20,2
Diatoms,Water,8,20.245846647106816,83.05836886771519,60.87192174768975,73.63580877947841,87.68904100914853,99.854323376882,20,12
Diatoms,Water,9,17.559592353661305,76.32958134267363,55.4940370908009,65.9855667047881,77.72488388838948,88.97943977802888,30,12
Diatoms,Water,10,14.290873010258034,55.77273598629432,60.463962348061,55.986752308742744,69.62069213406878,62.474880491374286,25,24
Diatoms,Water,11,22.504656920438713,96.3831922639602,62.9570582076074,64.12517880944812,86.43803378528729,100.0,20,6
Diatoms,Water,12,16.043514433796396,67.13590559660736,57.61284378826646,49.5365047470341,62.06365132483312,78.87766424711948,25,6
Diatoms,70% Methanol,1,18.240881152959066,78.18103964460548,62.78861545091552,55.145401889934504,72.41550649480304,72.17936466768337,20,6
Diatoms,70% Methanol,2,19.791105381679372,79.01073751930807,69.36357769598868,69.53191691229246,60.25426217030537,76.88608519238632,30,24
Diatoms,70% Methanol,3,19.181411535970557,77.27956801388784,68.94050916174706,56.83505923132334,79.57955526628034,98.16887811114346,25,24
Diatoms,70% Methanol,4,19.81194688185458,76.98505749745331,52.23383595421106,68.04411052918287,85.70481671919771,97.89942512922316,30,6
Diatoms,70% Methanol,5,15.72107271789748,72.17178881585076,65.23997642835104,64.74104465127216,57.12002069247326,76.51611963343046,20,24
Diatoms,70% Methanol,6,20.601816153430363,81.62456941038681,61.986187654948914,66.84583626391765,82.57072697888657,95.90224288354179,25,12
Diatoms,70% Methanol,7,19.018754781539833,74.80994499784387,79.00606206291843,52.96890970505431,69.12739744661992,90.25974226263027,20,6
Diatoms,70% Methanol,8,20.996862083102677,70.2004047792201,61.32858841391192,48.02082543553368,79.17681728691004,87.44152974802088,30,2
Diatoms,70% Methanol,9,17.20634966994625,76.81862723146726,57.370749449654895,57.83564537267531,66.29184884959628,89.27143802448985,25,12
Diatoms,70% Methanol,10,19.785384202044025,73.46426779144173,67.68326675072544,70.18385376092502,79.00891228751097,81.4828739939278,25,12
Diatoms,70% Methanol,11,20.326854183514147,71.76962559592167,81.59682174474395,71.15910156630501,79.57028905616534,95.61334945042555,25,24
Diatoms,70% Methanol,12,17.73290323191774,78.5602899164672,60.93892596713025,59.125804133961296,77.20279363183955,81.28198071077664,20,12
Diatoms,70% Ethanol,1,15.431421780027918,55.64790664891623,48.690474974464266,37.6581261127181,68.58097663722437,90.74632559462704,30,2
Diatoms,70% Ethanol,2,21.555986830410916,69.78780457783948,78.44103251657411,77.77025496337323,76.01760515087243,97.66783963736643,25,12
Diatoms,70% Ethanol,3,11.25632084758599,52.24641016632896,35.458167791823875,41.781648727385,35.73185892340041,62.965059965556264,30,12
Diatoms,70% Ethanol,4,20.35353802628007,73.49880058121981,60.886452095598855,46.71370580460014,74.62295990139856,88.6563588549236,20,6
Diatoms,70% Ethanol,5,12.626941762955838,58.9596723170514,44.94932723555002,35.76693678986732,48.81081010571143,73.30255669872655,20,6
Diatoms,70% Ethanol,6,19.08881083126567,75.31629915175881,71.94487043893058,51.94197934625018,73.73409080262914,90.50128569884079,30,24
Diatoms,70% Ethanol,7,15.870490474503821,70.12855980056788,52.22799518832075,57.52022523388089,68.54486165825666,54.62467138839195,20,12
Diatoms,70% Ethanol,8,20.850917110530354,56.661671107078114,66.17513648970868,73.1898803923782,75.44622153995986,83.07521706578723,20,12
Diatoms,70% Ethanol,9,13.99878881484999,68.51805919179256,37.53514894027285,57.38795827754847,57.58641857148447,61.00375093600981,30,6
Diatoms,70% Ethanol,10,15.530654783091927,57.39341297196917,64.42416308019608,58.408032426843235,49.305042867480246,73.43041168294914,20,6
Diatoms,70% Ethanol,11,14.690443012967169,73.05361936805316,44.21444464645252,63.116576872689045,60.07293492611522,64.05817487091115,20,12
Diatoms,70% Ethanol,12,15.248177447972168,58.1797257768446,46.47398594216155,52.55462905477072,52.331892606778496,58.11831454114197,25,24
Diatoms,Ethyl Acetate,1,9.66097058745548,26.825195324346,31.105953461579997,30.881618419685537,33.247115197090324,63.442956442763645,20,12
Diatoms,Ethyl Acetate,2,10.969234701508713,48.176841632987625,27.381299834184116,37.51612797485272,46.780947761531436,44.949723291874655,20,12
Diatoms,Ethyl Acetate,3,13.524188530553957,45.67506843812017,47.47604792587417,46.46097992112432,55.22879037225053,58.46721671928426,20,2
Diatoms,Ethyl Acetate,4,9.98731911878719,40.6166245355456,32.37999668366213,43.19849132251367,43.35013063672465,48.17260349820956,20,24
Diatoms,Ethyl Acetate,5,9.508624999614126,47.02914106035497,34.70443598406205,35.15395135237288,40.47788933489513,60.32800060239104,20,2
Diatoms,Ethyl Acetate,6,6.778931375936389,35.80540462373407,11.536525241457271,29.161243534173387,41.5060483631788,38.00288009692338,30,24
Diatoms,Ethyl Acetate,7,11.311875235619379,42.99671429802052,42.98065664750904,41.9027842715849,40.005489433783154,52.283351631912936,20,6
Diatoms,Ethyl Acetate,8,11.39514348187932,41.648140418520036,36.55703470461117,33.31998869352038,49.7170302513072,59.31634460751641,20,24
Diatoms,Ethyl Acetate,9,11.494981332709553,55.87246925892692,44.03893588203366,47.67585991724133,49.37802708927066,54.64145095931657,20,24
Diatoms,Ethyl Acetate,10,9.207534515611059,57.19378706699033,31.916901687761474,31.19250199114243,41.96563057473952,47.41748638411334,25,24
Diatoms,Ethyl Acetate,11,6.585625357169018,37.82100759887459,25.202066803321543,17.789164183461565,37.62886493813655,38.170923369488605,30,24
Diatoms,Ethyl Acetate,12,7.006374024156258,44.80925879123387,32.80299540918441,28.215842438983803,42.54875161241701,36.45494775018501,25,12
Diatoms,50% Acetonitrile,1,15.035750774687905,57.39156911072353,60.09716162579075,56.543327377088964,60.682191012477254,66.59886277200948,20,24
Diatoms,50% Acetonitrile,2,15.509789562498222,63.66875301188845,46.148524521421294,42.26276117569243,66.58687992901227,53.91070443205044,20,2
Diatoms,50% Acetonitrile,3,15.73623158088378,61.13307189483349,67.92858578611136,50.704195973169064,68.04753240502326,72.40051714683376,25,2
Diatoms,50% Acetonitrile,4,15.461244460458431,69.96425445045081,52.97647467982948,61.87711881416425,53.96379199671146,76.89921414983182,20,12
Diatoms,50% Acetonitrile,5,17.88791916836356,76.81353361588889,78.61095803988415,54.07669649167859,58.09267122957095,75.2714852423228,30,24
Diatoms,50% Acetonitrile,6,17.101327699645314,73.18974529780829,62.039065659641814,49.24284994915892,73.0122399166051,70.72130197746917,30,24
Diatoms,50% Acetonitrile,7,18.5968487471307,96.41429872041314,67.99930919994806,66.54990587216815,67.1365115526535,71.09646411948432,25,12
Diatoms,50% Acetonitrile,8,13.311841910909333,48.01401392190971,38.6322343335296,61.53131114112119,57.02997873069965,69.07229177889903,30,12
Diatoms,50% Acetonitrile,9,14.192932904411252,58.45058169603693,60.64608461862396,50.0820305130694,62.06547276127704,68.04600016556404,20,12
Diatoms,50% Acetonitrile,10,14.093541327803859,48.236649400825854,36.80551298912978,47.96083881544538,57.94180290062755,58.92757018520015,20,24
Diatoms,50% Acetonitrile,11,15.016575404896102,63.04048831668489,38.13811901665957,45.356079008938764,63.76149591125363,75.94134104039733,30,24
Diatoms,50% Acetonitrile,12,11.658975250800719,51.96582759891853,53.027703706082804,48.871355590730616,48.22976602205704,55.24164551826526,30,2
Diatoms,100% Acetone,1,11.071966546996487,51.26956449420703,43.96237655979613,46.97082578199093,47.184143611459874,61.53233449738456,20,12
Diatoms,100% Acetone,2,13.243777598873102,61.7057078853067,56.417229537629595,42.47102062548373,39.3328046590445,76.47076032299759,25,6
Diatoms,100% Acetone,3,13.729976192136785,43.394936303827556,45.24125711606878,56.5668973987791,53.19367871673937,61.972892657211595,20,24
Diatoms,100% Acetone,4,17.1626455809389,59.67819382089188,54.33183863079049,61.74093679329411,69.17846894862983,82.7027632654274,25,12
Diatoms,100% Acetone,5,15.693714133706841,65.1631867007493,60.633549491037094,54.02152392721213,62.206304227799784,74.40731082047873,30,24
Diatoms,100% Acetone,6,13.605294407457109,62.86272215461888,55.01076090801029,50.36762163551628,48.54226629401798,66.11513120064777,30,6
Diatoms,100% Acetone,7,12.87594664531277,55.67935103714416,65.94813142061449,43.57502224105709,55.920037069328544,71.17318684226174,25,12
Diatoms,100% Acetone,8,13.25400574229815,74.16668781784233,46.45820865307285,51.53147277661774,47.44218893871925,61.35195280519552,30,2
Diatoms,100% Acetone,9,13.706801731189975,63.80178714367432,53.43367311056443,60.39470230515949,54.59423937678839,63.32010125280827,25,24
Diatoms,100% Acetone,10,21.07195532183816,81.6745427777553,64.29687688689646,63.72880894514992,68.6697716311972,98.33015981451949,30,2
Diatoms,100% Acetone,11,11.866868121320275,51.50939913199593,44.5373760822753,50.402379845948694,42.231531897591175,49.80599936336369,20,6
Diatoms,100% Acetone,12,13.632891921544784,61.585089305902365,53.314618971208475,43.62208930984184,60.52736979361366,59.73278879244842,25,24
Dinoflagellates,Water,1,19.635384065640853,71.0792719952978,78.31777150141635,62.25348155954521,79.8967153715469,100.0,25,24
Dinoflagellates,Water,2,29.637947744716172,85.74530647549778,79.9549505724741,67.37541045880674,88.09350763195481,100.0,25,6
Dinoflagellates,Water,3,20.301040807833907,70.68589694085506,72.13287560394639,58.89993323555277,80.61155931477181,99.10214094230729,20,6
Dinoflagellates,Water,4,23.00902056028003,84.06828955464627,92.15349539995611,65.18858424039301,68.19861207145544,94.86483891024164,20,2
Dinoflagellates,Water,5,15.978491032916555,67.7998608645351,57.46021697099007,45.46072811231317,80.67308437455947,84.35508024781714,30,24
Dinoflagellates,Water,6,23.378295084339005,80.43542058537363,67.90666638250185,64.21008653016507,85.27333794754144,89.01242658634217,20,2
Dinoflagellates,Water,7,20.6590789314514,81.46692785086111,68.53938269972134,52.65967756513429,73.34014467850973,94.73117785526763,25,2
Dinoflagellates,Water,8,21.472400070830147,88.25137519426035,80.68538637339152,58.309249145495315,75.97229103157585,100.0,25,6
Dinoflagellates,Water,9,23.032534749232564,83.63524358640868,81.55351572468916,71.18857149468761,93.48284572990916,100.0,25,2
Dinoflagellates,Water,10,18.600751584021687,75.83689141072581,65.48969470864239,54.28865198706046,67.0895248457271,77.60951984404727,20,2
Dinoflagellates,Water,11,21.478038338087014,77.280148767435,72.7385336110968,54.32182915282248,70.83759118416273,100.0,20,12
Dinoflagellates,Water,12,21.65276458041949,88.49143123008723,89.90901621001716,63.20535294751932,83.92613980241825,90.4834440030393,20,12
Dinoflagellates,70% Methanol,1,14.159277678390875,72.45757928386594,44.86288360030002,38.450564584191405,57.10711952904837,69.41178252068882,20,6
Dinoflagellates,70% Methanol,2,15.312480480670125,61.2266617510046,65.46877061331605,43.38443410303171,49.988260131592966,82.21494673672197,20,24
Dinoflagellates,70% Methanol,3,19.49689073581411,71.1527077883176,53.85599196867526,53.62045943920367,72.65588816336316,98.60262459351087,20,12
Dinoflagellates,70% Methanol,4,14.910254075391029,61.66143245588261,59.87372555949195,29.742135006060668,68.13185502056137,63.65598172375771,20,2
Dinoflagellates,70% Methanol,5,19.015986480370803,76.78618238460248,74.05042063686491,62.96407789267411,52.82286009455149,81.46939225694294,30,12
Dinoflagellates,70% Methanol,6,18.43461538805984,71.63276446051299,67.77890856586318,63.603535690855026,75.15303458964468,84.13319994983198,25,12
Dinoflagellates,70% Methanol,7,12.48098896663856,50.18309929007606,50.36664385581739,33.407328542928866,56.73916081867331,70.40062427304294,20,24
Dinoflagellates,70% Methanol,8,18.400600928887528,48.58609356870336,53.64919112330964,72.3027641731983,65.82067115383896,69.86133766029435,25,2
Dinoflagellates,70% Methanol,9,21.725742164930818,81.85057290609629,80.26979105414156,66.19732579943064,82.16537093878608,98.78106356868095,20,2
Dinoflagellates,70% Methanol,10,20.112464935763,95.95849679902788,75.69890559598328,48.204441591684315,78.22457920061443,100.0,25,6
Dinoflagellates,70% Methanol,11,21.62810241960844,78.09850587189186,80.54675954608535,71.22170747136796,98.85388505100522,89.60441498771063,20,6
Dinoflagellates,70% Methanol,12,16.497798270798725,64.99873648309179,55.01615653256014,45.67183346849964,42.66728783752373,75.63160938107298,20,24
Dinoflagellates,70% Ethanol,1,18.068074179099714,67.52647644882927,78.18983590971891,57.419660776203386,79.10341757084487,85.70041189048779,20,12
Dinoflagellates,70% Ethanol,2,19.439221929679775,77.48618466528931,76.97347948678825,60.7913019696891,76.38151026706615,90.96160004461336,25,12
Dinoflagellates,70% Ethanol,3,16.095143625618043,68.80710658105252,75.40107173144867,50.41433467569574,66.44873139777712,86.76354062277849,25,12
Dinoflagellates,70% Ethanol,4,20.38075984283284,77.79039573322163,49.10071856885435,66.437551542345,57.0089207228043,100.0,25,24
Dinoflagellates,70% Ethanol,5,17.468421613579782,77.73333881360101,53.96653578964719,43.50027479513856,69.19043657097613,81.30907234047834,25,6
Dinoflagellates,70% Ethanol,6,15.485377521528504,64.30755491203976,77.96604009809319,57.700473215038315,69.62511145020957,81.18689908154032,30,2
Dinoflagellates,70% Ethanol,7,21.39838643155658,78.68239410437485,53.92866403241854,62.805011279766724,83.67032609254977,86.06393616417394,30,2
Dinoflagellates,70% Ethanol,8,16.43090214853201,61.077089905816365,70.45817788299638,59.41033600283708,69.30994082065314,82.8954023293029,25,6
Dinoflagellates,70% Ethanol,9,16.84825224234362,69.46703411175545,50.07939409340933,36.94581914528331,66.52547501310559,82.00641636706766,25,12
Dinoflagellates,70% Ethanol,10,20.587793705276134,90.78857711909707,81.18511830367785,54.73770465164183,72.44815179799326,95.34284826529941,25,6
Dinoflagellates,70% Ethanol,11,24.555714033226533,98.96130576098432,85.39109831682087,66.75848438540005,76.76734858651226,100.0,20,6
Dinoflagellates,70% Ethanol,12,13.658016207296921,55.603415040124304,49.539457953842216,58.860532534465214,52.50310456210188,47.7629116192292,25,6
Dinoflagellates,Ethyl Acetate,1,12.113333942987406,43.44331407098764,44.47298820173912,44.66418962189563,45.61996970688143,62.713536884469534,20,24
Dinoflagellates,Ethyl Acetate,2,6.0014053649418795,21.538710400207126,28.57964508479686,18.836534182098912,12.162499920686182,34.874490575872194,30,24
Dinoflagellates,Ethyl Acetate,3,13.969283891324618,54.910151723144374,34.05633725810332,56.77261285405732,40.60925749832371,66.03102460671701,25,2
Dinoflagellates,Ethyl Acetate,4,7.937608525773522,24.211382354624845,26.60580684004699,29.51195894128545,27.49917822164997,43.22323736259585,30,2
Dinoflagellates,Ethyl Acetate,5,9.2617918646235,46.471586141540094,37.0164385764968,30.152347077782643,30.73678861830309,31.244597651010828,30,2
Dinoflagellates,Ethyl Acetate,6,11.472199533600469,43.94364191651857,23.124743840568385,38.986097640284534,38.402561503126584,66.40281437607413,25,24
Dinoflagellates,Ethyl Acetate,7,5.491664164320072,12.03501938228049,30.089000346983227,32.65249410635316,17.016816625843965,22.04401306470457,30,6
Dinoflagellates,Ethyl Acetate,8,12.44870618965994,31.577923124560158,30.285699874065926,44.18425018080775,61.338977991652584,54.23808901980712,25,24
Dinoflagellates,Ethyl Acetate,9,10.902810375205465,53.805751456292484,57.11697141442751,36.76549169491036,43.48235755401847,66.02219463789018,20,12
Dinoflagellates,Ethyl Acetate,10,6.033402174425716,34.027198817460665,15.079370968837017,24.690837920878092,23.220434117502144,22.01343998537477,20,12
Dinoflagellates,Ethyl Acetate,11,7.650694217025176,34.564597954175866,37.08226936143271,28.88889718662687,32.105356234007914,41.775668026496085,20,6
Dinoflagellates,Ethyl Acetate,12,7.685143680961122,38.40773385738131,35.79591918754811,50.88243964582536,28.66910542084932,33.69906844524459,30,6
Dinoflagellates,50% Acetonitrile,1,17.146897614721237,74.03899715767753,55.41860152478436,53.55392294088929,69.54404153787155,71.89688204116146,25,2
Dinoflagellates,50% Acetonitrile,2,13.608398035954956,56.973124539615185,57.73277083301488,42.49430203266392,39.62406306593833,50.119357476015786,20,12
Dinoflagellates,50% Acetonitrile,3,11.0617607998816,36.61728622699731,40.44851559910713,30.135400575086663,39.91473062187248,48.63267815749181,25,6
Dinoflagellates,50% Acetonitrile,4,13.51847641745602,66.52854539087984,54.78849406121266,47.20109964562919,50.37741792111132,61.628079125689666,20,6
Dinoflagellates,50% Acetonitrile,5,15.823239409855848,68.16245229605846,48.90249430936916,53.70815589643801,45.09949076587497,75.56083589661532,30,2
Dinoflagellates,50% Acetonitrile,6,17.12644772587606,65.18572167498523,74.17853234876475,49.67892593375987,66.89664067192841,78.1612746564214,30,24
Dinoflagellates,50% Acetonitrile,7,14.539106997669775,58.46355516433299,53.38364976671163,56.74123335619478,68.40171986222953,69.06617144312911,20,24
Dinoflagellates,50% Acetonitrile,8,17.2859482165149,62.277730335893274,66.18583269252652,51.024628066859165,74.33232298443359,96.67470177519718,30,6
Dinoflagellates,50% Acetonitrile,9,14.473748336085825,41.62244018905006,47.9517290977612,59.63138530611313,61.59634704243934,70.82493726994474,25,12
Dinoflagellates,50% Acetonitrile,10,17.866005067864517,73.43086809921746,71.271437401928,65.8754235594031,79.38804284127666,83.79521589060425,20,24
Dinoflagellates,50% Acetonitrile,11,17.555778204481864,66.21443695646553,55.93613779393148,71.43060443922471,68.0900324190984,86.3356395122776,30,12
Dinoflagellates,50% Acetonitrile,12,15.21122004323417,56.86623725727442,54.54333762860479,63.279843638829085,63.92860739900204,57.92900182043258,20,12
Dinoflagellates,100% Acetone,1,12.074266630271536,64.13587305260077,42.78819928851053,29.60574932874103,63.55492783225627,63.16058792059687,20,6
Dinoflagellates,100% Acetone,2,12.509961423561599,48.441677222490256,54.52729327278838,41.02856142567293,59.08692288635863,63.81536870849329,20,12
Dinoflagellates,100% Acetone,3,13.454045776462051,55.81968173653204,47.3615915860915,56.59061798565702,46.12530406956651,50.253583972358115,25,12
Dinoflagellates,100% Acetone,4,14.563320368677424,63.36424961855344,55.867470518677266,54.71565901048807,54.03489223219775,73.76155254973045,25,12
Dinoflagellates,100% Acetone,5,12.583325619736378,47.77225834841055,43.601871286062774,61.755558915146636,36.26967680107052,63.77243901595437,20,12
Dinoflagellates,100% Acetone,6,7.682668717128849,32.264101932777216,26.088109002902293,12.552098896585395,35.267858520496965,35.28652196760555,20,12
Dinoflagellates,100% Acetone,7,6.422380972316269,34.666002590171814,36.415350067264214,36.582281088941215,29.999066510837274,32.70215165714025,20,2
Dinoflagellates,100% Acetone,8,16.70446986268739,78.36379804123048,66.97374934481266,49.73657802790544,64.60652555603761,78.60199252986224,30,24
Dinoflagellates,100% Acetone,9,7.291149093248313,35.29098699442695,46.3190841792952,32.94546143004818,42.395873965540076,37.94625904358228,30,24
Dinoflagellates,100% Acetone,10,12.500345028048535,54.42956338939245,39.3118642323575,37.62455638631134,59.99867012996002,70.41764352442104,30,2
Dinoflagellates,100% Acetone,11,9.74668105323795,49.01909545544065,36.128188398386,39.137678906814386,43.742880457460544,55.704435041496005,25,6
Dinoflagellates,100% Acetone,12,12.968154605589568,64.28261193324364,49.7607904959751,51.759341212839935,44.77635300409406,78.58451997345948,25,24
Other microalgae,Water,1,22.8494747696149,93.82767645168279,63.2413427798312,57.508345305492284,94.02114395913902,100.0,30,6
Other microalgae,Water,2,15.698660795513224,76.14918262111324,54.241301228615086,60.63080002464475,64.05641125181116,81.81558271181468,25,24
Other microalgae,Water,3,24.97686373577495,85.59574801310364,72.18168662000474,65.90124302222674,95.17599727782249,98.99698135538591,25,24
Other microalgae,Water,4,16.435896200332714,76.87241179410542,55.87482091661608,47.97684235318688,52.233495508699434,77.6294724770765,20,24
Other microalgae,Water,5,21.41729811010655,92.09469642937364,66.93842220646013,74.82386246614398,75.32742203093434,94.5781525317801,25,2
Other microalgae,Water,6,26.052072655693408,96.60076509776252,77.55073824509704,67.78372322608338,100.0,100.0,20,6
Other microalgae,Water,7,18.989620462189233,77.76517581820134,68.17526733397013,48.9134582422921,74.10895468223269,92.34807396405402,20,12
Other microalgae,Water,8,24.86062843681021,100.0,77.28423227394606,65.58766534243404,93.64465718892828,100.0,30,24
Other microalgae,Water,9,23.20592045521221,88.24121124057868,69.06048408950537,57.032188580259124,96.4780025650752,100.0,30,2
Other microalgae,Water,10,26.361062281694934,91.38724343359064,84.80374783027413,88.5932927072804,82.69649712930776,97.6767872508953,20,6
Other microalgae,Water,11,25.2997703938617,86.81680727866437,80.52500010143967,63.26267622315747,91.32970600027835,100.0,20,2
Other microalgae,Water,12,20.900179736350083,86.9264661201433,63.89857103008451,55.00146849569909,76.76124704309863,87.04795521709735,20,24
Other microalgae,70% Methanol,1,16.95631705160376,70.94373408637207,57.96603206755815,52.613511869618314,67.05403823624773,76.84907007416,30,24
Other microalgae,70% Methanol,2,20.29718769760063,90.99505729370125,65.76090284009376,66.11271393341315,74.43229750737089,96.17770860197646,20,2
Other microalgae,70% Methanol,3,22.92133859360976,89.95189586102325,60.85964560380418,70.85317425287073,92.33430392179227,98.95871427897073,20,2
Other microalgae,70% Methanol,4,21.210904418353497,76.31254547554926,59.62437295508826,65.18125024551209,64.53126121010038,94.06407919122495,20,6
Other microalgae,70% Methanol,5,22.08452678793651,68.67247912976259,63.12271210120302,57.45272590756369,80.10953774947633,95.53966840786276,30,24
Other microalgae,70% Methanol,6,22.421409145088262,92.37431548283347,78.01027653569213,67.49154289975917,84.51954465838108,92.49489695831107,25,6
Other microalgae,70% Methanol,7,20.795631060669837,71.89420805921142,77.28037628576877,72.7247435251714,79.26850798649197,93.34931929286186,30,6
Other microalgae,70% Methanol,8,19.42492972492902,54.28541316078603,69.85827015319954,59.50083773862062,73.70707138053022,96.1736039841146,30,6
Other microalgae,70% Methanol,9,17.999693235305816,64.01574334526453,62.77856117131566,57.7858373223866,71.15187937576195,87.07800422714465,20,12
Other microalgae,70% Methanol,10,21.34210713475566,73.46976639133248,73.1979120909929,74.62538231611391,65.01786409275928,97.80011151501154,30,6
Other microalgae,70% Methanol,11,16.46786449408087,65.50127657433023,52.59014490218891,52.23338745848185,80.47752252335285,70.18926212076398,25,2
Other microalgae,70% Methanol,12,14.715169992563517,52.28794575372365,68.61158915709456,45.379895616426936,60.00775333842894,70.32240470046294,25,24
Other microalgae,70% Ethanol,1,14.318731364790727,58.883510445208685,72.97838802028443,59.86299026912003,51.648204939253006,76.2638450570161,20,6
Other microalgae,70% Ethanol,2,14.657431682000873,47.71085547373409,62.48370132583457,58.935013619212825,67.9535430236605,68.6778966522668,30,6
Other microalgae,70% Ethanol,3,16.651672797994042,74.39828349586071,63.14342861193015,51.70008438679946,52.86644642766566,80.92628197066317,30,12
Other microalgae,70% Ethanol,4,20.38902891770834,69.42029778028976,74.42227675726026,66.00219533340781,82.02102023266458,99.392072936222,25,12
Other microalgae,70% Ethanol,5,15.068604274223942,50.3687239332677,51.27249586544843,57.875980110403965,56.579522656017716,68.50185617035416,20,2
Other microalgae,70% Ethanol,6,11.687948974226085,65.25102233936397,51.552645895317106,47.23970145162547,57.03844341594861,64.54291591090006,30,2
Other microalgae,70% Ethanol,7,16.419013434461412,66.36383879654375,55.9538011355789,75.34477404012486,69.56751385616137,75.45535120560973,30,2
Other microalgae,70% Ethanol,8,18.54849032249884,65.9423552383723,76.98629442846592,54.07457043546685,75.2444313032885,95.12814194428123,25,24
Other microalgae,70% Ethanol,9,18.30630563261498,74.09514224693545,64.43134644348196,58.35835326784805,65.95827054011387,82.1973722480208,25,12
Other microalgae,70% Ethanol,10,21.590771120952805,81.12493341192356,65.65108326028354,61.61890460472501,87.70210790111827,100.0,20,24
Other microalgae,70% Ethanol,11,18.832987534696773,72.76890455430718,70.2388233042086,54.8559572492134,69.9284232478161,95.294333956234,20,12
Other microalgae,70% Ethanol,12,19.774833036757194,69.53959212431386,61.05883548001992,62.931541994330146,88.2833687235435,75.2128748219661,30,6
Other microalgae,Ethyl Acetate,1,11.554998818711514,36.8434627106092,37.99198047867059,41.34749631644088,43.2914473816194,50.759213250399874,25,12
Other microalgae,Ethyl Acetate,2,10.74162118112911,40.59651805395717,28.691047249468397,47.75162729315887,49.77957585951779,58.355741455233414,20,12
Other microalgae,Ethyl Acetate,3,6.097796511207755,28.893292024942166,29.25958297029745,16.26468424643211,25.91278411961927,29.54710566242638,30,6
Other microalgae,Ethyl Acetate,4,16.246451975704794,78.72641381771803,43.682549822814096,78.53207815332006,54.42537861435042,80.67539870447946,20,24
Other microalgae,Ethyl Acetate,5,13.631493942591193,47.097543611403296,53.50290123423677,50.07306556504891,58.12112882754343,65.16790365910342,20,24
Other microalgae,Ethyl Acetate,6,14.309018456110742,57.89686868299191,50.22131254863058,61.7651607769441,60.50449824824665,71.74223034306402,20,24
Other microalgae,Ethyl Acetate,7,8.726239983224211,28.81488886471086,28.917514858287173,29.422145696761543,42.5371604872245,50.56141218563586,25,24
Other microalgae,Ethyl Acetate,8,10.2546091314028,54.50746878590689,49.7018601219019,41.77779921886798,35.408479547084944,62.1221473260932,25,6
Other microalgae,Ethyl Acetate,9,10.536947946914776,45.127085808278,36.98914760829463,33.690609308690355,31.265704688387107,55.79837546081303,20,2
Other microalgae,Ethyl Acetate,10,8.36979683831014,60.24469407433847,23.50301115722766,23.02675112433563,38.95534286121231,53.368218710456816,25,6
Other microalgae,Ethyl Acetate,11,10.913768970829665,50.092507231924884,26.214731743714346,36.68088291461056,35.78777784056548,37.181386251407645,25,12
Other microalgae,Ethyl Acetate,12,11.070940702071661,28.149490219156206,30.905332344136113,38.33765250052936,38.28952172463007,56.17719588850216,25,24
Other microalgae,50% Acetonitrile,1,15.92474057570744,72.00829900160366,63.39337400726911,63.69445462725162,62.659843741553146,77.88741783276912,25,6
Other microalgae,50% Acetonitrile,2,16.542541105757575,67.9095909477238,55.89382088519027,53.52247433828294,57.988589597435826,81.06463484697159,30,6
Other microalgae,50% Acetonitrile,3,14.725954477744533,55.67578807298322,48.6469297452409,41.62308981073545,66.75965762265503,71.5781966201712,30,6
Other microalgae,50% Acetonitrile,4,12.41959994128019,59.427186665303985,42.3645828822304,33.30468160402411,59.346315517436025,57.318756438154054,20,24
Other microalgae,50% Acetonitrile,5,13.781302729373632,58.11345454108835,60.257341886197196,48.776656577899786,46.246423039094324,71.58049429995212,30,2
Other microalgae,50% Acetonitrile,6,13.55303082721483,72.0962149911979,50.40777045617572,30.070408628918265,57.93371529172326,81.86574012168204,25,6
Other microalgae,50% Acetonitrile,7,19.73576086563617,90.4802299413984,58.92459926775425,71.09868183841773,67.50458080662807,90.02262357411281,20,2
Other microalgae,50% Acetonitrile,8,11.189142713780804,43.22980531266697,37.39254114915877,47.89735570533574,53.162847866518156,58.50916959656168,25,24
Other microalgae,50% Acetonitrile,9,10.956735745833845,45.006546186734745,36.04999960344463,46.9210636987876,55.32659417506072,63.71511411765315,30,6
Other microalgae,50% Acetonitrile,10,12.74234174174894,32.2089529128468,33.74430525714189,56.91105972347238,49.09365662065146,56.96681233109715,30,2
Other microalgae,50% Acetonitrile,11,19.935980880308705,86.47431689851408,67.7386612636649,61.89210956743199,72.72665426026471,90.65112467063341,25,6
Other microalgae,50% Acetonitrile,12,19.808141843958825,79.40111386986418,73.0579096853603,73.31445189801384,64.10555482675292,94.48684044356091,20,2
Other microalgae,100% Acetone,1,11.980293736015167,30.232536055105214,27.904820953693385,36.291498185456994,53.12986881410777,59.171505535584195,20,6
Other microalgae,100% Acetone,2,13.417100121526992,71.03893265610981,39.30077343710269,48.69057857354458,56.23653413022632,58.236319045778814,20,24
Other microalgae,100% Acetone,3,12.948980235248824,41.009966331595294,59.285818869460755,42.02610799528893,68.47812817531366,61.990481864580616,30,12
Other microalgae,100% Acetone,4,15.94816069619755,63.25651395495668,56.56921854315711,51.518592016770334,62.762900785731254,76.21640676131764,25,24
Other microalgae,100% Acetone,5,10.511224473254462,43.901873997520305,35.17904111586017,58.01692666668286,42.863729361447625,64.30757349081881,25,12
Other microalgae,100% Acetone,6,12.277133007576936,53.5053300388725,35.31363282389651,41.80373888852171,51.60262895212505,72.18667193177698,30,24
Other microalgae,100% Acetone,7,13.529948333028814,66.88771229169218,54.924199505108504,62.270342541142355,53.703907269526916,83.69548785632703,30,6
Other microalgae,100% Acetone,8,11.407811391257631,42.13450058659199,33.380594542446296,61.23601671967633,53.40218186287613,53.16439727707963,30,24
Other microalgae,100% Acetone,9,16.611068090620485,71.19914305440301,74.34158944928834,45.58581284407549,61.64244219008022,72.30294125853943,20,2
Other microalgae,100% Acetone,10,6.942951970774196,39.0864234901003,25.140222970431076,32.92040774447728,48.58186938968015,32.578453313612506,25,6
Other microalgae,100% Acetone,11,11.600541052028536,49.92550708440371,51.592426168197356,38.68058437982329,42.48802466347789,65.11624808095236,30,12
Other microalgae,100% Acetone,12,13.999917971514108,41.05147631775118,41.414968745255635,62.66515375337334,58.93621979166173,60.317115745537194,30,6
