sample_id,type,wavelength_nm,absorbance
DNA_sample_1,dsDNA,200.0,4.066608988731706
DNA_sample_1,dsDNA,201.0,4.629511389713353
DNA_sample_1,dsDNA,202.0,5.260399041353186
DNA_sample_1,dsDNA,203.0,5.9380207144555985
DNA_sample_1,dsDNA,204.0,6.679356134443494
DNA_sample_1,dsDNA,205.0,7.485817644407011
DNA_sample_1,dsDNA,206.0,8.346055439248135
DNA_sample_1,dsDNA,207.0,9.266055226107397
DNA_sample_1,dsDNA,208.0,10.237413672666298
DNA_sample_1,dsDNA,209.0,11.270049073796907
DNA_sample_1,dsDNA,210.0,12.344931514076368
DNA_sample_1,dsDNA,211.0,13.458741476571339
DNA_sample_1,dsDNA,212.0,14.609093872348806
DNA_sample_1,dsDNA,213.0,15.793570148646477
DNA_sample_1,dsDNA,214.0,16.99153135328203
DNA_sample_1,dsDNA,215.0,18.209233347785446
DNA_sample_1,dsDNA,216.0,19.4126929768726
DNA_sample_1,dsDNA,217.0,20.61528703242157
DNA_sample_1,dsDNA,218.0,21.79909309538727
DNA_sample_1,dsDNA,219.0,22.9416328422045
DNA_sample_1,dsDNA,220.0,24.04046323585068
DNA_sample_1,dsDNA,221.0,25.073402341228302
DNA_sample_1,dsDNA,222.0,26.0397298447277
DNA_sample_1,dsDNA,223.0,26.922863491549986
DNA_sample_1,dsDNA,224.0,27.71369177220811
DNA_sample_1,dsDNA,225.0,28.39727213819674
DNA_sample_1,dsDNA,226.0,28.971859310237566
DNA_sample_1,dsDNA,227.0,29.42668764105444
DNA_sample_1,dsDNA,228.0,29.758302494359675
DNA_sample_1,dsDNA,229.0,29.95294252027581
DNA_sample_1,dsDNA,230.0,30.022592072781627
DNA_sample_1,dsDNA,231.0,29.9625774282378
DNA_sample_1,dsDNA,232.0,29.760100851226063
DNA_sample_1,dsDNA,233.0,29.434644706683418
DNA_sample_1,dsDNA,234.0,28.986305496657476
DNA_sample_1,dsDNA,235.0,28.413418995928005
DNA_sample_1,dsDNA,236.0,27.744660407933058
DNA_sample_1,dsDNA,237.0,26.96838739876375
DNA_sample_1,dsDNA,238.0,26.11515388069584
DNA_sample_1,dsDNA,239.0,25.193507697407924
DNA_sample_1,dsDNA,240.0,24.24803172127802
DNA_sample_1,dsDNA,241.0,23.294911336075618
DNA_sample_1,dsDNA,242.0,22.374799570933018
DNA_sample_1,dsDNA,243.0,21.545514816811515
DNA_sample_1,dsDNA,244.0,20.875107945643766
DNA_sample_1,dsDNA,245.0,20.430274770243063
DNA_sample_1,dsDNA,246.0,20.311790434115093
DNA_sample_1,dsDNA,247.0,20.600102833657946
DNA_sample_1,dsDNA,248.0,21.40861565327316
DNA_sample_1,dsDNA,249.0,22.80639605540902
DNA_sample_1,dsDNA,250.0,24.833453787912195
DNA_sample_1,dsDNA,251.0,27.53498545024374
DNA_sample_1,dsDNA,252.0,30.82736386101318
DNA_sample_1,dsDNA,253.0,34.61819905366847
DNA_sample_1,dsDNA,254.0,38.71702075803643
DNA_sample_1,dsDNA,255.0,42.866207098641205
DNA_sample_1,dsDNA,256.0,46.76899784030287
DNA_sample_1,dsDNA,257.0,50.11673017305402
DNA_sample_1,dsDNA,258.0,52.61499353805861
DNA_sample_1,dsDNA,259.0,54.01670173038932
DNA_sample_1,dsDNA,260.0,54.168494340374615
DNA_sample_1,dsDNA,261.0,53.00586466143833
DNA_sample_1,dsDNA,262.0,50.598509959215406
DNA_sample_1,dsDNA,263.0,47.1104271580668
DNA_sample_1,dsDNA,264.0,42.81226273269495
DNA_sample_1,dsDNA,265.0,38.0164762629912
DNA_sample_1,dsDNA,266.0,33.05744115957115
DNA_sample_1,dsDNA,267.0,28.237376091159472
DNA_sample_1,dsDNA,268.0,23.850654012059323
DNA_sample_1,dsDNA,269.0,20.10778486901117
DNA_sample_1,dsDNA,270.0,17.1207543636338
DNA_sample_1,dsDNA,271.0,14.955594229544406
DNA_sample_1,dsDNA,272.0,13.582442654411453
DNA_sample_1,dsDNA,273.0,12.929139464252902
DNA_sample_1,dsDNA,274.0,12.84823943477229
DNA_sample_1,dsDNA,275.0,13.18816838162478
DNA_sample_1,dsDNA,276.0,13.767947866309079
DNA_sample_1,dsDNA,277.0,14.422484671309958
DNA_sample_1,dsDNA,278.0,14.988643836775498
DNA_sample_1,dsDNA,279.0,15.33396828741983
DNA_sample_1,dsDNA,280.0,15.369387463554586
DNA_sample_1,dsDNA,281.0,15.06534227738249
DNA_sample_1,dsDNA,282.0,14.386111734615795
DNA_sample_1,dsDNA,283.0,13.391518384939449
DNA_sample_1,dsDNA,284.0,12.142680044520795
DNA_sample_1,dsDNA,285.0,10.706806541588534
DNA_sample_1,dsDNA,286.0,9.200054718184527
DNA_sample_1,dsDNA,287.0,7.684143682984907
DNA_sample_1,dsDNA,288.0,6.250737139264842
DNA_sample_1,dsDNA,289.0,4.953807175010437
DNA_sample_1,dsDNA,290.0,3.81949328110331
DNA_sample_1,dsDNA,291.0,2.8735659232298194
DNA_sample_1,dsDNA,292.0,2.113231251954509
DNA_sample_1,dsDNA,293.0,1.5119502822453832
DNA_sample_1,dsDNA,294.0,1.0572417744735314
DNA_sample_1,dsDNA,295.0,0.7383167168712015
DNA_sample_1,dsDNA,296.0,0.506964102000534
DNA_sample_1,dsDNA,297.0,0.34505190834722266
DNA_sample_1,dsDNA,298.0,0.241436761432261
DNA_sample_1,dsDNA,299.0,0.18505453609797257
DNA_sample_1,dsDNA,300.0,0.1400471269424035
DNA_sample_1,dsDNA,301.0,0.11574621071489799
DNA_sample_1,dsDNA,302.0,0.09749815731255035
DNA_sample_1,dsDNA,303.0,0.09352023510552784
DNA_sample_1,dsDNA,304.0,0.08249383531905904
DNA_sample_1,dsDNA,305.0,0.08699802236219399
DNA_sample_1,dsDNA,306.0,0.08516634134231102
DNA_sample_1,dsDNA,307.0,0.08121714586160535
DNA_sample_1,dsDNA,308.0,0.08680099092237081
DNA_sample_1,dsDNA,309.0,0.08675622000824672
DNA_sample_1,dsDNA,310.0,0.08913194306828053
DNA_sample_1,dsDNA,311.0,0.08785262638645765
DNA_sample_1,dsDNA,312.0,0.0895378718924856
DNA_sample_1,dsDNA,313.0,0.08847048340657987
DNA_sample_1,dsDNA,314.0,0.09508323653754913
DNA_sample_1,dsDNA,315.0,0.0921141619010618
DNA_sample_1,dsDNA,316.0,0.09650843489730133
DNA_sample_1,dsDNA,317.0,0.0908031688822409
DNA_sample_1,dsDNA,318.0,0.0872045910246678
DNA_sample_1,dsDNA,319.0,0.09701811703328607
DNA_sample_1,dsDNA,320.0,0.09672746724543169
DNA_sample_1,dsDNA,321.0,0.10346861054888826
DNA_sample_1,dsDNA,322.0,0.0935818426311655
DNA_sample_1,dsDNA,323.0,0.10020254719706885
DNA_sample_1,dsDNA,324.0,0.09371288713865977
DNA_sample_1,dsDNA,325.0,0.09951264562711953
DNA_sample_1,dsDNA,326.0,0.10183075463329198
DNA_sample_1,dsDNA,327.0,0.10768375430321944
DNA_sample_1,dsDNA,328.0,0.10122418173519611
DNA_sample_1,dsDNA,329.0,0.09906162420041399
DNA_sample_1,dsDNA,330.0,0.10356128264583364
DNA_sample_1,dsDNA,331.0,0.10186884588821146
DNA_sample_1,dsDNA,332.0,0.10042757427282376
DNA_sample_1,dsDNA,333.0,0.10315383112751515
DNA_sample_1,dsDNA,334.0,0.10391610735969845
DNA_sample_1,dsDNA,335.0,0.10655281129178246
DNA_sample_1,dsDNA,336.0,0.11100462933895446
DNA_sample_1,dsDNA,337.0,0.11148295550480752
DNA_sample_1,dsDNA,338.0,0.1090906952476468
DNA_sample_1,dsDNA,339.0,0.11162389473743972
DNA_sample_1,dsDNA,340.0,0.11173575339349975
DNA_sample_1,dsDNA,341.0,0.11169198772704703
DNA_sample_1,dsDNA,342.0,0.11553963866450241
DNA_sample_1,dsDNA,343.0,0.11381032876345439
DNA_sample_1,dsDNA,344.0,0.11450601898659354
DNA_sample_1,dsDNA,345.0,0.11626081926841172
DNA_sample_1,dsDNA,346.0,0.1159734083070117
DNA_sample_1,dsDNA,347.0,0.11945222626312765
DNA_sample_1,dsDNA,348.0,0.12175844598609648
DNA_sample_1,dsDNA,349.0,0.12134733493007105
DNA_sample_1,dsDNA,350.0,0.11792223214763556
RNA_sample_1,RNA,200.0,3.3796436990861585
RNA_sample_1,RNA,201.0,3.861715696511625
RNA_sample_1,RNA,202.0,4.385842324900276
RNA_sample_1,RNA,203.0,4.954219604660009
RNA_sample_1,RNA,204.0,5.570184117407863
RNA_sample_1,RNA,205.0,6.235578620861548
RNA_sample_1,RNA,206.0,6.955783673754464
RNA_sample_1,RNA,207.0,7.7219123409403885
RNA_sample_1,RNA,208.0,8.539708140817204
RNA_sample_1,RNA,209.0,9.39321542560509
RNA_sample_1,RNA,210.0,10.291688696236216
RNA_sample_1,RNA,211.0,11.21884593824583
RNA_sample_1,RNA,212.0,12.181838038381969
RNA_sample_1,RNA,213.0,13.156983958324915
RNA_sample_1,RNA,214.0,14.168201209305522
RNA_sample_1,RNA,215.0,15.176323102923153
RNA_sample_1,RNA,216.0,16.181614262781498
RNA_sample_1,RNA,217.0,17.184195154482296
RNA_sample_1,RNA,218.0,18.17212247313411
RNA_sample_1,RNA,219.0,19.121646733974426
RNA_sample_1,RNA,220.0,20.02846967944255
RNA_sample_1,RNA,221.0,20.898729062587186
RNA_sample_1,RNA,222.0,21.698818486101004
RNA_sample_1,RNA,223.0,22.443794394402524
RNA_sample_1,RNA,224.0,23.103238186812963
RNA_sample_1,RNA,225.0,23.671377079086486
RNA_sample_1,RNA,226.0,24.146010401087633
RNA_sample_1,RNA,227.0,24.526298948805472
RNA_sample_1,RNA,228.0,24.802284936817916
RNA_sample_1,RNA,229.0,24.969885348933083
RNA_sample_1,RNA,230.0,25.02558057267521
RNA_sample_1,RNA,231.0,24.96829991098867
RNA_sample_1,RNA,232.0,24.80496337260404
RNA_sample_1,RNA,233.0,24.532124741677194
RNA_sample_1,RNA,234.0,24.16267011061635
RNA_sample_1,RNA,235.0,23.67660759813952
RNA_sample_1,RNA,236.0,23.128514412671905
RNA_sample_1,RNA,237.0,22.489240069985055
RNA_sample_1,RNA,238.0,21.784800475490744
RNA_sample_1,RNA,239.0,21.042722050478265
RNA_sample_1,RNA,240.0,20.276607584472494
RNA_sample_1,RNA,241.0,19.541297814581757
RNA_sample_1,RNA,242.0,18.853179388348682
RNA_sample_1,RNA,243.0,18.285989475310764
RNA_sample_1,RNA,244.0,17.927326280574373
RNA_sample_1,RNA,245.0,17.82997808258751
RNA_sample_1,RNA,246.0,18.133723934482855
RNA_sample_1,RNA,247.0,18.933537976887372
RNA_sample_1,RNA,248.0,20.326457311224672
RNA_sample_1,RNA,249.0,22.42448056746133
RNA_sample_1,RNA,250.0,25.28344405338392
RNA_sample_1,RNA,251.0,28.906245061111328
RNA_sample_1,RNA,252.0,33.23638879306906
RNA_sample_1,RNA,253.0,38.13612078953301
RNA_sample_1,RNA,254.0,43.39115876959401
RNA_sample_1,RNA,255.0,48.67715032140652
RNA_sample_1,RNA,256.0,53.65322905877337
RNA_sample_1,RNA,257.0,57.95525950272308
RNA_sample_1,RNA,258.0,61.19648944667206
RNA_sample_1,RNA,259.0,63.1009415810354
RNA_sample_1,RNA,260.0,63.478878046861546
RNA_sample_1,RNA,261.0,62.257935428916944
RNA_sample_1,RNA,262.0,59.50375791095819
RNA_sample_1,RNA,263.0,55.44348953820589
RNA_sample_1,RNA,264.0,50.34790187972839
RNA_sample_1,RNA,265.0,44.62826308165419
RNA_sample_1,RNA,266.0,38.62903271300609
RNA_sample_1,RNA,267.0,32.78222129775026
RNA_sample_1,RNA,268.0,27.35834136490364
RNA_sample_1,RNA,269.0,22.622881658025698
RNA_sample_1,RNA,270.0,18.723413463257742
RNA_sample_1,RNA,271.0,15.729102032235067
RNA_sample_1,RNA,272.0,13.604469615145138
RNA_sample_1,RNA,273.0,12.281113223003782
RNA_sample_1,RNA,274.0,11.616721647203303
RNA_sample_1,RNA,275.0,11.455086004821439
RNA_sample_1,RNA,276.0,11.607488931261082
RNA_sample_1,RNA,277.0,11.924304363952828
RNA_sample_1,RNA,278.0,12.23155794168193
RNA_sample_1,RNA,279.0,12.413989679028614
RNA_sample_1,RNA,280.0,12.393824630262776
RNA_sample_1,RNA,281.0,12.103624899013436
RNA_sample_1,RNA,282.0,11.552729905921643
RNA_sample_1,RNA,283.0,10.74321126923405
RNA_sample_1,RNA,284.0,9.732613935861915
RNA_sample_1,RNA,285.0,8.582949829308719
RNA_sample_1,RNA,286.0,7.379976005430497
RNA_sample_1,RNA,287.0,6.156812544214784
RNA_sample_1,RNA,288.0,5.0185191620198255
RNA_sample_1,RNA,289.0,3.98101821136232
RNA_sample_1,RNA,290.0,3.0748671794845475
RNA_sample_1,RNA,291.0,2.306184589014119
RNA_sample_1,RNA,292.0,1.70392120235705
RNA_sample_1,RNA,293.0,1.2297036213064714
RNA_sample_1,RNA,294.0,0.8681140527030338
RNA_sample_1,RNA,295.0,0.6042155200089323
RNA_sample_1,RNA,296.0,0.4217090826171663
RNA_sample_1,RNA,297.0,0.29472484575838326
RNA_sample_1,RNA,298.0,0.21359138276889256
RNA_sample_1,RNA,299.0,0.15389533538446587
RNA_sample_1,RNA,300.0,0.12846495142753706
RNA_sample_1,RNA,301.0,0.11280645098662033
RNA_sample_1,RNA,302.0,0.09779771257504034
RNA_sample_1,RNA,303.0,0.09066185534907088
RNA_sample_1,RNA,304.0,0.08436418222475191
RNA_sample_1,RNA,305.0,0.08782740567453591
RNA_sample_1,RNA,306.0,0.08824713865079979
RNA_sample_1,RNA,307.0,0.09143449800617402
RNA_sample_1,RNA,308.0,0.08251572897545739
RNA_sample_1,RNA,309.0,0.09006425318443183
RNA_sample_1,RNA,310.0,0.08637193311583771
RNA_sample_1,RNA,311.0,0.08773203210192647
RNA_sample_1,RNA,312.0,0.09540329164579847
RNA_sample_1,RNA,313.0,0.08893183520157684
RNA_sample_1,RNA,314.0,0.09451754485365411
RNA_sample_1,RNA,315.0,0.08365345272928247
RNA_sample_1,RNA,316.0,0.09931941685289541
RNA_sample_1,RNA,317.0,0.09809115935081955
RNA_sample_1,RNA,318.0,0.09972476718864305
RNA_sample_1,RNA,319.0,0.09525599455034127
RNA_sample_1,RNA,320.0,0.09899724776325546
RNA_sample_1,RNA,321.0,0.09704947310701832
RNA_sample_1,RNA,322.0,0.09403306239307091
RNA_sample_1,RNA,323.0,0.09818363450936404
RNA_sample_1,RNA,324.0,0.0938582909676749
RNA_sample_1,RNA,325.0,0.0991475371644864
RNA_sample_1,RNA,326.0,0.09888256092395972
RNA_sample_1,RNA,327.0,0.09730306572712896
RNA_sample_1,RNA,328.0,0.11035931280356633
RNA_sample_1,RNA,329.0,0.10156184003922399
RNA_sample_1,RNA,330.0,0.10285401683568249
RNA_sample_1,RNA,331.0,0.10358672771133447
RNA_sample_1,RNA,332.0,0.10820222407110472
RNA_sample_1,RNA,333.0,0.11280475694441394
RNA_sample_1,RNA,334.0,0.10521599745238075
RNA_sample_1,RNA,335.0,0.1136673458640863
RNA_sample_1,RNA,336.0,0.10555953275444177
RNA_sample_1,RNA,337.0,0.104402029966214
RNA_sample_1,RNA,338.0,0.11726376398762339
RNA_sample_1,RNA,339.0,0.10711011050247088
RNA_sample_1,RNA,340.0,0.11221005941400904
RNA_sample_1,RNA,341.0,0.11504169619101959
RNA_sample_1,RNA,342.0,0.1159510248423213
RNA_sample_1,RNA,343.0,0.11020471226124907
RNA_sample_1,RNA,344.0,0.10840879659019861
RNA_sample_1,RNA,345.0,0.11755492328585915
RNA_sample_1,RNA,346.0,0.11200322760236564
RNA_sample_1,RNA,347.0,0.11849786554381248
RNA_sample_1,RNA,348.0,0.11423562076175972
RNA_sample_1,RNA,349.0,0.11529291815538106
RNA_sample_1,RNA,350.0,0.12536171689493947
protein_contaminated,mixed,200.0,6.495526634926248
protein_contaminated,mixed,201.0,6.988077056003263
protein_contaminated,mixed,202.0,7.507163551953403
protein_contaminated,mixed,203.0,8.047020816664824
protein_contaminated,mixed,204.0,8.594395264441271
protein_contaminated,mixed,205.0,9.155283065844197
protein_contaminated,mixed,206.0,9.739696782560566
protein_contaminated,mixed,207.0,10.338373330261524
protein_contaminated,mixed,208.0,10.933715792884373
protein_contaminated,mixed,209.0,11.537413041632725
protein_contaminated,mixed,210.0,12.136955518186351
protein_contaminated,mixed,211.0,12.740861486027075
protein_contaminated,mixed,212.0,13.346145265813322
protein_contaminated,mixed,213.0,13.949177091275969
protein_contaminated,mixed,214.0,14.53173207503146
protein_contaminated,mixed,215.0,15.116020975872033
protein_contaminated,mixed,216.0,15.664393901625344
protein_contaminated,mixed,217.0,16.21112566427689
protein_contaminated,mixed,218.0,16.73423770765675
protein_contaminated,mixed,219.0,17.220501533048648
protein_contaminated,mixed,220.0,17.676776183131082
protein_contaminated,mixed,221.0,18.09507480286849
protein_contaminated,mixed,222.0,18.48593540052815
protein_contaminated,mixed,223.0,18.83295001696795
protein_contaminated,mixed,224.0,19.140597032873554
protein_contaminated,mixed,225.0,19.41193982692346
protein_contaminated,mixed,226.0,19.631191137271117
protein_contaminated,mixed,227.0,19.80276151613929
protein_contaminated,mixed,228.0,19.92588135489156
protein_contaminated,mixed,229.0,19.996531179768468
protein_contaminated,mixed,230.0,20.02073105917002
protein_contaminated,mixed,231.0,19.99231255686656
protein_contaminated,mixed,232.0,19.929308832198537
protein_contaminated,mixed,233.0,19.80019151110148
protein_contaminated,mixed,234.0,19.628503325539345
protein_contaminated,mixed,235.0,19.41752740521921
protein_contaminated,mixed,236.0,19.153486233707948
protein_contaminated,mixed,237.0,18.86165956434218
protein_contaminated,mixed,238.0,18.52938321180807
protein_contaminated,mixed,239.0,18.169372157536067
protein_contaminated,mixed,240.0,17.8023513448542
protein_contaminated,mixed,241.0,17.430328436526825
protein_contaminated,mixed,242.0,17.068757148438088
protein_contaminated,mixed,243.0,16.753799763501206
protein_contaminated,mixed,244.0,16.54520956743572
protein_contaminated,mixed,245.0,16.45923070438026
protein_contaminated,mixed,246.0,16.53437827000171
protein_contaminated,mixed,247.0,16.845419173264766
protein_contaminated,mixed,248.0,17.43963044236593
protein_contaminated,mixed,249.0,18.359750201931195
protein_contaminated,mixed,250.0,19.65257928771272
protein_contaminated,mixed,251.0,21.30639378574925
protein_contaminated,mixed,252.0,23.29781485385338
protein_contaminated,mixed,253.0,25.5748669935172
protein_contaminated,mixed,254.0,27.97539513722233
protein_contaminated,mixed,255.0,30.405696593400553
protein_contaminated,mixed,256.0,32.6754936993023
protein_contaminated,mixed,257.0,34.575210900568415
protein_contaminated,mixed,258.0,35.974882831451424
protein_contaminated,mixed,259.0,36.71182260260155
protein_contaminated,mixed,260.0,36.68500129396529
protein_contaminated,mixed,261.0,35.913888071392265
protein_contaminated,mixed,262.0,34.43373900412505
protein_contaminated,mixed,263.0,32.37517523275597
protein_contaminated,mixed,264.0,29.936756329323295
protein_contaminated,mixed,265.0,27.338749095270064
protein_contaminated,mixed,266.0,24.830580782466253
protein_contaminated,mixed,267.0,22.691995370355887
protein_contaminated,mixed,268.0,21.089940811051097
protein_contaminated,mixed,269.0,20.242129090537404
protein_contaminated,mixed,270.0,20.22045282895259
protein_contaminated,mixed,271.0,21.06658976984987
protein_contaminated,mixed,272.0,22.769251925316937
protein_contaminated,mixed,273.0,25.162366294381727
protein_contaminated,mixed,274.0,28.072965063683245
protein_contaminated,mixed,275.0,31.24281932610003
protein_contaminated,mixed,276.0,34.36391556510897
protein_contaminated,mixed,277.0,37.15801392452702
protein_contaminated,mixed,278.0,39.358389630536514
protein_contaminated,mixed,279.0,40.702545911173395
protein_contaminated,mixed,280.0,41.07566118350302
protein_contaminated,mixed,281.0,40.35933282550723
protein_contaminated,mixed,282.0,38.62475292388611
protein_contaminated,mixed,283.0,35.98525903052561
protein_contaminated,mixed,284.0,32.6166607979827
protein_contaminated,mixed,285.0,28.80478493031042
protein_contaminated,mixed,286.0,24.730404594442366
protein_contaminated,mixed,287.0,20.666004914409307
protein_contaminated,mixed,288.0,16.823042036042228
protein_contaminated,mixed,289.0,13.311417106716247
protein_contaminated,mixed,290.0,10.281127792569336
protein_contaminated,mixed,291.0,7.712473313538887
protein_contaminated,mixed,292.0,5.650064922228828
protein_contaminated,mixed,293.0,4.040403427015948
protein_contaminated,mixed,294.0,2.8264364447638664
protein_contaminated,mixed,295.0,1.930003459413621
protein_contaminated,mixed,296.0,1.313513424473483
protein_contaminated,mixed,297.0,0.8815265687865717
protein_contaminated,mixed,298.0,0.5873411453652747
protein_contaminated,mixed,299.0,0.3822651259703528
protein_contaminated,mixed,300.0,0.27198077966880985
protein_contaminated,mixed,301.0,0.19288663150720156
protein_contaminated,mixed,302.0,0.15858123927580234
protein_contaminated,mixed,303.0,0.13112745251395475
protein_contaminated,mixed,304.0,0.11508373688345098
protein_contaminated,mixed,305.0,0.11292865230144412
protein_contaminated,mixed,306.0,0.09845426277266403
protein_contaminated,mixed,307.0,0.09287052674003675
protein_contaminated,mixed,308.0,0.09437093224900875
protein_contaminated,mixed,309.0,0.10051922982740213
protein_contaminated,mixed,310.0,0.09846890419821606
protein_contaminated,mixed,311.0,0.09838651338259367
protein_contaminated,mixed,312.0,0.09466267776503248
protein_contaminated,mixed,313.0,0.10895260050363778
protein_contaminated,mixed,314.0,0.08653248961161872
protein_contaminated,mixed,315.0,0.0980097215129726
protein_contaminated,mixed,316.0,0.09576513052382502
protein_contaminated,mixed,317.0,0.08806030548279094
protein_contaminated,mixed,318.0,0.09327056303596416
protein_contaminated,mixed,319.0,0.09568710336969317
protein_contaminated,mixed,320.0,0.10043644226568929
protein_contaminated,mixed,321.0,0.10895632738457693
protein_contaminated,mixed,322.0,0.09964830544202422
protein_contaminated,mixed,323.0,0.09973313451704871
protein_contaminated,mixed,324.0,0.10013763309547678
protein_contaminated,mixed,325.0,0.10044902171661123
protein_contaminated,mixed,326.0,0.09791534560965935
protein_contaminated,mixed,327.0,0.09569723341747347
protein_contaminated,mixed,328.0,0.10833081270761413
protein_contaminated,mixed,329.0,0.11233919572211998
protein_contaminated,mixed,330.0,0.10559164923887271
protein_contaminated,mixed,331.0,0.09903701426417696
protein_contaminated,mixed,332.0,0.09114594826197908
protein_contaminated,mixed,333.0,0.09782869617264506
protein_contaminated,mixed,334.0,0.11165362295356698
protein_contaminated,mixed,335.0,0.11027914166027374
protein_contaminated,mixed,336.0,0.10728941574239391
protein_contaminated,mixed,337.0,0.11141910064391235
protein_contaminated,mixed,338.0,0.1108893398591991
protein_contaminated,mixed,339.0,0.10185941996070232
protein_contaminated,mixed,340.0,0.11263124186224288
protein_contaminated,mixed,341.0,0.10964577054042798
protein_contaminated,mixed,342.0,0.11166539288380178
protein_contaminated,mixed,343.0,0.10948470236250632
protein_contaminated,mixed,344.0,0.12174933809544422
protein_contaminated,mixed,345.0,0.11567079348969539
protein_contaminated,mixed,346.0,0.1339026064604856
protein_contaminated,mixed,347.0,0.1066023479879978
protein_contaminated,mixed,348.0,0.12616711257412355
protein_contaminated,mixed,349.0,0.11872476750437334
protein_contaminated,mixed,350.0,0.11562055519606629
