sample_id,wavelength_nm,absorbance
protein_sample,200.0,0.0022881502149844236
protein_sample,201.0,0.003280493610906105
protein_sample,202.0,0.003722739212985954
protein_sample,203.0,-7.669128443537102e-05
protein_sample,204.0,0.006113792392931416
protein_sample,205.0,-0.0006548768999756988
protein_sample,206.0,0.0013281332163048278
protein_sample,207.0,-0.0006510756429132793
protein_sample,208.0,0.00211694531068081
protein_sample,209.0,0.00113805185474814
protein_sample,210.0,0.0010354768788921895
protein_sample,211.0,0.002714701167382566
protein_sample,212.0,0.0008151109337676808
protein_sample,213.0,0.0011755366949852764
protein_sample,214.0,0.004669504242372837
protein_sample,215.0,0.005164474933843262
protein_sample,216.0,0.005013667598811049
protein_sample,217.0,0.0031489340612344432
protein_sample,218.0,0.005441783477546661
protein_sample,219.0,0.00460507695898329
protein_sample,220.0,0.0011521906728138315
protein_sample,221.0,0.005795437378296077
protein_sample,222.0,0.005860024181090022
protein_sample,223.0,0.006452430556394557
protein_sample,224.0,0.00699166495549542
protein_sample,225.0,0.005347333577887897
protein_sample,226.0,0.0048986725297726855
protein_sample,227.0,0.0034558472405874455
protein_sample,228.0,0.004678802896068491
protein_sample,229.0,0.007310153413455818
protein_sample,230.0,0.0047671265402161175
protein_sample,231.0,0.005230588280443395
protein_sample,232.0,0.005490354393262006
protein_sample,233.0,0.006451735553296302
protein_sample,234.0,0.009742092072276278
protein_sample,235.0,0.00719522694508478
protein_sample,236.0,0.010301020931296766
protein_sample,237.0,0.0030317303288143324
protein_sample,238.0,0.0106154261202158
protein_sample,239.0,0.011312274549901512
protein_sample,240.0,0.007613935242489603
protein_sample,241.0,0.009671889952512131
protein_sample,242.0,0.010013054569554224
protein_sample,243.0,0.009663808800656976
protein_sample,244.0,0.009757491167438369
protein_sample,245.0,0.008918026898416448
protein_sample,246.0,0.007141790027992216
protein_sample,247.0,0.010842658655633903
protein_sample,248.0,0.009237008307765191
protein_sample,249.0,0.007481007972098242
protein_sample,250.0,0.010565229742974901
protein_sample,251.0,0.00999800255945914
protein_sample,252.0,0.013007140116779416
protein_sample,253.0,0.010662955171122479
protein_sample,254.0,0.01171131186939643
protein_sample,255.0,0.009127761664448102
protein_sample,256.0,0.011706775893927384
protein_sample,257.0,0.013205331094346053
protein_sample,258.0,0.012152250655192997
protein_sample,259.0,0.014448665716976311
protein_sample,260.0,0.017276398990394508
protein_sample,261.0,0.01789196479991984
protein_sample,262.0,0.02592935019257859
protein_sample,263.0,0.03258285997482473
protein_sample,264.0,0.04077832893821909
protein_sample,265.0,0.056441458213758226
protein_sample,266.0,0.07672454484997905
protein_sample,267.0,0.10879703986825986
protein_sample,268.0,0.15015553367025328
protein_sample,269.0,0.19828152885164987
protein_sample,270.0,0.2642769998279125
protein_sample,271.0,0.3354616345355332
protein_sample,272.0,0.42320991878568764
protein_sample,273.0,0.5213751066244751
protein_sample,274.0,0.62344049555879
protein_sample,275.0,0.7195442877264735
protein_sample,276.0,0.8172369655761968
protein_sample,277.0,0.8973240433555033
protein_sample,278.0,0.9598741289249717
protein_sample,279.0,1.002245022922966
protein_sample,280.0,1.0160662273258172
protein_sample,281.0,1.0035575822602902
protein_sample,282.0,0.9617113148343229
protein_sample,283.0,0.8982195295010068
protein_sample,284.0,0.8163788279748638
protein_sample,285.0,0.7203979600532474
protein_sample,286.0,0.6226840143095294
protein_sample,287.0,0.5229285297190461
protein_sample,288.0,0.427242863278551
protein_sample,289.0,0.3465476360689385
protein_sample,290.0,0.26469635107731104
protein_sample,291.0,0.19949778946281008
protein_sample,292.0,0.1542719420359827
protein_sample,293.0,0.1164216668540673
protein_sample,294.0,0.08800103678658255
protein_sample,295.0,0.0660407725703633
protein_sample,296.0,0.04783224135681247
protein_sample,297.0,0.0371451153329807
protein_sample,298.0,0.030667439912767065
protein_sample,299.0,0.02664143503809761
protein_sample,300.0,0.026215611719869032
protein_sample,301.0,0.02308888263503061
protein_sample,302.0,0.019737389209831133
protein_sample,303.0,0.02411477299427326
protein_sample,304.0,0.02131800178892799
protein_sample,305.0,0.021407811101732243
protein_sample,306.0,0.022844460078217232
protein_sample,307.0,0.022431430739009096
protein_sample,308.0,0.016810678148064605
protein_sample,309.0,0.02079979270572712
protein_sample,310.0,0.021108806082858665
protein_sample,311.0,0.0230690261428641
protein_sample,312.0,0.021507673931106266
protein_sample,313.0,0.022263286873796098
protein_sample,314.0,0.022850120973947032
protein_sample,315.0,0.01979005619645597
protein_sample,316.0,0.02599819634693189
protein_sample,317.0,0.023785602761557167
protein_sample,318.0,0.02538139729664127
protein_sample,319.0,0.023223934015026114
protein_sample,320.0,0.022090358212114074
protein_sample,321.0,0.02692601249601949
protein_sample,322.0,0.024511215411367235
protein_sample,323.0,0.024855830599940378
protein_sample,324.0,0.025931042119722195
protein_sample,325.0,0.023136834023497584
protein_sample,326.0,0.02466409808329142
protein_sample,327.0,0.024153570096007868
protein_sample,328.0,0.02508072402896032
protein_sample,329.0,0.025175730001757275
protein_sample,330.0,0.02439623344494015
protein_sample,331.0,0.025670335530588905
protein_sample,332.0,0.022531254165845956
protein_sample,333.0,0.02362107140386635
protein_sample,334.0,0.022805880244752226
protein_sample,335.0,0.026633157018770833
protein_sample,336.0,0.02855692256801345
protein_sample,337.0,0.027001243412851688
protein_sample,338.0,0.025501948482549084
protein_sample,339.0,0.029235127947783712
protein_sample,340.0,0.030067196150337545
protein_sample,341.0,0.030143948437588552
protein_sample,342.0,0.02958905016156038
protein_sample,343.0,0.025564968562112326
protein_sample,344.0,0.026575185598482293
protein_sample,345.0,0.027348479660799008
protein_sample,346.0,0.028185162819258668
protein_sample,347.0,0.02738779277835061
protein_sample,348.0,0.031040156739632372
protein_sample,349.0,0.03114967375471043
protein_sample,350.0,0.028998598948420676
protein_sample,351.0,0.03121761819887941
protein_sample,352.0,0.029704066991421214
protein_sample,353.0,0.03154109105086718
protein_sample,354.0,0.03153520805612138
protein_sample,355.0,0.029443519557221607
protein_sample,356.0,0.02957318123131863
protein_sample,357.0,0.028458661178432022
protein_sample,358.0,0.031512816687391525
protein_sample,359.0,0.030607170610381595
protein_sample,360.0,0.0333447959747673
protein_sample,361.0,0.033037014194097145
protein_sample,362.0,0.033340841337914685
protein_sample,363.0,0.03277933299894201
protein_sample,364.0,0.037345467235531886
protein_sample,365.0,0.03340269881179926
protein_sample,366.0,0.031596594285625716
protein_sample,367.0,0.033245853315625816
protein_sample,368.0,0.03399413964142327
protein_sample,369.0,0.034945729056562964
protein_sample,370.0,0.037365061029434245
protein_sample,371.0,0.03753119867759156
protein_sample,372.0,0.03378979124483174
protein_sample,373.0,0.033360759178576706
protein_sample,374.0,0.03740121234546816
protein_sample,375.0,0.03753871825246119
protein_sample,376.0,0.037082200651898364
protein_sample,377.0,0.03496357254195299
protein_sample,378.0,0.03526814180543748
protein_sample,379.0,0.03525874640645471
protein_sample,380.0,0.03712795344949065
protein_sample,381.0,0.034929848470697925
protein_sample,382.0,0.036137147692593484
protein_sample,383.0,0.03750550912640595
protein_sample,384.0,0.033491777221787124
protein_sample,385.0,0.0341512138889031
protein_sample,386.0,0.04023104361419845
protein_sample,387.0,0.03951409034118631
protein_sample,388.0,0.03533954557396974
protein_sample,389.0,0.04014805741128991
protein_sample,390.0,0.03494096794159694
protein_sample,391.0,0.04034696191230719
protein_sample,392.0,0.03963685323158588
protein_sample,393.0,0.03528021515446072
protein_sample,394.0,0.03843750876177404
protein_sample,395.0,0.037265196759978386
protein_sample,396.0,0.037029685341750655
protein_sample,397.0,0.04127376025662063
protein_sample,398.0,0.038990929180407884
protein_sample,399.0,0.038082339494649724
protein_sample,400.0,0.04244629221779936
protein_sample,401.0,0.040836970207108025
protein_sample,402.0,0.04040417346831647
protein_sample,403.0,0.04033822594526656
protein_sample,404.0,0.04257290416678391
protein_sample,405.0,0.03948288324877427
protein_sample,406.0,0.04199306000968896
protein_sample,407.0,0.04314802668575955
protein_sample,408.0,0.03809216008026549
protein_sample,409.0,0.04539489837707304
protein_sample,410.0,0.04293269156229648
protein_sample,411.0,0.042670430036968195
protein_sample,412.0,0.04312589591426883
protein_sample,413.0,0.0427543493634109
protein_sample,414.0,0.04234691087902447
protein_sample,415.0,0.04626022804169774
protein_sample,416.0,0.0428610560556392
protein_sample,417.0,0.04764281444825105
protein_sample,418.0,0.05112938120762437
protein_sample,419.0,0.04637034649024935
protein_sample,420.0,0.041367562326661986
protein_sample,421.0,0.04678948805641417
protein_sample,422.0,0.04692186676123288
protein_sample,423.0,0.04755111105356442
protein_sample,424.0,0.04524580647803658
protein_sample,425.0,0.04318391176775584
protein_sample,426.0,0.04226631421864819
protein_sample,427.0,0.04748899317488295
protein_sample,428.0,0.0477254984890752
protein_sample,429.0,0.043418059764798615
protein_sample,430.0,0.04716914649860509
protein_sample,431.0,0.046359440792364204
protein_sample,432.0,0.043696255286490356
protein_sample,433.0,0.04565209418115772
protein_sample,434.0,0.0478246854589668
protein_sample,435.0,0.04736017371262949
protein_sample,436.0,0.044834805018817425
protein_sample,437.0,0.0486240315736119
protein_sample,438.0,0.0482778583304348
protein_sample,439.0,0.0473534834890594
protein_sample,440.0,0.04812700551421386
protein_sample,441.0,0.04318617453050859
protein_sample,442.0,0.050150609602812236
protein_sample,443.0,0.05188809481115645
protein_sample,444.0,0.04759725674084986
protein_sample,445.0,0.0461492230365697
protein_sample,446.0,0.051586952490682667
protein_sample,447.0,0.048889759241500505
protein_sample,448.0,0.05015666601858966
protein_sample,449.0,0.04572717313756158
protein_sample,450.0,0.0521026374837292
protein_sample,451.0,0.05202670875636141
protein_sample,452.0,0.04934160278490991
protein_sample,453.0,0.050702762484590214
protein_sample,454.0,0.050539595391543665
protein_sample,455.0,0.053084007783112175
protein_sample,456.0,0.049467781640718606
protein_sample,457.0,0.05376961786589203
protein_sample,458.0,0.05317007503230815
protein_sample,459.0,0.05058137492527471
protein_sample,460.0,0.05190726302031333
protein_sample,461.0,0.050163460010301614
protein_sample,462.0,0.054108649433554014
protein_sample,463.0,0.051927399277763214
protein_sample,464.0,0.050514672334396556
protein_sample,465.0,0.05176529493653765
protein_sample,466.0,0.05265097724117474
protein_sample,467.0,0.051962575549756744
protein_sample,468.0,0.050326947546884014
protein_sample,469.0,0.05133069218117389
protein_sample,470.0,0.051610075454723
protein_sample,471.0,0.05769449978994566
protein_sample,472.0,0.05631801458738079
protein_sample,473.0,0.05642821796455606
protein_sample,474.0,0.05708387509172956
protein_sample,475.0,0.057833458654087504
protein_sample,476.0,0.05563062336979677
protein_sample,477.0,0.05419014779297384
protein_sample,478.0,0.05878152436739934
protein_sample,479.0,0.05234030954106497
protein_sample,480.0,0.053937142116535726
protein_sample,481.0,0.05591027058314855
protein_sample,482.0,0.05989079600118318
protein_sample,483.0,0.052426234060518516
protein_sample,484.0,0.05524345770904551
protein_sample,485.0,0.05415246953443488
protein_sample,486.0,0.0567969204698529
protein_sample,487.0,0.058349964371072545
protein_sample,488.0,0.06077530843317459
protein_sample,489.0,0.05598571148457104
protein_sample,490.0,0.059499557260872075
protein_sample,491.0,0.054761996143447206
protein_sample,492.0,0.056898712580879605
protein_sample,493.0,0.059735700507556964
protein_sample,494.0,0.06353163204380916
protein_sample,495.0,0.06277481217254843
protein_sample,496.0,0.059218790489355425
protein_sample,497.0,0.06093539881021544
protein_sample,498.0,0.05901947069268352
protein_sample,499.0,0.06054015323354628
protein_sample,500.0,0.05946757648194784
protein_sample,501.0,0.05994803154479451
protein_sample,502.0,0.05978019591368383
protein_sample,503.0,0.06158458430665625
protein_sample,504.0,0.0594127358108372
protein_sample,505.0,0.06350415856775134
protein_sample,506.0,0.06055065098262306
protein_sample,507.0,0.06033399144595329
protein_sample,508.0,0.06316175953355715
protein_sample,509.0,0.061244245245791244
protein_sample,510.0,0.06661798231169422
protein_sample,511.0,0.06255326936556899
protein_sample,512.0,0.06054649393169365
protein_sample,513.0,0.06437595273908926
protein_sample,514.0,0.06250146764825017
protein_sample,515.0,0.06598704958316727
protein_sample,516.0,0.06514256825459376
protein_sample,517.0,0.06654051031720778
protein_sample,518.0,0.06378413113628076
protein_sample,519.0,0.06280274925607407
protein_sample,520.0,0.06516808845224903
protein_sample,521.0,0.06789418283653596
protein_sample,522.0,0.062400830300476225
protein_sample,523.0,0.06287928851610759
protein_sample,524.0,0.06087158472744279
protein_sample,525.0,0.06364280930650726
protein_sample,526.0,0.06246772830638227
protein_sample,527.0,0.06193658703613266
protein_sample,528.0,0.06666804219737471
protein_sample,529.0,0.06661301833711179
protein_sample,530.0,0.06388607040262104
protein_sample,531.0,0.06480857779186498
protein_sample,532.0,0.0633693911515326
protein_sample,533.0,0.06702228740260806
protein_sample,534.0,0.06511263321813489
protein_sample,535.0,0.0656257703438144
protein_sample,536.0,0.06727462041981644
protein_sample,537.0,0.06718011586262701
protein_sample,538.0,0.06821673600702455
protein_sample,539.0,0.07078678705052219
protein_sample,540.0,0.0736604697665515
protein_sample,541.0,0.0719596096823891
protein_sample,542.0,0.07056156575263973
protein_sample,543.0,0.06914223159751504
protein_sample,544.0,0.0710120284609221
protein_sample,545.0,0.07165857495633349
protein_sample,546.0,0.06992437748640702
protein_sample,547.0,0.0690385351890585
protein_sample,548.0,0.06926236455259496
protein_sample,549.0,0.07019056882627507
protein_sample,550.0,0.06974801683224346
protein_sample,551.0,0.0731975963375789
protein_sample,552.0,0.07288005101416196
protein_sample,553.0,0.06976394491285662
protein_sample,554.0,0.06988525796680335
protein_sample,555.0,0.06925201706284967
protein_sample,556.0,0.07089428651493086
protein_sample,557.0,0.07234318396973902
protein_sample,558.0,0.06933243415034146
protein_sample,559.0,0.07114819588577694
protein_sample,560.0,0.0671321734350108
protein_sample,561.0,0.0685722807631497
protein_sample,562.0,0.07174938149665347
protein_sample,563.0,0.07081638805979654
protein_sample,564.0,0.07348539655415119
protein_sample,565.0,0.07374428789904819
protein_sample,566.0,0.07313064867696453
protein_sample,567.0,0.0715684329691543
protein_sample,568.0,0.07117101261996844
protein_sample,569.0,0.07475427715814636
protein_sample,570.0,0.07651087026978348
protein_sample,571.0,0.07267387261780428
protein_sample,572.0,0.07241735132929329
protein_sample,573.0,0.07427655633907468
protein_sample,574.0,0.07846670482617053
protein_sample,575.0,0.07349348731878032
protein_sample,576.0,0.07435191574447922
protein_sample,577.0,0.07549408315966075
protein_sample,578.0,0.07340702242396305
protein_sample,579.0,0.07864034511037588
protein_sample,580.0,0.07540731058286172
protein_sample,581.0,0.07793033491248005
protein_sample,582.0,0.07768406370627044
protein_sample,583.0,0.07519994719819258
protein_sample,584.0,0.0771562549750497
protein_sample,585.0,0.07540818961640908
protein_sample,586.0,0.07454115999429868
protein_sample,587.0,0.08149211391822468
protein_sample,588.0,0.07848434434702821
protein_sample,589.0,0.07745068840995988
protein_sample,590.0,0.08034026696423585
protein_sample,591.0,0.0783444767495713
protein_sample,592.0,0.07760033835884979
protein_sample,593.0,0.07859403786591164
protein_sample,594.0,0.08171979469386186
protein_sample,595.0,0.0823848255765381
protein_sample,596.0,0.07776722523227296
protein_sample,597.0,0.08116754803842496
protein_sample,598.0,0.07646918916754557
protein_sample,599.0,0.07747051660375058
protein_sample,600.0,0.07712992893724344
protein_sample,601.0,0.08004354587941193
protein_sample,602.0,0.07925479370160257
protein_sample,603.0,0.07931681129805375
protein_sample,604.0,0.07874394112213366
protein_sample,605.0,0.08346045252170631
protein_sample,606.0,0.08335680349286939
protein_sample,607.0,0.08466091514052611
protein_sample,608.0,0.08304751238785277
protein_sample,609.0,0.08455730238242581
protein_sample,610.0,0.0816021432299324
protein_sample,611.0,0.08366606061821881
protein_sample,612.0,0.08387887732887023
protein_sample,613.0,0.08304623209329645
protein_sample,614.0,0.08131689598656489
protein_sample,615.0,0.08227737493332211
protein_sample,616.0,0.08269051472280502
protein_sample,617.0,0.08071282157588024
protein_sample,618.0,0.08490168442576869
protein_sample,619.0,0.08370711029352823
protein_sample,620.0,0.08421359980728181
protein_sample,621.0,0.08630999894137845
protein_sample,622.0,0.08523732983557035
protein_sample,623.0,0.08486695328984951
protein_sample,624.0,0.08352312236899682
protein_sample,625.0,0.08928138048634787
protein_sample,626.0,0.08471499076052827
protein_sample,627.0,0.0876358248602218
protein_sample,628.0,0.0876894602021846
protein_sample,629.0,0.08620204891678473
protein_sample,630.0,0.08385634878075854
protein_sample,631.0,0.08314634435859167
protein_sample,632.0,0.08482666969737514
protein_sample,633.0,0.08731399112215085
protein_sample,634.0,0.08752170792310143
protein_sample,635.0,0.08429446272656298
protein_sample,636.0,0.0868825819511029
protein_sample,637.0,0.08598313901409947
protein_sample,638.0,0.08280763698034699
protein_sample,639.0,0.08541575008189664
protein_sample,640.0,0.08831376130099505
protein_sample,641.0,0.08887753311062407
protein_sample,642.0,0.08594096239979739
protein_sample,643.0,0.08825045568464585
protein_sample,644.0,0.08977027315641116
protein_sample,645.0,0.08790122951065106
protein_sample,646.0,0.08630072864771764
protein_sample,647.0,0.08950986084867253
protein_sample,648.0,0.0880955725887699
protein_sample,649.0,0.09035099621860511
protein_sample,650.0,0.08832989524970918
protein_sample,651.0,0.08967067535485808
protein_sample,652.0,0.09228672959895134
protein_sample,653.0,0.08854786802718512
protein_sample,654.0,0.09431986909770111
protein_sample,655.0,0.09121520041105033
protein_sample,656.0,0.09199116116273881
protein_sample,657.0,0.0932136467921592
protein_sample,658.0,0.09213539846728652
protein_sample,659.0,0.09032582826040271
protein_sample,660.0,0.08890417045983784
protein_sample,661.0,0.0919529365529178
protein_sample,662.0,0.08943542435474207
protein_sample,663.0,0.09440106796380479
protein_sample,664.0,0.09243281864850278
protein_sample,665.0,0.09028100312201377
protein_sample,666.0,0.09109166603683148
protein_sample,667.0,0.09100003578410822
protein_sample,668.0,0.09517476796104467
protein_sample,669.0,0.09320002560386799
protein_sample,670.0,0.09083726054675967
protein_sample,671.0,0.09291766224198107
protein_sample,672.0,0.09449572385336395
protein_sample,673.0,0.09140187013355958
protein_sample,674.0,0.09462753563963576
protein_sample,675.0,0.09198863889297496
protein_sample,676.0,0.0963134901951688
protein_sample,677.0,0.09654379053400997
protein_sample,678.0,0.0963678889343984
protein_sample,679.0,0.09546226686625102
protein_sample,680.0,0.09844539483512178
protein_sample,681.0,0.09487124354591409
protein_sample,682.0,0.09728281614961189
protein_sample,683.0,0.09468922472246134
protein_sample,684.0,0.09552592782612845
protein_sample,685.0,0.09861793527080483
protein_sample,686.0,0.09640086790271665
protein_sample,687.0,0.09744164272566774
protein_sample,688.0,0.09691197717307574
protein_sample,689.0,0.09562546204023736
protein_sample,690.0,0.09984619368658484
protein_sample,691.0,0.09900482772868328
protein_sample,692.0,0.09900169152775379
protein_sample,693.0,0.10130250074952653
protein_sample,694.0,0.10203830947506543
protein_sample,695.0,0.0969704656203061
protein_sample,696.0,0.09978748277121492
protein_sample,697.0,0.09907119319592499
protein_sample,698.0,0.10395183917833675
protein_sample,699.0,0.09873801963555467
protein_sample,700.0,0.09666805674492786
protein_sample,701.0,0.09825054687992645
protein_sample,702.0,0.0984292813899958
protein_sample,703.0,0.10185796641590585
protein_sample,704.0,0.10347089615820776
protein_sample,705.0,0.10316878312470626
protein_sample,706.0,0.10355770382072452
protein_sample,707.0,0.09739370456799155
protein_sample,708.0,0.10110331634640055
protein_sample,709.0,0.09993193868330741
protein_sample,710.0,0.10117922275359593
protein_sample,711.0,0.10374296248876341
protein_sample,712.0,0.10464658997754799
protein_sample,713.0,0.10390681833434308
protein_sample,714.0,0.10328472382878702
protein_sample,715.0,0.10622646535853822
protein_sample,716.0,0.10361459802814985
protein_sample,717.0,0.10283091236601971
protein_sample,718.0,0.10632074455880318
protein_sample,719.0,0.1050177890141954
protein_sample,720.0,0.10173786200227927
protein_sample,721.0,0.103867145982178
protein_sample,722.0,0.10433014438979464
protein_sample,723.0,0.10565411278164866
protein_sample,724.0,0.10621286227009011
protein_sample,725.0,0.10453586810131808
protein_sample,726.0,0.10691629962536217
protein_sample,727.0,0.1066464842606924
protein_sample,728.0,0.10226689945545578
protein_sample,729.0,0.10641614834993682
protein_sample,730.0,0.10481945015785671
protein_sample,731.0,0.10682869951942059
protein_sample,732.0,0.10692505544726284
protein_sample,733.0,0.10848627908853013
protein_sample,734.0,0.10379500943687414
protein_sample,735.0,0.10564075290245228
protein_sample,736.0,0.10634664974999027
protein_sample,737.0,0.10778487359870187
protein_sample,738.0,0.11033197431173196
protein_sample,739.0,0.10721710054526196
protein_sample,740.0,0.10805105054441257
protein_sample,741.0,0.10765688758213587
protein_sample,742.0,0.10972922541467951
protein_sample,743.0,0.11287117539218826
protein_sample,744.0,0.1074653735373075
protein_sample,745.0,0.11200980981643224
protein_sample,746.0,0.11061942510469043
protein_sample,747.0,0.11157952087218667
protein_sample,748.0,0.10768554672787171
protein_sample,749.0,0.11066134451042196
protein_sample,750.0,0.11084839505384925
protein_sample,751.0,0.1147470326673567
protein_sample,752.0,0.10979902452980604
protein_sample,753.0,0.109659192230919
protein_sample,754.0,0.10528956086913854
protein_sample,755.0,0.1094519727296803
protein_sample,756.0,0.11013060292858112
protein_sample,757.0,0.11109311972652541
protein_sample,758.0,0.11273153243852316
protein_sample,759.0,0.11264888190834615
protein_sample,760.0,0.11073153992272224
protein_sample,761.0,0.1132985902834718
protein_sample,762.0,0.11228638187364334
protein_sample,763.0,0.1137264877755989
protein_sample,764.0,0.11239921104044924
protein_sample,765.0,0.11406335032191733
protein_sample,766.0,0.1108944612589873
protein_sample,767.0,0.11446205652483436
protein_sample,768.0,0.11137631093329299
protein_sample,769.0,0.11563413721134974
protein_sample,770.0,0.11358183349861972
protein_sample,771.0,0.11538045054646696
protein_sample,772.0,0.11628574094365454
protein_sample,773.0,0.11372709960841851
protein_sample,774.0,0.11495746617529051
protein_sample,775.0,0.11533176262444993
protein_sample,776.0,0.11818586631663823
protein_sample,777.0,0.11599431254566986
protein_sample,778.0,0.11147389680068048
protein_sample,779.0,0.1183172182599139
protein_sample,780.0,0.1155942702947039
protein_sample,781.0,0.11715896217151099
protein_sample,782.0,0.11854405097540392
protein_sample,783.0,0.11394448296419626
protein_sample,784.0,0.11465757808682615
protein_sample,785.0,0.11645330823875535
protein_sample,786.0,0.11684418784940967
protein_sample,787.0,0.11898803853052882
protein_sample,788.0,0.12161341436410608
protein_sample,789.0,0.1168719959894958
protein_sample,790.0,0.11571641832586228
protein_sample,791.0,0.12432090471145654
protein_sample,792.0,0.11781104051410138
protein_sample,793.0,0.1178504301296026
protein_sample,794.0,0.1209545350579404
protein_sample,795.0,0.12138255062178348
protein_sample,796.0,0.12325698113146154
protein_sample,797.0,0.11896028129441981
protein_sample,798.0,0.1186020099535535
protein_sample,799.0,0.11593103314061207
protein_sample,800.0,0.12200664024516196
chromophore_sample,200.0,0.0034067067659144467
chromophore_sample,201.0,-0.002380015426428501
chromophore_sample,202.0,0.006022284597981185
chromophore_sample,203.0,-0.0027190956940770297
chromophore_sample,204.0,-0.0010273472936728895
chromophore_sample,205.0,-0.00041495590084285154
chromophore_sample,206.0,0.0037236134107233613
chromophore_sample,207.0,0.0033952640562182603
chromophore_sample,208.0,0.00017668913535784868
chromophore_sample,209.0,0.00138632245122957
chromophore_sample,210.0,-0.0008597389491288455
chromophore_sample,211.0,0.0017789508958993905
chromophore_sample,212.0,0.002626827319981191
chromophore_sample,213.0,0.004898514927556042
chromophore_sample,214.0,0.004130282080104856
chromophore_sample,215.0,0.005061720177976533
chromophore_sample,216.0,0.000408694873743671
chromophore_sample,217.0,0.005980790774201859
chromophore_sample,218.0,0.0015798032094801345
chromophore_sample,219.0,0.0022289797505126194
chromophore_sample,220.0,0.006756649046570909
chromophore_sample,221.0,0.003098272620037385
chromophore_sample,222.0,0.0022972578271879315
chromophore_sample,223.0,0.005617121363613008
chromophore_sample,224.0,0.008060036774945415
chromophore_sample,225.0,0.008808455595826915
chromophore_sample,226.0,0.0070571551053233905
chromophore_sample,227.0,0.006408623863945879
chromophore_sample,228.0,0.0021410924028366558
chromophore_sample,229.0,0.0072239464255625056
chromophore_sample,230.0,0.0059431633220163845
chromophore_sample,231.0,0.010560918469880207
chromophore_sample,232.0,0.0071177771217153536
chromophore_sample,233.0,0.0005243557286263361
chromophore_sample,234.0,0.0027954364154440083
chromophore_sample,235.0,0.007914910779379346
chromophore_sample,236.0,0.0072041808476793635
chromophore_sample,237.0,0.005811375246440729
chromophore_sample,238.0,0.00662536754507905
chromophore_sample,239.0,0.002807284337664165
chromophore_sample,240.0,0.010226305292737586
chromophore_sample,241.0,0.011689968742809205
chromophore_sample,242.0,0.005892086504023834
chromophore_sample,243.0,0.012096866641050091
chromophore_sample,244.0,0.015082972101208365
chromophore_sample,245.0,0.018237738602774885
chromophore_sample,246.0,0.025833826038869814
chromophore_sample,247.0,0.02771846057872068
chromophore_sample,248.0,0.04306240617747626
chromophore_sample,249.0,0.04562325795894424
chromophore_sample,250.0,0.06273258413202187
chromophore_sample,251.0,0.07261872570179204
chromophore_sample,252.0,0.09804437121426642
chromophore_sample,253.0,0.11123976795666694
chromophore_sample,254.0,0.12765152140368385
chromophore_sample,255.0,0.153763562945721
chromophore_sample,256.0,0.17161802617442062
chromophore_sample,257.0,0.1959939573560788
chromophore_sample,258.0,0.19950663411741196
chromophore_sample,259.0,0.2078549784101363
chromophore_sample,260.0,0.21053454039751487
chromophore_sample,261.0,0.20921387957599716
chromophore_sample,262.0,0.2003392325723538
chromophore_sample,263.0,0.1873763538049795
chromophore_sample,264.0,0.16661315239251648
chromophore_sample,265.0,0.15497455692958179
chromophore_sample,266.0,0.13151702000035848
chromophore_sample,267.0,0.11145022778848131
chromophore_sample,268.0,0.09450026078909207
chromophore_sample,269.0,0.07638911468746633
chromophore_sample,270.0,0.06864194938381855
chromophore_sample,271.0,0.05358283129940566
chromophore_sample,272.0,0.043893816904773945
chromophore_sample,273.0,0.02932178968843551
chromophore_sample,274.0,0.029565009830868138
chromophore_sample,275.0,0.02323740733494962
chromophore_sample,276.0,0.01886582151341776
chromophore_sample,277.0,0.017984961748976302
chromophore_sample,278.0,0.019902401689136245
chromophore_sample,279.0,0.023085808613020738
chromophore_sample,280.0,0.01765609389415929
chromophore_sample,281.0,0.02078124610545145
chromophore_sample,282.0,0.018520396181403182
chromophore_sample,283.0,0.0166076970824988
chromophore_sample,284.0,0.01839926308336414
chromophore_sample,285.0,0.015808100427144277
chromophore_sample,286.0,0.016654207623489157
chromophore_sample,287.0,0.013684748467550838
chromophore_sample,288.0,0.01992299220769336
chromophore_sample,289.0,0.01687523722946196
chromophore_sample,290.0,0.020340945046303273
chromophore_sample,291.0,0.01785353694531419
chromophore_sample,292.0,0.017827248491509327
chromophore_sample,293.0,0.012448824404709947
chromophore_sample,294.0,0.019282445278933344
chromophore_sample,295.0,0.020664253709415242
chromophore_sample,296.0,0.016172593905367766
chromophore_sample,297.0,0.022136697623898687
chromophore_sample,298.0,0.015254379761728151
chromophore_sample,299.0,0.021078663042214462
chromophore_sample,300.0,0.024064028229444086
chromophore_sample,301.0,0.016836159362432372
chromophore_sample,302.0,0.02197437933371608
chromophore_sample,303.0,0.02641782398611009
chromophore_sample,304.0,0.019559978294930804
chromophore_sample,305.0,0.02270611319078924
chromophore_sample,306.0,0.01890856744556218
chromophore_sample,307.0,0.019772656963986383
chromophore_sample,308.0,0.018045321922975865
chromophore_sample,309.0,0.02271313811132881
chromophore_sample,310.0,0.025934013339937473
chromophore_sample,311.0,0.023961453022454886
chromophore_sample,312.0,0.020985953943600383
chromophore_sample,313.0,0.02635922083394795
chromophore_sample,314.0,0.02302471742481978
chromophore_sample,315.0,0.02216626651873773
chromophore_sample,316.0,0.02650294508271948
chromophore_sample,317.0,0.021534916943404897
chromophore_sample,318.0,0.026308505986627668
chromophore_sample,319.0,0.02750853899253685
chromophore_sample,320.0,0.03129985517060177
chromophore_sample,321.0,0.025234624355171875
chromophore_sample,322.0,0.02900256686608061
chromophore_sample,323.0,0.025499382675336975
chromophore_sample,324.0,0.027615173155345032
chromophore_sample,325.0,0.023201408817331504
chromophore_sample,326.0,0.02778770721544326
chromophore_sample,327.0,0.02990299505650277
chromophore_sample,328.0,0.026566498730237073
chromophore_sample,329.0,0.025975581423695576
chromophore_sample,330.0,0.02992630765277457
chromophore_sample,331.0,0.026662410723373112
chromophore_sample,332.0,0.026722035645837756
chromophore_sample,333.0,0.026271196781398217
chromophore_sample,334.0,0.02911857433929157
chromophore_sample,335.0,0.026773500543208574
chromophore_sample,336.0,0.03220143121755626
chromophore_sample,337.0,0.01818746116657495
chromophore_sample,338.0,0.02376075437708872
chromophore_sample,339.0,0.026326514630407714
chromophore_sample,340.0,0.031031596679325424
chromophore_sample,341.0,0.030763718257223592
chromophore_sample,342.0,0.02563610981687701
chromophore_sample,343.0,0.02887005769218151
chromophore_sample,344.0,0.03228012094430349
chromophore_sample,345.0,0.03649514354492803
chromophore_sample,346.0,0.027710947642264987
chromophore_sample,347.0,0.029630097615574984
chromophore_sample,348.0,0.024868042041004044
chromophore_sample,349.0,0.02774442643297967
chromophore_sample,350.0,0.033417082359135125
chromophore_sample,351.0,0.029138342361252415
chromophore_sample,352.0,0.03259542166017057
chromophore_sample,353.0,0.029033541696163366
chromophore_sample,354.0,0.02855152975946866
chromophore_sample,355.0,0.03309933627419543
chromophore_sample,356.0,0.029032040537178727
chromophore_sample,357.0,0.032101753682829075
chromophore_sample,358.0,0.03189990176164446
chromophore_sample,359.0,0.03299102506261003
chromophore_sample,360.0,0.03436248686846905
chromophore_sample,361.0,0.031923871301153255
chromophore_sample,362.0,0.03198457510699186
chromophore_sample,363.0,0.03531003905821102
chromophore_sample,364.0,0.027511168477117688
chromophore_sample,365.0,0.034486053847589564
chromophore_sample,366.0,0.03020639816240201
chromophore_sample,367.0,0.02844688525634534
chromophore_sample,368.0,0.02744528576315929
chromophore_sample,369.0,0.036819462171389816
chromophore_sample,370.0,0.027810521680654135
chromophore_sample,371.0,0.02997142576363201
chromophore_sample,372.0,0.03223008109782943
chromophore_sample,373.0,0.03543265893835735
chromophore_sample,374.0,0.030567383187529898
chromophore_sample,375.0,0.036952221396482514
chromophore_sample,376.0,0.04041259974314655
chromophore_sample,377.0,0.03683571515721237
chromophore_sample,378.0,0.03619596235924041
chromophore_sample,379.0,0.03386258211896188
chromophore_sample,380.0,0.03743972781671337
chromophore_sample,381.0,0.039033123493720775
chromophore_sample,382.0,0.034941164218154824
chromophore_sample,383.0,0.02927542877821206
chromophore_sample,384.0,0.03236961283380836
chromophore_sample,385.0,0.03628615367022099
chromophore_sample,386.0,0.04375359598730329
chromophore_sample,387.0,0.03533585132679563
chromophore_sample,388.0,0.03573753678105504
chromophore_sample,389.0,0.03680093021003082
chromophore_sample,390.0,0.03984815898395309
chromophore_sample,391.0,0.04096426144998774
chromophore_sample,392.0,0.046091775157031285
chromophore_sample,393.0,0.04345842332672611
chromophore_sample,394.0,0.042122032857826695
chromophore_sample,395.0,0.04053447498234372
chromophore_sample,396.0,0.043323848531854774
chromophore_sample,397.0,0.044993486143781986
chromophore_sample,398.0,0.04885452690728042
chromophore_sample,399.0,0.0464587576080232
chromophore_sample,400.0,0.04684267228062738
chromophore_sample,401.0,0.05795211027391405
chromophore_sample,402.0,0.056381375151866045
chromophore_sample,403.0,0.058447374575816856
chromophore_sample,404.0,0.06877642106994897
chromophore_sample,405.0,0.07968776756494936
chromophore_sample,406.0,0.08521762826427651
chromophore_sample,407.0,0.0988579888569313
chromophore_sample,408.0,0.11396392151975074
chromophore_sample,409.0,0.12604547915157413
chromophore_sample,410.0,0.1520623361261901
chromophore_sample,411.0,0.1791358625886343
chromophore_sample,412.0,0.20245133466983906
chromophore_sample,413.0,0.22166603172532726
chromophore_sample,414.0,0.2637049363242792
chromophore_sample,415.0,0.30059162030878905
chromophore_sample,416.0,0.3443188081882505
chromophore_sample,417.0,0.39077508064692346
chromophore_sample,418.0,0.4378097568702476
chromophore_sample,419.0,0.48310363957366714
chromophore_sample,420.0,0.5278015646080757
chromophore_sample,421.0,0.5781781519008141
chromophore_sample,422.0,0.6227009508998559
chromophore_sample,423.0,0.66635788309352
chromophore_sample,424.0,0.716190754163342
chromophore_sample,425.0,0.7552176258520635
chromophore_sample,426.0,0.7808235788132165
chromophore_sample,427.0,0.8124892286707176
chromophore_sample,428.0,0.8286917405615583
chromophore_sample,429.0,0.8404931093977961
chromophore_sample,430.0,0.8400207251050198
chromophore_sample,431.0,0.8411926382837253
chromophore_sample,432.0,0.8297995185011873
chromophore_sample,433.0,0.806637220330906
chromophore_sample,434.0,0.7843758268430984
chromophore_sample,435.0,0.7539087723141207
chromophore_sample,436.0,0.7193725396471546
chromophore_sample,437.0,0.6756784115635772
chromophore_sample,438.0,0.6311707674544744
chromophore_sample,439.0,0.5774917036696303
chromophore_sample,440.0,0.534214255323249
chromophore_sample,441.0,0.4830366140068884
chromophore_sample,442.0,0.4382818965589847
chromophore_sample,443.0,0.38861107253330573
chromophore_sample,444.0,0.3463155093935967
chromophore_sample,445.0,0.305457845098965
chromophore_sample,446.0,0.2760491504953322
chromophore_sample,447.0,0.23725656198736145
chromophore_sample,448.0,0.2068005942660955
chromophore_sample,449.0,0.18252262181508777
chromophore_sample,450.0,0.15486214446472552
chromophore_sample,451.0,0.13715679774816616
chromophore_sample,452.0,0.11703429982298684
chromophore_sample,453.0,0.10693922378962435
chromophore_sample,454.0,0.10135553289582125
chromophore_sample,455.0,0.08250790944322184
chromophore_sample,456.0,0.07734326082253658
chromophore_sample,457.0,0.06834197423712644
chromophore_sample,458.0,0.06951544610878876
chromophore_sample,459.0,0.06181419489817302
chromophore_sample,460.0,0.059716702665438916
chromophore_sample,461.0,0.058570290764146285
chromophore_sample,462.0,0.057866881089852315
chromophore_sample,463.0,0.058483119451447386
chromophore_sample,464.0,0.05654960079680591
chromophore_sample,465.0,0.046854406394795184
chromophore_sample,466.0,0.054335990600620526
chromophore_sample,467.0,0.057627265821792714
chromophore_sample,468.0,0.05463239618634144
chromophore_sample,469.0,0.05843904514012542
chromophore_sample,470.0,0.052025085884590934
chromophore_sample,471.0,0.05251271591321726
chromophore_sample,472.0,0.05771678117226161
chromophore_sample,473.0,0.052918763847096956
chromophore_sample,474.0,0.057688052401204754
chromophore_sample,475.0,0.05660911369486543
chromophore_sample,476.0,0.05249796007035264
chromophore_sample,477.0,0.05193667148254467
chromophore_sample,478.0,0.05109965310209304
chromophore_sample,479.0,0.05449894186451141
chromophore_sample,480.0,0.05848873057809881
chromophore_sample,481.0,0.06055819867480931
chromophore_sample,482.0,0.05304821931084269
chromophore_sample,483.0,0.06105050568412494
chromophore_sample,484.0,0.05833871510003798
chromophore_sample,485.0,0.05432481370589158
chromophore_sample,486.0,0.05316337551984085
chromophore_sample,487.0,0.05570574406423357
chromophore_sample,488.0,0.057464620134590826
chromophore_sample,489.0,0.05336001881253254
chromophore_sample,490.0,0.06007896365444494
chromophore_sample,491.0,0.05555765822375554
chromophore_sample,492.0,0.05885890560757307
chromophore_sample,493.0,0.057834736322504236
chromophore_sample,494.0,0.06185953997388523
chromophore_sample,495.0,0.05474297608911719
chromophore_sample,496.0,0.05604377103374254
chromophore_sample,497.0,0.0639530606518037
chromophore_sample,498.0,0.06186912758227945
chromophore_sample,499.0,0.05508012578457533
chromophore_sample,500.0,0.06291630085969391
chromophore_sample,501.0,0.05725211103419176
chromophore_sample,502.0,0.061002505337337164
chromophore_sample,503.0,0.05980848783581844
chromophore_sample,504.0,0.0639557929990294
chromophore_sample,505.0,0.06131965115351819
chromophore_sample,506.0,0.06359433720782484
chromophore_sample,507.0,0.06390586310510375
chromophore_sample,508.0,0.061630839946634874
chromophore_sample,509.0,0.06488838652648765
chromophore_sample,510.0,0.059326472837514646
chromophore_sample,511.0,0.06529113131437196
chromophore_sample,512.0,0.06206419566294268
chromophore_sample,513.0,0.06441059985488477
chromophore_sample,514.0,0.0628223051330705
chromophore_sample,515.0,0.06117463526425549
chromophore_sample,516.0,0.06209844755681228
chromophore_sample,517.0,0.06717353452266289
chromophore_sample,518.0,0.06098183938429787
chromophore_sample,519.0,0.06309049584012433
chromophore_sample,520.0,0.06506689379020526
chromophore_sample,521.0,0.06246030463101597
chromophore_sample,522.0,0.06677576267399064
chromophore_sample,523.0,0.06159098016803834
chromophore_sample,524.0,0.06670765322777177
chromophore_sample,525.0,0.06283164652986763
chromophore_sample,526.0,0.0693951958816491
chromophore_sample,527.0,0.06311205006024327
chromophore_sample,528.0,0.07092022553894732
chromophore_sample,529.0,0.06730828577313969
chromophore_sample,530.0,0.06562787660413205
chromophore_sample,531.0,0.06357956208281082
chromophore_sample,532.0,0.0684255535265638
chromophore_sample,533.0,0.06247133705116688
chromophore_sample,534.0,0.07031095193282086
chromophore_sample,535.0,0.06721287806265724
chromophore_sample,536.0,0.06389209412635469
chromophore_sample,537.0,0.06508822578952712
chromophore_sample,538.0,0.07246279459522095
chromophore_sample,539.0,0.06887881622019534
chromophore_sample,540.0,0.0705982426194351
chromophore_sample,541.0,0.06782695931593234
chromophore_sample,542.0,0.07013544863949381
chromophore_sample,543.0,0.07061957922924607
chromophore_sample,544.0,0.06696334189395492
chromophore_sample,545.0,0.07237408349280224
chromophore_sample,546.0,0.07057491292920551
chromophore_sample,547.0,0.06805104885257583
chromophore_sample,548.0,0.06712486033307596
chromophore_sample,549.0,0.06943023676915107
chromophore_sample,550.0,0.07244285779667455
chromophore_sample,551.0,0.06354658209960563
chromophore_sample,552.0,0.07099414660528813
chromophore_sample,553.0,0.06502907442454839
chromophore_sample,554.0,0.06787424320794268
chromophore_sample,555.0,0.07093769985269135
chromophore_sample,556.0,0.07166737967320005
chromophore_sample,557.0,0.06951743499364428
chromophore_sample,558.0,0.072099726594514
chromophore_sample,559.0,0.07653885252464249
chromophore_sample,560.0,0.07253462728973364
chromophore_sample,561.0,0.06714631752614372
chromophore_sample,562.0,0.07015699333879427
chromophore_sample,563.0,0.07858028425441936
chromophore_sample,564.0,0.06828958823296158
chromophore_sample,565.0,0.07698995009577532
chromophore_sample,566.0,0.0730879258834417
chromophore_sample,567.0,0.07129770151978007
chromophore_sample,568.0,0.07025451033130076
chromophore_sample,569.0,0.07183090698654467
chromophore_sample,570.0,0.0691262416535146
chromophore_sample,571.0,0.0784888998631295
chromophore_sample,572.0,0.07414722577631033
chromophore_sample,573.0,0.07811051133678977
chromophore_sample,574.0,0.0723388445535282
chromophore_sample,575.0,0.07581048354375251
chromophore_sample,576.0,0.07967630852776672
chromophore_sample,577.0,0.0752824498139726
chromophore_sample,578.0,0.07708853511678936
chromophore_sample,579.0,0.06991677969189787
chromophore_sample,580.0,0.0771485411628886
chromophore_sample,581.0,0.07851378890112964
chromophore_sample,582.0,0.07652259907728896
chromophore_sample,583.0,0.0775481862231542
chromophore_sample,584.0,0.07368307481844472
chromophore_sample,585.0,0.08013029674847767
chromophore_sample,586.0,0.07571392358848608
chromophore_sample,587.0,0.07900240466654593
chromophore_sample,588.0,0.08008100094653788
chromophore_sample,589.0,0.07879241883635617
chromophore_sample,590.0,0.08619691990821118
chromophore_sample,591.0,0.07949825290076563
chromophore_sample,592.0,0.07769993102471258
chromophore_sample,593.0,0.07887262865038272
chromophore_sample,594.0,0.07947767629041064
chromophore_sample,595.0,0.0829255681581119
chromophore_sample,596.0,0.08243258207666435
chromophore_sample,597.0,0.07693391806879778
chromophore_sample,598.0,0.0800971180891568
chromophore_sample,599.0,0.07635553092233766
chromophore_sample,600.0,0.07984682689683865
chromophore_sample,601.0,0.07857686160515821
chromophore_sample,602.0,0.0791185027376658
chromophore_sample,603.0,0.07800432300734658
chromophore_sample,604.0,0.07256823873461651
chromophore_sample,605.0,0.08010611667551938
chromophore_sample,606.0,0.08297608933921122
chromophore_sample,607.0,0.08325686405047233
chromophore_sample,608.0,0.08190468898673756
chromophore_sample,609.0,0.08378772679790407
chromophore_sample,610.0,0.08131097203496573
chromophore_sample,611.0,0.08044439848165304
chromophore_sample,612.0,0.08514256229696578
chromophore_sample,613.0,0.08285150186999304
chromophore_sample,614.0,0.07851018058902011
chromophore_sample,615.0,0.08453920040130487
chromophore_sample,616.0,0.0825716763265906
chromophore_sample,617.0,0.08526935380231342
chromophore_sample,618.0,0.08618849217372777
chromophore_sample,619.0,0.08674466830384803
chromophore_sample,620.0,0.08211595444749206
chromophore_sample,621.0,0.08218159030166533
chromophore_sample,622.0,0.07410343389663836
chromophore_sample,623.0,0.08553121335078541
chromophore_sample,624.0,0.08284375583533701
chromophore_sample,625.0,0.08332890587620825
chromophore_sample,626.0,0.08456996586056521
chromophore_sample,627.0,0.08603596332215062
chromophore_sample,628.0,0.08721892776976926
chromophore_sample,629.0,0.08823142499221669
chromophore_sample,630.0,0.08442769344826324
chromophore_sample,631.0,0.08584409402003738
chromophore_sample,632.0,0.08115218197056377
chromophore_sample,633.0,0.08839204293533857
chromophore_sample,634.0,0.08274085283791258
chromophore_sample,635.0,0.08448806381122585
chromophore_sample,636.0,0.08110197964480893
chromophore_sample,637.0,0.09148532506339742
chromophore_sample,638.0,0.09161391988602063
chromophore_sample,639.0,0.09167838552738458
chromophore_sample,640.0,0.08639229858348048
chromophore_sample,641.0,0.09261251719123162
chromophore_sample,642.0,0.08629983647233679
chromophore_sample,643.0,0.09009714365866998
chromophore_sample,644.0,0.09228297130108792
chromophore_sample,645.0,0.09041362949336278
chromophore_sample,646.0,0.08821933924911732
chromophore_sample,647.0,0.09165976518773569
chromophore_sample,648.0,0.08845412920346092
chromophore_sample,649.0,0.08936620871432825
chromophore_sample,650.0,0.09277630256378103
chromophore_sample,651.0,0.09016024439669386
chromophore_sample,652.0,0.0918499136411823
chromophore_sample,653.0,0.09394890733507441
chromophore_sample,654.0,0.09217610394987627
chromophore_sample,655.0,0.09565480728208635
chromophore_sample,656.0,0.09386700945632363
chromophore_sample,657.0,0.0882764484912644
chromophore_sample,658.0,0.09328772271999106
chromophore_sample,659.0,0.09210798492331713
chromophore_sample,660.0,0.09251630217682692
chromophore_sample,661.0,0.09218533118985824
chromophore_sample,662.0,0.08730621370209722
chromophore_sample,663.0,0.08437879267516385
chromophore_sample,664.0,0.09421503710860586
chromophore_sample,665.0,0.09558191322166447
chromophore_sample,666.0,0.09000857063229342
chromophore_sample,667.0,0.09494390033867461
chromophore_sample,668.0,0.09600078851285294
chromophore_sample,669.0,0.0947882938079142
chromophore_sample,670.0,0.0918395885037069
chromophore_sample,671.0,0.0925066255867514
chromophore_sample,672.0,0.09545495147882213
chromophore_sample,673.0,0.09474794900792505
chromophore_sample,674.0,0.09803709245606369
chromophore_sample,675.0,0.0918680558488865
chromophore_sample,676.0,0.09656386165683152
chromophore_sample,677.0,0.09201716700054448
chromophore_sample,678.0,0.09102105828740263
chromophore_sample,679.0,0.09655366666119071
chromophore_sample,680.0,0.09653956745786385
chromophore_sample,681.0,0.09022763909777314
chromophore_sample,682.0,0.09775630913836038
chromophore_sample,683.0,0.10076128385785897
chromophore_sample,684.0,0.10028461015781784
chromophore_sample,685.0,0.09516665827701293
chromophore_sample,686.0,0.09532926932375185
chromophore_sample,687.0,0.09496813825160692
chromophore_sample,688.0,0.09603217187318132
chromophore_sample,689.0,0.10005375642090071
chromophore_sample,690.0,0.09452234586089452
chromophore_sample,691.0,0.09786806536012693
chromophore_sample,692.0,0.1003779910291654
chromophore_sample,693.0,0.10586729895678466
chromophore_sample,694.0,0.09677941361459524
chromophore_sample,695.0,0.09745731808454754
chromophore_sample,696.0,0.09495095047527873
chromophore_sample,697.0,0.09565634956961985
chromophore_sample,698.0,0.09757648711577269
chromophore_sample,699.0,0.09802295716470354
chromophore_sample,700.0,0.09835498379477356
chromophore_sample,701.0,0.10125666510291173
chromophore_sample,702.0,0.10011900755446174
chromophore_sample,703.0,0.10179352454744015
chromophore_sample,704.0,0.10204365987276244
chromophore_sample,705.0,0.10124911209793036
chromophore_sample,706.0,0.10086373003293145
chromophore_sample,707.0,0.09949874387275923
chromophore_sample,708.0,0.0974454111383155
chromophore_sample,709.0,0.10007340133638228
chromophore_sample,710.0,0.10004959958088859
chromophore_sample,711.0,0.10455651913637865
chromophore_sample,712.0,0.10325477951923731
chromophore_sample,713.0,0.10140233265601287
chromophore_sample,714.0,0.10919017718566545
chromophore_sample,715.0,0.1090628055519581
chromophore_sample,716.0,0.09828033739826189
chromophore_sample,717.0,0.10447849440225865
chromophore_sample,718.0,0.10086107914596011
chromophore_sample,719.0,0.10323481778031494
chromophore_sample,720.0,0.10142070699951099
chromophore_sample,721.0,0.10288287973887514
chromophore_sample,722.0,0.10557847055973558
chromophore_sample,723.0,0.10561615129454681
chromophore_sample,724.0,0.10569265582626074
chromophore_sample,725.0,0.10318549614445564
chromophore_sample,726.0,0.096782575214063
chromophore_sample,727.0,0.1127233492737946
chromophore_sample,728.0,0.10202608821272073
chromophore_sample,729.0,0.10364411438401425
chromophore_sample,730.0,0.10643387540140334
chromophore_sample,731.0,0.10438557526402692
chromophore_sample,732.0,0.10656285620484299
chromophore_sample,733.0,0.10265763566458312
chromophore_sample,734.0,0.11010232213656082
chromophore_sample,735.0,0.10634641734419362
chromophore_sample,736.0,0.10506876127680916
chromophore_sample,737.0,0.10639385439206984
chromophore_sample,738.0,0.10624228458448456
chromophore_sample,739.0,0.11307821804104168
chromophore_sample,740.0,0.10673657122035604
chromophore_sample,741.0,0.10729830096842137
chromophore_sample,742.0,0.11370465181410057
chromophore_sample,743.0,0.10859173584913383
chromophore_sample,744.0,0.1080365587788785
chromophore_sample,745.0,0.10924958532842059
chromophore_sample,746.0,0.10679569985452496
chromophore_sample,747.0,0.11236260144156617
chromophore_sample,748.0,0.10983022107242801
chromophore_sample,749.0,0.11390190329041278
chromophore_sample,750.0,0.11344994253384287
chromophore_sample,751.0,0.10939997812579814
chromophore_sample,752.0,0.10246208996611236
chromophore_sample,753.0,0.1095943316469546
chromophore_sample,754.0,0.11053693346229639
chromophore_sample,755.0,0.1082582103253861
chromophore_sample,756.0,0.1113680924192389
chromophore_sample,757.0,0.11097783656057664
chromophore_sample,758.0,0.11218129073579734
chromophore_sample,759.0,0.11405723601392005
chromophore_sample,760.0,0.11081669273436251
chromophore_sample,761.0,0.11553718940597278
chromophore_sample,762.0,0.11244394773729624
chromophore_sample,763.0,0.11171630407684487
chromophore_sample,764.0,0.11111711144540519
chromophore_sample,765.0,0.11492152245374915
chromophore_sample,766.0,0.11529243480614264
chromophore_sample,767.0,0.11398237427465224
chromophore_sample,768.0,0.11642277061810989
chromophore_sample,769.0,0.11451716037449436
chromophore_sample,770.0,0.11707894933431927
chromophore_sample,771.0,0.1151086655113448
chromophore_sample,772.0,0.11800770572383905
chromophore_sample,773.0,0.11403456513160554
chromophore_sample,774.0,0.11156229361968861
chromophore_sample,775.0,0.11202746389952568
chromophore_sample,776.0,0.11283086840699325
chromophore_sample,777.0,0.11450119101000189
chromophore_sample,778.0,0.11588922006286999
chromophore_sample,779.0,0.11567165135473001
chromophore_sample,780.0,0.11823171503754616
chromophore_sample,781.0,0.11032332583059254
chromophore_sample,782.0,0.11141357847516209
chromophore_sample,783.0,0.11447518952093695
chromophore_sample,784.0,0.11890841148107277
chromophore_sample,785.0,0.11473983044643614
chromophore_sample,786.0,0.11611318452015233
chromophore_sample,787.0,0.11589661395687045
chromophore_sample,788.0,0.1167118653259208
chromophore_sample,789.0,0.11634907178639614
chromophore_sample,790.0,0.11490815339472546
chromophore_sample,791.0,0.11892219975005427
chromophore_sample,792.0,0.11552927695285331
chromophore_sample,793.0,0.12066596068891383
chromophore_sample,794.0,0.12105767446839091
chromophore_sample,795.0,0.11594286268409347
chromophore_sample,796.0,0.11684228101485064
chromophore_sample,797.0,0.11906452600741628
chromophore_sample,798.0,0.12100787405225973
chromophore_sample,799.0,0.12338262837924938
chromophore_sample,800.0,0.11978137821164044
blank_control,200.0,0.0011286006351361444
blank_control,201.0,-0.00011342125691270489
blank_control,202.0,-0.0004395291656559068
blank_control,203.0,0.001281886085033546
blank_control,204.0,0.0006056358334710321
blank_control,205.0,0.0007485403597866596
blank_control,206.0,0.0016455738970763945
blank_control,207.0,0.0034577147756180036
blank_control,208.0,0.002797533208324134
blank_control,209.0,0.002166195044005163
blank_control,210.0,0.003528318197807823
blank_control,211.0,0.0019141668725481777
blank_control,212.0,0.0017647587790787364
blank_control,213.0,0.003399027792366639
blank_control,214.0,0.0021212653527056605
blank_control,215.0,0.002780842780367262
blank_control,216.0,0.003915694859073115
blank_control,217.0,0.0027621551507230847
blank_control,218.0,0.002658194033239479
blank_control,219.0,0.004710879106199486
blank_control,220.0,0.0054921238292812685
blank_control,221.0,0.004495798835105957
blank_control,222.0,0.004577276795270492
blank_control,223.0,0.004861500441841695
blank_control,224.0,0.00501337098072859
blank_control,225.0,0.006588234914267019
blank_control,226.0,0.006036466249867829
blank_control,227.0,0.0035733608788384667
blank_control,228.0,0.0070121832971865635
blank_control,229.0,0.00417856122867023
blank_control,230.0,0.006209985307631257
blank_control,231.0,0.006007611755795668
blank_control,232.0,0.0040691013189901905
blank_control,233.0,0.008280848688351924
blank_control,234.0,0.007675226071704044
blank_control,235.0,0.006847203747812048
blank_control,236.0,0.0069909391393473365
blank_control,237.0,0.007553090591177531
blank_control,238.0,0.007515965659089743
blank_control,239.0,0.008681752739254759
blank_control,240.0,0.01101819559756504
blank_control,241.0,0.009491755170989232
blank_control,242.0,0.008563053384640659
blank_control,243.0,0.00870467120181686
blank_control,244.0,0.007888436177996238
blank_control,245.0,0.00846747534681552
blank_control,246.0,0.00933883026714804
blank_control,247.0,0.008880787543252328
blank_control,248.0,0.010009580613392303
blank_control,249.0,0.008383138581150841
blank_control,250.0,0.010376973146002466
blank_control,251.0,0.010910274891980773
blank_control,252.0,0.01017870432880348
blank_control,253.0,0.010271521343840137
blank_control,254.0,0.01054970419223573
blank_control,255.0,0.01242494553829699
blank_control,256.0,0.01317148320748328
blank_control,257.0,0.01325666225089435
blank_control,258.0,0.013147379174816882
blank_control,259.0,0.011576023576319162
blank_control,260.0,0.013422009969449186
blank_control,261.0,0.013240840406367173
blank_control,262.0,0.010000257213667077
blank_control,263.0,0.011721184735622614
blank_control,264.0,0.01303128291929314
blank_control,265.0,0.011748896708229241
blank_control,266.0,0.01277260386418342
blank_control,267.0,0.013321747093536736
blank_control,268.0,0.013453745458670877
blank_control,269.0,0.01230207818293886
blank_control,270.0,0.012441630881453364
blank_control,271.0,0.014461409384876783
blank_control,272.0,0.015462484637540632
blank_control,273.0,0.012832247981608657
blank_control,274.0,0.014938673453180886
blank_control,275.0,0.016106851713993498
blank_control,276.0,0.016127119337658875
blank_control,277.0,0.015787362788744954
blank_control,278.0,0.015618259667609186
blank_control,279.0,0.016540130849778435
blank_control,280.0,0.01558035377370628
blank_control,281.0,0.015936340266300083
blank_control,282.0,0.018293406220613245
blank_control,283.0,0.019148534573941972
blank_control,284.0,0.019801347093399993
blank_control,285.0,0.017080866931203753
blank_control,286.0,0.016604676621423516
blank_control,287.0,0.01832346300954959
blank_control,288.0,0.02032981147446212
blank_control,289.0,0.01970595649139588
blank_control,290.0,0.01857642149836934
blank_control,291.0,0.019239836009029444
blank_control,292.0,0.017408300002222956
blank_control,293.0,0.018724728254138904
blank_control,294.0,0.016980764472355837
blank_control,295.0,0.01884875258239194
blank_control,296.0,0.018890046637721987
blank_control,297.0,0.01864040465013558
blank_control,298.0,0.019369617006975016
blank_control,299.0,0.019702464841503682
blank_control,300.0,0.02127240747303177
blank_control,301.0,0.019393349403443616
blank_control,302.0,0.021252465666677177
blank_control,303.0,0.02191450942662146
blank_control,304.0,0.021722686812189106
blank_control,305.0,0.0224467939506771
blank_control,306.0,0.020804278869263313
blank_control,307.0,0.022401141045079603
blank_control,308.0,0.02310382610788511
blank_control,309.0,0.02156974455264965
blank_control,310.0,0.02359202154365691
blank_control,311.0,0.020888650491634967
blank_control,312.0,0.022761260994791064
blank_control,313.0,0.02242891835435994
blank_control,314.0,0.022543344888874786
blank_control,315.0,0.023607681020254425
blank_control,316.0,0.023945509574120057
blank_control,317.0,0.023118698140311443
blank_control,318.0,0.02578430211638462
blank_control,319.0,0.025602954350538082
blank_control,320.0,0.024649946114890863
blank_control,321.0,0.02452110357282324
blank_control,322.0,0.023311104704466838
blank_control,323.0,0.024131451989338387
blank_control,324.0,0.024359556315166328
blank_control,325.0,0.025552813117467862
blank_control,326.0,0.02439788422434038
blank_control,327.0,0.02418257475132236
blank_control,328.0,0.024661641852350005
blank_control,329.0,0.026391108192285545
blank_control,330.0,0.028007890560466403
blank_control,331.0,0.026815078625119903
blank_control,332.0,0.0256960691456222
blank_control,333.0,0.026581704329011694
blank_control,334.0,0.027557440019034242
blank_control,335.0,0.0291249649675715
blank_control,336.0,0.02832946045593338
blank_control,337.0,0.028295501244660626
blank_control,338.0,0.027115727454815268
blank_control,339.0,0.027091283957856323
blank_control,340.0,0.028527316654197134
blank_control,341.0,0.027870809311277923
blank_control,342.0,0.029186185952546136
blank_control,343.0,0.02915268547889417
blank_control,344.0,0.029751117289145375
blank_control,345.0,0.030512426498714957
blank_control,346.0,0.029300978211270392
blank_control,347.0,0.028861731062220657
blank_control,348.0,0.03072598697549085
blank_control,349.0,0.030535621918045385
blank_control,350.0,0.029411910020988107
blank_control,351.0,0.03016220093765236
blank_control,352.0,0.028909866621389457
blank_control,353.0,0.029692484085190728
blank_control,354.0,0.029606681639265327
blank_control,355.0,0.03143540585907051
blank_control,356.0,0.02932981265250114
blank_control,357.0,0.03293223588794446
blank_control,358.0,0.03220059514018771
blank_control,359.0,0.03069662170937329
blank_control,360.0,0.03232094662829738
blank_control,361.0,0.033165417965922366
blank_control,362.0,0.03222803125558785
blank_control,363.0,0.03184215032581882
blank_control,364.0,0.03364268964377654
blank_control,365.0,0.03341129785571616
blank_control,366.0,0.032990616272367476
blank_control,367.0,0.03403143452921464
blank_control,368.0,0.034755931683040676
blank_control,369.0,0.03423719963448415
blank_control,370.0,0.033080863567975155
blank_control,371.0,0.034797826273303314
blank_control,372.0,0.03281929643408716
blank_control,373.0,0.03342689214939167
blank_control,374.0,0.036183922418681715
blank_control,375.0,0.033091464748941
blank_control,376.0,0.03621824949083985
blank_control,377.0,0.035979034263101846
blank_control,378.0,0.03695054151692924
blank_control,379.0,0.0338813501429513
blank_control,380.0,0.036330717681196556
blank_control,381.0,0.03694857634430559
blank_control,382.0,0.03668246981760839
blank_control,383.0,0.036773585542323906
blank_control,384.0,0.03591993322487567
blank_control,385.0,0.038198006779282
blank_control,386.0,0.03687133688478704
blank_control,387.0,0.039035986500835944
blank_control,388.0,0.03640131416743655
blank_control,389.0,0.03635128915451366
blank_control,390.0,0.036845407244778416
blank_control,391.0,0.03998450372765911
blank_control,392.0,0.038341469457092756
blank_control,393.0,0.04085718347917467
blank_control,394.0,0.038305151179390054
blank_control,395.0,0.04014613817749788
blank_control,396.0,0.039337712575317874
blank_control,397.0,0.03809790624167318
blank_control,398.0,0.038405445262797
blank_control,399.0,0.03934331035925715
blank_control,400.0,0.039074577841978125
blank_control,401.0,0.03809779429597486
blank_control,402.0,0.03907398926283366
blank_control,403.0,0.03920029126626795
blank_control,404.0,0.041992069462518614
blank_control,405.0,0.04001185981941844
blank_control,406.0,0.040236877738890266
blank_control,407.0,0.041558430560395467
blank_control,408.0,0.04146420781518469
blank_control,409.0,0.04071167626193585
blank_control,410.0,0.04166228265395036
blank_control,411.0,0.04231578278261244
blank_control,412.0,0.04191781968452209
blank_control,413.0,0.041933143319806944
blank_control,414.0,0.042414171527465044
blank_control,415.0,0.04177094273984066
blank_control,416.0,0.042657552811701915
blank_control,417.0,0.04382869837967277
blank_control,418.0,0.04372429111241534
blank_control,419.0,0.044262867303310034
blank_control,420.0,0.0434200089035903
blank_control,421.0,0.04514501888338894
blank_control,422.0,0.04386946490781137
blank_control,423.0,0.04385295257179306
blank_control,424.0,0.044372092929768646
blank_control,425.0,0.04422985246682345
blank_control,426.0,0.04657682531909374
blank_control,427.0,0.04422794547365251
blank_control,428.0,0.0445655379557051
blank_control,429.0,0.04295514378160064
blank_control,430.0,0.04542025747843885
blank_control,431.0,0.04805662954659768
blank_control,432.0,0.04391812126706917
blank_control,433.0,0.04661694104610936
blank_control,434.0,0.046869735758901854
blank_control,435.0,0.04805918646664836
blank_control,436.0,0.04636791902806665
blank_control,437.0,0.04700771584904454
blank_control,438.0,0.04933139633099606
blank_control,439.0,0.048468639131848575
blank_control,440.0,0.048322330643530406
blank_control,441.0,0.047837362298112286
blank_control,442.0,0.04894603759031768
blank_control,443.0,0.048695283789286066
blank_control,444.0,0.048104035947745684
blank_control,445.0,0.04969531071491449
blank_control,446.0,0.04950733610896474
blank_control,447.0,0.0502241718568548
blank_control,448.0,0.04950703296260877
blank_control,449.0,0.0491700408551401
blank_control,450.0,0.04854808442741792
blank_control,451.0,0.050479904782012884
blank_control,452.0,0.0501013817867109
blank_control,453.0,0.05083350208656868
blank_control,454.0,0.05103074550708319
blank_control,455.0,0.05146206025439369
blank_control,456.0,0.051945304213539746
blank_control,457.0,0.051915186072450395
blank_control,458.0,0.05311508372749053
blank_control,459.0,0.053058848081579506
blank_control,460.0,0.05242746065867013
blank_control,461.0,0.05283978840367406
blank_control,462.0,0.05342326592822572
blank_control,463.0,0.053361577509658434
blank_control,464.0,0.05398173615929816
blank_control,465.0,0.053355151947439707
blank_control,466.0,0.052992005917730234
blank_control,467.0,0.05592690621387574
blank_control,468.0,0.052065959378523624
blank_control,469.0,0.05368217842899893
blank_control,470.0,0.055096259626186035
blank_control,471.0,0.05509302815534246
blank_control,472.0,0.05549031692252334
blank_control,473.0,0.05420363519721119
blank_control,474.0,0.05387345196003345
blank_control,475.0,0.05405697310718426
blank_control,476.0,0.05508348773746338
blank_control,477.0,0.055407076411833754
blank_control,478.0,0.05578137156737785
blank_control,479.0,0.05557333006346501
blank_control,480.0,0.05639794183486995
blank_control,481.0,0.055454727882706965
blank_control,482.0,0.05629447348469961
blank_control,483.0,0.05607051485675991
blank_control,484.0,0.058507660263892515
blank_control,485.0,0.05707309207070153
blank_control,486.0,0.05803724003803793
blank_control,487.0,0.05695019083915686
blank_control,488.0,0.057189475178418867
blank_control,489.0,0.05732057535273245
blank_control,490.0,0.05984677160114857
blank_control,491.0,0.05855279524217513
blank_control,492.0,0.05862288318494405
blank_control,493.0,0.05915956745011348
blank_control,494.0,0.06121062162636039
blank_control,495.0,0.058073564031983264
blank_control,496.0,0.05966279751098918
blank_control,497.0,0.059699188849727754
blank_control,498.0,0.058386753754490574
blank_control,499.0,0.059773948378660735
blank_control,500.0,0.059447125301245095
blank_control,501.0,0.05876009598110371
blank_control,502.0,0.06093956588021668
blank_control,503.0,0.05949683489619535
blank_control,504.0,0.061599196277399515
blank_control,505.0,0.061126978898464
blank_control,506.0,0.06212813611664009
blank_control,507.0,0.062048273289588965
blank_control,508.0,0.061303922000332
blank_control,509.0,0.060755227778199763
blank_control,510.0,0.06020053446882309
blank_control,511.0,0.06068770019738887
blank_control,512.0,0.06329935236479212
blank_control,513.0,0.06175145521673616
blank_control,514.0,0.06416601692524722
blank_control,515.0,0.06343596971239049
blank_control,516.0,0.06362917751251672
blank_control,517.0,0.06321097631354283
blank_control,518.0,0.06497888412441623
blank_control,519.0,0.06549565563206113
blank_control,520.0,0.0656670960121221
blank_control,521.0,0.06359661621414059
blank_control,522.0,0.0633836038407081
blank_control,523.0,0.06403231840298469
blank_control,524.0,0.06439152887240998
blank_control,525.0,0.06403867592491658
blank_control,526.0,0.06472163756313172
blank_control,527.0,0.0664624363937942
blank_control,528.0,0.0647179170246546
blank_control,529.0,0.06509301271157202
blank_control,530.0,0.0646400348253458
blank_control,531.0,0.06542704308045304
blank_control,532.0,0.06629911653862786
blank_control,533.0,0.06714710932535436
blank_control,534.0,0.06542849609076795
blank_control,535.0,0.06594935539088229
blank_control,536.0,0.06716652735699682
blank_control,537.0,0.06803604422175104
blank_control,538.0,0.06603215050828745
blank_control,539.0,0.06894992938902464
blank_control,540.0,0.06567760623246553
blank_control,541.0,0.06903586350575258
blank_control,542.0,0.06873847637201683
blank_control,543.0,0.06956313198231885
blank_control,544.0,0.06898729874348117
blank_control,545.0,0.06781535977129502
blank_control,546.0,0.06895945937848479
blank_control,547.0,0.06838585222949753
blank_control,548.0,0.06784673216406428
blank_control,549.0,0.06898398432178623
blank_control,550.0,0.06954968290474148
blank_control,551.0,0.07065681058059628
blank_control,552.0,0.07094649346909167
blank_control,553.0,0.0692624293107961
blank_control,554.0,0.0696478278388075
blank_control,555.0,0.07235165444151202
blank_control,556.0,0.07076594199765038
blank_control,557.0,0.07146691048928377
blank_control,558.0,0.07201488577299783
blank_control,559.0,0.0710065213488071
blank_control,560.0,0.07359680431566855
blank_control,561.0,0.07215502554745189
blank_control,562.0,0.07183941716315743
blank_control,563.0,0.07253487575825841
blank_control,564.0,0.07106746809286822
blank_control,565.0,0.07382909677164022
blank_control,566.0,0.07414285435251895
blank_control,567.0,0.07342558137768199
blank_control,568.0,0.07466097074295991
blank_control,569.0,0.07277563871097674
blank_control,570.0,0.07351289230410266
blank_control,571.0,0.07479785753483896
blank_control,572.0,0.07479209338871344
blank_control,573.0,0.07546570425667473
blank_control,574.0,0.07552984134330067
blank_control,575.0,0.07287525861109675
blank_control,576.0,0.0745081569154973
blank_control,577.0,0.07438319194744321
blank_control,578.0,0.07493045261755
blank_control,579.0,0.07612289400644821
blank_control,580.0,0.07521409061222328
blank_control,581.0,0.07537658002927417
blank_control,582.0,0.0771699380053462
blank_control,583.0,0.07657272969359838
blank_control,584.0,0.07552112702043223
blank_control,585.0,0.0774693607638518
blank_control,586.0,0.07737171927433993
blank_control,587.0,0.07585825690356074
blank_control,588.0,0.07692691818367373
blank_control,589.0,0.07674413202844425
blank_control,590.0,0.07863422444090874
blank_control,591.0,0.07796119547171146
blank_control,592.0,0.07782940686335996
blank_control,593.0,0.07930460529495448
blank_control,594.0,0.07955676781409879
blank_control,595.0,0.07938189242202899
blank_control,596.0,0.07863655681004607
blank_control,597.0,0.07801516206115217
blank_control,598.0,0.07959539947267207
blank_control,599.0,0.07975107972474163
blank_control,600.0,0.08007030569471192
blank_control,601.0,0.08049891059722884
blank_control,602.0,0.08088718602625422
blank_control,603.0,0.08094468704920008
blank_control,604.0,0.07894044395140537
blank_control,605.0,0.07931004823050723
blank_control,606.0,0.08133266182660126
blank_control,607.0,0.08135143660612128
blank_control,608.0,0.08278917386462747
blank_control,609.0,0.08283178366370281
blank_control,610.0,0.08333001939666275
blank_control,611.0,0.082943378441691
blank_control,612.0,0.0836157745248576
blank_control,613.0,0.08326929453633053
blank_control,614.0,0.08293389460470701
blank_control,615.0,0.08362116219535437
blank_control,616.0,0.08278151000039913
blank_control,617.0,0.08229108169092599
blank_control,618.0,0.08216066171748147
blank_control,619.0,0.08476720677883227
blank_control,620.0,0.08418251697976158
blank_control,621.0,0.08362599074422915
blank_control,622.0,0.08484492305457637
blank_control,623.0,0.08386891684798804
blank_control,624.0,0.08408034362832931
blank_control,625.0,0.08444580083971767
blank_control,626.0,0.08359645713463
blank_control,627.0,0.08336780431676888
blank_control,628.0,0.0836204942045865
blank_control,629.0,0.08482172571113301
blank_control,630.0,0.08672259204742376
blank_control,631.0,0.08607169958506927
blank_control,632.0,0.08599643734700223
blank_control,633.0,0.08543956993730555
blank_control,634.0,0.08574424843064049
blank_control,635.0,0.08670232446825091
blank_control,636.0,0.08748378243320311
blank_control,637.0,0.08655394217929722
blank_control,638.0,0.08658213726499746
blank_control,639.0,0.08782080897974671
blank_control,640.0,0.089852698576794
blank_control,641.0,0.08924387386145954
blank_control,642.0,0.08831089093159637
blank_control,643.0,0.08904410611755989
blank_control,644.0,0.08988622956580442
blank_control,645.0,0.08867880142170578
blank_control,646.0,0.09078334908281258
blank_control,647.0,0.08905848541524927
blank_control,648.0,0.08924046752765202
blank_control,649.0,0.08824699612772031
blank_control,650.0,0.08894601172036198
blank_control,651.0,0.09012523015345694
blank_control,652.0,0.09017101923144569
blank_control,653.0,0.09052611297016262
blank_control,654.0,0.09239555750492548
blank_control,655.0,0.09152056861844093
blank_control,656.0,0.09222270266603817
blank_control,657.0,0.09154102532282966
blank_control,658.0,0.08989074455115759
blank_control,659.0,0.09165131453951583
blank_control,660.0,0.0928353049007586
blank_control,661.0,0.09304736286478482
blank_control,662.0,0.09339642921627722
blank_control,663.0,0.09430844252422418
blank_control,664.0,0.09351357717416145
blank_control,665.0,0.09205697757282824
blank_control,666.0,0.09364182523726881
blank_control,667.0,0.09379829566597868
blank_control,668.0,0.09310786445220598
blank_control,669.0,0.09324743668585087
blank_control,670.0,0.09544824990960891
blank_control,671.0,0.09495237843088673
blank_control,672.0,0.09318074332142252
blank_control,673.0,0.09564311161838782
blank_control,674.0,0.09461143356900834
blank_control,675.0,0.0940759318737085
blank_control,676.0,0.0947827962579311
blank_control,677.0,0.09573479530595895
blank_control,678.0,0.09644553034128424
blank_control,679.0,0.09546752869292009
blank_control,680.0,0.09710744967641258
blank_control,681.0,0.09537571549315278
blank_control,682.0,0.09532803749053664
blank_control,683.0,0.09480735618140139
blank_control,684.0,0.09778534152495764
blank_control,685.0,0.09604911681041388
blank_control,686.0,0.09674925963950123
blank_control,687.0,0.09733746921752032
blank_control,688.0,0.0981165950260164
blank_control,689.0,0.09786467165495755
blank_control,690.0,0.09791845835208654
blank_control,691.0,0.0970891223638073
blank_control,692.0,0.09834262690640498
blank_control,693.0,0.09930620045150462
blank_control,694.0,0.09837410047699013
blank_control,695.0,0.09783576869987352
blank_control,696.0,0.09969338093152712
blank_control,697.0,0.0992037962110798
blank_control,698.0,0.09814384751687583
blank_control,699.0,0.09927227531169039
blank_control,700.0,0.10015085221809555
blank_control,701.0,0.10117634510519989
blank_control,702.0,0.10058311174038231
blank_control,703.0,0.10036800443090033
blank_control,704.0,0.10033047157891962
blank_control,705.0,0.10010560091879893
blank_control,706.0,0.10040391841002827
blank_control,707.0,0.10385413049478176
blank_control,708.0,0.10110979118421469
blank_control,709.0,0.10212477671530239
blank_control,710.0,0.10053714501150605
blank_control,711.0,0.10085998294335552
blank_control,712.0,0.10186824189020466
blank_control,713.0,0.10283857643733106
blank_control,714.0,0.10247714758984444
blank_control,715.0,0.10375575175809107
blank_control,716.0,0.10356783776114148
blank_control,717.0,0.10363561984342433
blank_control,718.0,0.10425464387522682
blank_control,719.0,0.10265375854059591
blank_control,720.0,0.10435359648527123
blank_control,721.0,0.10346875204532027
blank_control,722.0,0.1041058321856358
blank_control,723.0,0.10496516759515359
blank_control,724.0,0.10536683890345552
blank_control,725.0,0.10517921782131588
blank_control,726.0,0.10291447658574607
blank_control,727.0,0.10661182652517372
blank_control,728.0,0.10525513975213066
blank_control,729.0,0.10427726776416292
blank_control,730.0,0.10551596485851887
blank_control,731.0,0.10615081560002408
blank_control,732.0,0.10657052484697555
blank_control,733.0,0.10520147196122913
blank_control,734.0,0.1067767687542209
blank_control,735.0,0.10619107918751305
blank_control,736.0,0.10719572051953377
blank_control,737.0,0.10736736980115116
blank_control,738.0,0.10682139491881198
blank_control,739.0,0.10808199099698569
blank_control,740.0,0.10810993624244547
blank_control,741.0,0.10847888403931327
blank_control,742.0,0.1079178974058975
blank_control,743.0,0.10913340343584099
blank_control,744.0,0.10865618251039401
blank_control,745.0,0.1098770306134263
blank_control,746.0,0.11026912938394842
blank_control,747.0,0.10913747713126769
blank_control,748.0,0.10988496111986873
blank_control,749.0,0.1100238026982901
blank_control,750.0,0.11035053252778387
blank_control,751.0,0.11036481903367307
blank_control,752.0,0.11012984924594633
blank_control,753.0,0.11228954708888943
blank_control,754.0,0.11171657074700125
blank_control,755.0,0.1107246038244528
blank_control,756.0,0.11015558358929242
blank_control,757.0,0.11145610821297616
blank_control,758.0,0.11266010200776529
blank_control,759.0,0.11069366659466083
blank_control,760.0,0.11164816443174196
blank_control,761.0,0.11103240461554627
blank_control,762.0,0.11208418453644226
blank_control,763.0,0.11346471237322278
blank_control,764.0,0.11370682442266024
blank_control,765.0,0.11100250984382488
blank_control,766.0,0.11339861902501008
blank_control,767.0,0.11263324771033761
blank_control,768.0,0.11417672586692464
blank_control,769.0,0.1125609827945936
blank_control,770.0,0.11468708002930095
blank_control,771.0,0.11238873587123259
blank_control,772.0,0.11318120233174174
blank_control,773.0,0.11402978448857856
blank_control,774.0,0.1156089940689197
blank_control,775.0,0.114898931540869
blank_control,776.0,0.11551943971693403
blank_control,777.0,0.11469656460514621
blank_control,778.0,0.11662711072946194
blank_control,779.0,0.11523256561357872
blank_control,780.0,0.11473950993480461
blank_control,781.0,0.11546851395536166
blank_control,782.0,0.1160343990308879
blank_control,783.0,0.11771012729849938
blank_control,784.0,0.11633288119184236
blank_control,785.0,0.11557907451181548
blank_control,786.0,0.11732986744305335
blank_control,787.0,0.1158768505062149
blank_control,788.0,0.11703357526928965
blank_control,789.0,0.1165729225785449
blank_control,790.0,0.11724445696845123
blank_control,791.0,0.11831018934995359
blank_control,792.0,0.11865127169318974
blank_control,793.0,0.11839371942566014
blank_control,794.0,0.11853454377323253
blank_control,795.0,0.11848926332975063
blank_control,796.0,0.11887501172571721
blank_control,797.0,0.11866913520961293
blank_control,798.0,0.1182857298309433
blank_control,799.0,0.11878704295472421
blank_control,800.0,0.11892682569031945
