sample_id,species,wn_1000,wn_1020,wn_1050,wn_1100,wn_1160,wn_1200,wn_1300,wn_1400,wn_1450,wn_1550,wn_1650,wn_1700,wn_1750,wn_2800,wn_2850,wn_2900,wn_2950,wn_3000,wn_3200,wn_3300,wn_3400,wn_3500
FTIR_S001,Porphyridium purpureum,82.3058772775388,55.8014385907604,81.47256921568408,73.80470194940429,70.10198864514874,53.78950553611125,67.31970997637467,67.17388698827928,51.66123348541745,78.27438614107778,53.814848430114026,76.67775537797333,89.80256474842409,50.777388463099406,88.91551647051959,72.38171990125849,75.59835207309332,48.87374530803552,48.166618394011664,70.28475310632143,65.07150743226185,51.999941085561865
FTIR_S002,Spirulina platensis,79.32687788799932,86.96153291086513,86.45562087991307,75.86708940668812,85.91662092523408,53.168382128749144,55.62664454875375,49.41667830826018,64.63826487531897,68.25957164472092,60.70994102779517,85.15656616186122,72.07071226011301,66.48142759752307,79.0756703775517,58.71304213192244,82.01622715194169,56.111313058818844,84.2359872558412,82.53359578061675,58.122721397843236,49.62286998401236
FTIR_S003,Nannochloropsis gaditana,69.83224293258932,75.78249788630896,55.827282654978625,71.67780772551285,75.4838748810405,57.815776074358496,85.90016837150948,72.31991034929578,76.82515196408559,84.0790568638135,70.7909625859772,64.35282849504134,54.18880371318726,68.20662992814609,60.37336451310647,64.55118897588098,83.81455611571823,63.88863213764924,54.754762086424996,64.94171819316846,86.11296299112519,60.402529712096985
FTIR_S004,Chlorella vulgaris,57.7436271582113,58.895663693684,68.01160382643006,88.78189513201266,61.309245295199354,74.42369326336723,80.91970448235696,62.11978726826084,75.91368747535192,65.08059302583473,75.81199881224003,76.90483417399041,68.95708594123417,50.97067757600778,84.45598295480332,70.69012969731517,69.41345402078042,59.06756637123443,72.2756682843727,77.56708186801332,51.24965810371161,69.0550194959185
FTIR_S005,Spirulina platensis,57.68365675222996,70.23503646183087,75.53402291158551,77.04339521059039,58.523846807770695,79.91516984208562,60.436438749019096,62.870330101056965,78.16606876858415,72.95562151251686,83.07590651563308,78.01731328066069,78.67371708720523,57.14003257883152,70.51758244317402,61.37872946672669,57.991870862761076,89.22787240198888,65.8403264235624,83.39592161142329,75.96111976058708,82.91402119440241
FTIR_S006,Chlorella vulgaris,51.48177768461833,79.20849161007276,71.03022819303638,63.41405175476315,66.69594683553697,61.28566665921388,73.67774481046355,54.13981241085296,53.53493408985598,73.63730373503523,57.556569190159436,51.865202108490855,69.05731667707447,51.16285804355577,83.99930155541871,63.33745206771354,86.48720723878263,73.45446849053691,76.14414543363458,63.44051040918343,55.9707178492623,90.93705268637295
FTIR_S007,Prorocentrum lima,74.59391376488719,73.80750938552237,64.28349118155589,90.84113884083024,79.25905237475132,71.24283255794694,74.58584765398778,71.47999635401224,60.71919059758735,66.0583834959701,79.90892936691166,50.697532759424554,55.937231013850734,52.09229533651817,47.83439812778149,86.77950488379521,76.91604701965828,73.18958844672551,55.287063451571996,69.80657983595279,69.8175251114295,56.71107901927358
FTIR_S008,Dunaliella tertiolecta,61.48901501385482,62.0143659468983,57.84803922302891,63.994916363200375,53.645876583146844,75.1881124498928,60.39403835815121,76.9550446219043,67.70460790957196,78.98027607648852,62.3712670394933,57.74376652132941,69.18955188977327,84.22358459985279,60.843466280933896,85.78045588125445,52.351536846491044,66.46879077343579,88.30281226934777,75.96831732592551,65.23231780824878,72.71225025458814
FTIR_S009,Tetraselmis subcordiformis,60.78635425668594,63.610681689511914,74.00456956008689,77.2800536287541,80.22627330652908,81.15783140835846,54.27005925314362,72.72752462200236,54.01766964706981,71.66127823302257,67.62318763912971,83.50310858105638,63.99957423009837,54.105363379263956,56.36510440278961,78.80596338159424,75.76741556113278,57.11038487091677,53.146751947686184,78.8421887025627,54.29080823798997,82.07196142784258
FTIR_S010,Prorocentrum lima,66.83707735771266,80.6095110281158,90.04147537745307,70.15850123914359,60.20255442128335,50.61919059306139,85.38926277288077,84.08893896352963,59.47286112156324,74.49621008315324,56.47287713845929,53.66341454753873,57.37976526485815,60.972647959883375,93.20262493038607,74.41637161370423,65.65217343900393,81.55834516361003,85.99068745979905,86.00846223197183,52.09858598160218,68.83507446411015
FTIR_S011,Chlorella vulgaris,65.06628686422944,79.13106732191405,68.27050445646161,82.9834367069609,74.63740380726026,51.4018209225025,52.300300305343804,58.03826176063716,45.32930257371114,51.704191846450335,78.85606023843891,73.79948114854389,80.40265707469189,86.62577554890453,76.62713821946548,88.66509703413213,92.32829088239475,77.91683525299526,60.3637312974563,61.639011888288366,61.78983861255753,60.782119681233105
FTIR_S012,Porphyridium purpureum,71.87965013301587,77.93580362289651,79.12754145398777,69.38208603722796,82.67718162941688,82.84733523863112,52.177719497773275,51.68092283812865,78.19808030562952,68.65980991803247,59.93729955456473,72.61171718402277,62.91320576154951,69.85318269792565,67.15428999223577,72.8434247509582,69.94052549040104,77.51225960617023,54.75058488557573,77.94338918333392,66.82270542582326,85.0439751138776
FTIR_S013,Ulva intestinalis,69.81736487270304,76.551319105954,66.86720757588373,69.80865716799657,78.15088928638006,51.46073627496921,64.84613658074561,80.56304882075669,84.92726438974091,73.63117405055421,70.5084010310178,52.9500765169845,70.68795854479532,68.68539207817713,55.87126498485247,62.65229839409619,65.14674838741733,51.05757886818337,62.16032094447317,57.98093354509366,62.183674281453825,53.538499412261245
FTIR_S014,Nannochloropsis gaditana,85.31386472734415,51.885936725625164,85.92855613254095,52.75805011298788,83.2656161381126,52.3424350397574,52.258203654352485,77.90005482427625,91.65408121150226,82.49466624102534,71.54399673257342,82.41822389380263,54.206016569590105,92.97067077317557,70.88318330541735,76.89060772304497,87.61421547057076,77.52946187719873,70.9750550279861,69.38384617651792,84.44633423214293,59.490707609387
FTIR_S015,Spirulina platensis,51.811385065934736,79.26680584543362,87.05526094078118,58.89553259811642,54.44467233430152,79.83606686338115,71.20929264336051,84.24703359277947,55.92128382529274,82.94856582333489,56.315479374420384,55.745491968293074,62.902787078259955,89.58453229053944,85.27777974464844,71.08672673307036,63.378429317097805,85.89566274988294,63.51502342231848,81.0299747003413,70.584938967728,65.88184613709015
FTIR_S016,Dunaliella tertiolecta,64.24320720127594,80.59931409228378,59.316773437441945,84.11653403333118,55.31833608248908,67.34302487021208,82.85383309465557,56.44446514250921,57.58910689841503,79.83303944999464,82.56551045479304,78.33674540772185,80.9443110319628,70.68654638104148,58.092752715760945,63.57626589995748,57.37535849663442,88.52640549028703,69.95074253121518,69.09315730946682,68.16421634860734,87.03757144457778
FTIR_S017,Nannochloropsis gaditana,81.43752372114146,75.00775775997289,56.78533979471474,66.93209668258758,81.8614686281307,87.21618972724384,66.50748834486029,66.99758881082904,84.0127817904921,69.66022160567464,50.179540473866744,88.76775600125897,64.44202574114115,71.9581078469817,58.79274375065827,50.56600177339061,59.15745540641317,82.62171282473567,61.573115078767856,62.43992777916611,55.43787440968354,76.19901271294306
FTIR_S018,Prorocentrum lima,82.33818141276994,55.366058051085325,63.40051346540954,53.14327179340647,76.74331648047846,59.09100841843769,86.3591043055317,69.63118705251934,83.4076673535104,90.09082252516816,86.32629488770681,86.59625805276607,66.77390263286293,73.56486467849743,62.16574688633149,56.82964941592215,69.56165316760175,73.60830711323,62.61978874751894,74.80911460066699,84.24379821718551,74.7721663341343
FTIR_S019,Tetraselmis subcordiformis,62.170320891872066,85.98138672325621,81.36073727781937,52.19935982218242,86.7970303105678,70.44244289480663,86.2941485443914,83.95959220578365,70.33948906769449,52.92751246284096,57.06534591273455,69.10621465296327,74.08949163765453,60.36768951774976,56.609561003851205,81.94572184566503,89.74962075709624,69.51684142740079,55.64413582794825,58.07897086707832,48.88916056967686,83.86858305118729
FTIR_S020,Chlorella vulgaris,78.2457432115166,73.0983898363659,89.29974631008666,67.88625784293941,86.42626308305412,55.48958483103809,71.9192637451643,62.17452130211774,73.26910603312872,59.21652573054821,86.37087675714824,85.91359923318842,88.49932733850153,55.42191960041326,75.140257566826,73.66001307966427,65.64802897653753,68.52600222002646,67.22679451194453,77.02248315202576,73.54588275624897,68.07918707851178
FTIR_S021,Porphyridium purpureum,79.625465317367,75.05935059527783,51.31997324625359,65.8330772110035,76.09279232931553,74.48112413689283,74.65127600647904,61.54540022911495,71.89445310309515,67.91340549447902,88.87539311842016,71.54755762422597,67.6235584246137,65.91007247910883,74.46946021771704,81.2544228447669,72.87047180229517,79.69414664467655,80.4343806968603,70.307261829499,65.16576392425077,84.51636714180383
FTIR_S022,Dunaliella tertiolecta,82.11266341281288,57.35963224142546,74.8050617459977,94.20090495149469,85.58529678739481,70.61440257932877,86.48826446595253,89.56137118616668,79.55989522902019,54.490276179270026,68.81975902969094,84.880200901732,58.956651662858626,85.47705827876425,51.825891198971355,50.44570204444453,64.15436890244652,51.40737620120068,89.30427984430669,82.64680193508407,80.21871589619046,77.14081748923839
FTIR_S023,Prorocentrum lima,61.394984614787106,80.65169641097822,71.85207105270798,56.305226238787746,57.50894542818509,78.29147476120534,52.30458764241741,82.38115858739222,68.42678043839824,70.21337412818897,74.5328164959527,83.78806269548284,63.46094102094906,77.12747560471936,74.26478395158375,57.70234468747824,85.19448365106349,82.0769531605307,77.84468192449232,81.32277233988403,87.68203552942693,78.76177991745841
FTIR_S024,Prorocentrum lima,57.92354459213582,53.5029176184583,69.56284089910962,82.69092546249391,65.46006489407168,54.73002283657543,80.32585790724018,83.88410670557258,55.86492932878612,82.58836829921218,88.8193632450344,57.81073725905317,79.87075334011269,77.6336318182382,65.24941066846074,51.18347959733172,55.31474762637668,82.23792197974136,88.04533160231207,78.32246993488442,68.64386886439904,77.28267223566891
FTIR_S025,Spirulina platensis,83.30511992299877,70.919900741025,88.17393943699611,57.37024253535587,84.3988569608306,79.68755473146912,85.7814327103074,82.79959676866095,82.48800268265127,72.86155497312983,55.99405788948182,52.25879150751375,90.10660464380689,79.43386015112236,85.67981485599461,68.45431505655577,59.49638012216669,54.96222550921238,78.47238904648675,70.77548597682923,56.268351732065106,69.73910233599335
FTIR_S026,Chlorella vulgaris,82.77891589550293,67.309183714861,66.25508469161174,88.17806456420374,61.49879409946306,79.87792327497917,87.59474737635303,50.799262647171865,76.1085648467045,84.0086747147264,56.11118651025829,86.59935461863898,72.66507815200612,74.50048181152283,71.895324974274,75.95852654214843,96.95868818884135,100.0,74.66098380713585,79.81767135556797,73.66569319777659,66.55201594987312
FTIR_S027,Chlorella vulgaris,82.66549496913967,59.74435886599776,91.75111726492965,69.18758361112917,84.3110935012907,70.50123418326486,78.00661696256489,80.42487846912243,68.40605997671108,71.45300998355839,73.77996964973576,70.23078206457254,54.799161942498344,67.59005963746888,74.78398215900225,82.13983756895553,93.33032373105452,80.30585906369897,93.11886361425566,64.42940426449388,61.55347192948269,64.24863008489945
FTIR_S028,Dunaliella tertiolecta,53.03664012977212,55.415229300822446,70.52912599670121,61.41021732818719,82.77534586093961,68.13228153370395,58.77104383109161,74.70438296922303,78.54977386266036,57.58674609968066,56.43760896892227,53.638589761077334,75.25424287972179,82.42768679920775,67.24296750191752,84.57359800547604,80.34987029759043,74.70271089488868,85.28398952572022,56.93222132678055,56.622959466729746,60.462062701475745
FTIR_S029,Prorocentrum lima,59.68832811650017,75.44993444991454,89.75004918449767,63.4011644005676,52.50358889437806,59.48816644250562,82.50668268669234,86.09010479342942,80.10166105631349,56.42074641378752,83.77960076953786,84.07750420330223,76.2429021062953,84.71094231051883,85.41671640224011,80.73557506409676,74.8370783450082,59.628985400279475,58.49862924848424,78.69041483949366,62.118398862728725,84.58814006104603
FTIR_S030,Phaeodactylum tricornutum,54.30316569398276,74.73894516823115,77.57873665122689,69.82732220877897,72.47535128702206,85.83906617645674,87.98505230027261,87.12567267624271,82.6662427039539,55.89604917656051,58.72949969740693,81.11986702929313,66.33721239979283,72.18517882182434,63.65733425393984,72.10290045583247,80.53366021573646,79.40928777278639,69.68689495324772,81.10471794839214,66.10089331542915,86.92522246202546
FTIR_S031,Ulva intestinalis,87.17009376101547,69.8998141932446,80.56900788448681,76.29935994179725,49.36130447613374,75.94569644421495,89.32368745013046,74.89207100075625,82.3969790593162,85.10861713446945,59.210813821915515,58.18778959307209,76.36699778762949,70.8621847954509,82.47946854465314,83.26131897676228,63.96029107540622,64.63424103428792,79.61367147381502,64.27047503281358,86.25997436870001,65.84235366253453
FTIR_S032,Chlorella vulgaris,50.34581898191247,62.5862769722945,78.84604533507161,72.8709186261575,61.839148556351844,86.54387141976235,81.12589017537424,61.351740809343084,74.45962095507988,74.87558502849006,62.93550309601194,61.03443370288732,59.071273542694904,73.68763685668189,66.18980101054966,92.1614476453062,85.05536592006442,60.247265552456575,77.23332210629279,59.47325930870916,74.30858408635126,79.20913234204845
FTIR_S033,Prorocentrum lima,57.118278695400484,56.528253256771954,53.29983534294006,59.962226848774044,64.82321427082462,64.19157675198544,62.984650384568184,58.47465442144395,70.56359981808505,84.10482754085851,61.43460208468849,89.11440439894903,80.99517189700681,56.03406612659871,79.4041996495825,73.58694031807647,73.23684934420139,65.41046629241207,71.06667798834454,67.8827765336965,71.4682637057851,73.01461233470603
FTIR_S034,Nannochloropsis gaditana,54.279353511340226,87.70274215096859,71.2467330038907,87.21937293169243,67.90481456192552,61.21678834990249,70.27704794120098,66.1230041825676,51.15799011770084,77.45792308612658,59.6405812705748,79.36088233350853,73.92009801592961,55.66307315048186,52.196970122715115,83.20920231930187,67.3778011625076,49.98446811186732,92.21027130371269,51.67792238133221,79.5586961737942,90.87155381212095
FTIR_S035,Porphyridium purpureum,66.30026780734362,72.67718302569763,48.023888787059555,57.16540555404789,83.35393357987262,55.06574087485623,70.07425978078383,60.687884255481656,49.273599906282,63.30007773107553,90.39080193908069,81.08566165902818,92.69768219937234,68.30273191104781,55.87363869111875,72.51696471976071,70.77857596119604,86.89730570303834,53.98731152950132,68.02280974017876,56.9218908736376,61.63160633609819
FTIR_S036,Chlorella vulgaris,66.00815609303123,50.15230888611941,53.44527263868843,79.74257039069094,74.79938050961745,81.34420972172447,52.19351318469902,51.288467520098095,72.00642819323207,65.44846792412226,73.205144354189,90.50625549090896,89.28990720251123,85.8760113249961,80.87664017702161,72.78220258994334,76.14295499376497,86.75801543865398,82.19847714509312,51.2277131520641,67.39301550331245,54.32970564281378
FTIR_S037,Phaeodactylum tricornutum,86.46588283653801,77.2796597445638,66.03709174046034,84.78874368495477,80.6564470787065,84.01743234564842,90.37981140291214,61.33673852073774,80.85898147059756,70.22203720879608,91.34189770476253,85.37687527758347,87.59207793971613,76.2072265356219,58.75405981017849,69.94765055089317,91.9627545285842,86.64989873771367,52.24827509818129,53.7915767086276,56.708825519925256,81.93220427130498
FTIR_S038,Spirulina platensis,66.54847992938359,80.205675769434,72.53129358570278,48.537660271674696,84.8681334480483,50.82041974294977,80.08224935489622,56.72334763168185,92.04557039924799,68.4908593442622,66.33912301604904,57.868402709993035,67.45268025822452,89.73782198307426,95.93723459453962,67.3571984637592,70.17622934491243,77.58430637195764,87.3434828242774,75.08584226755923,60.11390220128627,68.10674691320388
FTIR_S039,Nannochloropsis gaditana,56.33105091283946,82.77131904659048,62.7938873359154,66.32666708187051,51.33486436415848,79.45287311975251,77.86313087212751,73.73219898269542,63.36545194569131,56.73353193018949,77.32056291171544,72.70271833499835,57.32990976399048,77.72837406142084,88.71641658385721,79.19661467533669,81.05639529237033,87.66376005649305,57.479439369490436,72.58536487797193,90.95852899347852,55.22644132314677
FTIR_S040,Dunaliella tertiolecta,62.46651840438889,77.86735165038006,68.57670956235485,78.35525866896045,53.547506267442465,69.4315647823404,48.11428037552029,54.835606847128524,84.78831498018035,53.949309970675046,71.69796568547056,68.7410988028857,61.86208941239691,86.11669352718684,51.730568871680724,77.93779866154985,88.88866047909646,71.67267166030703,85.81771804002624,52.2626029375337,64.60745473899524,54.56361067149283
FTIR_S041,Tetraselmis subcordiformis,54.643387784060494,75.19050956436234,58.815763857399645,55.18006656846841,85.21394093501532,71.58257889167675,78.19583249740859,61.853240479331966,78.91292673811007,52.63369513765469,66.76809170647104,88.19614298599821,80.15286106259971,65.63028346142163,61.96438956689757,84.4748674525091,69.0791044438082,79.8114339367995,82.70556933396301,49.30321646208301,53.16338521296467,74.1373717220595
FTIR_S042,Scenedesmus obliquus,66.88140948768971,86.61522385336663,71.85126677952623,56.22813926775619,80.13343169261097,84.59513807996518,60.292444517941,83.77666639574561,86.31117917371206,60.54235007108372,92.92670409127062,56.07637167812981,56.469883081998915,58.56187824864239,86.30153747800719,76.78008793210532,59.699923646489296,68.31450708624358,74.00459795504409,49.428010546955136,84.96585670000653,84.7560812523158
FTIR_S043,Tetraselmis subcordiformis,58.32661402621697,83.77784103173882,86.9285704441304,70.26122429986106,58.583394043149205,52.09277428715112,56.40308918040463,77.7317698264698,66.40727104187575,86.81470614110627,80.15126731485041,59.1435369079456,73.7924369129513,65.14288229898456,70.46265861279988,78.36425446785499,80.34413429080239,83.14225964565345,62.77415260440095,50.49006758492693,78.8164876839218,54.22095149771941
FTIR_S044,Ulva intestinalis,81.19604863456131,83.49044087109286,59.094128343726865,82.19806122880645,63.589344402423066,89.85203321092045,79.9495777067964,81.85862762727751,50.86036655024454,90.8361708881774,77.21213341443178,62.6667817809149,85.12618185391874,62.26303627647689,85.2893168158426,56.505307801611764,72.74097451243335,72.98368970485822,52.55322744156278,56.01448733664064,51.51856665014255,71.49803570890616
FTIR_S045,Dunaliella tertiolecta,56.222656555920736,53.63767086357863,85.09442758542481,62.62355212270805,80.42686359055706,80.14071985346976,74.48115971449968,50.00487377204173,61.29271571179049,86.19744914477089,89.42649038951092,61.08449049338599,60.24298644275409,65.32737085141606,86.45218867873056,60.1248511742618,65.26196570531107,85.42885476940039,51.7754909527108,50.426962935708744,75.862300595658,85.14462716870834
FTIR_S046,Tetraselmis subcordiformis,64.0986610413828,69.06693181839852,83.55232406220371,70.42749353840999,76.42576287503022,85.29437032178541,53.48326900446452,60.37549872340603,68.82584001956971,65.89125224181052,67.46469119268038,85.96782363433805,81.01411606641503,76.63040133455607,64.72725892499112,79.48364831001709,88.61586855388954,84.36580850225296,50.825681332837576,76.72924745897993,52.16211726625498,58.81472039989582
FTIR_S047,Ulva intestinalis,85.79251959020861,78.70975469669375,71.14316664987903,67.26290383759493,56.16985422324833,72.14906023618445,87.3029465084184,80.26163583160637,58.33312356273154,69.52545673207673,77.96987148835805,53.36438059497714,66.36855368573254,86.72633387093235,68.60016117155106,53.32693010983671,74.73064855445078,88.54105643480933,73.66732462861532,59.88753848550477,61.8349900992741,65.10298792239512
FTIR_S048,Prorocentrum lima,76.64642908970158,67.25557275580759,59.9942233750897,84.76163212415699,54.30927077085145,87.2925720028185,58.600069074342535,87.03196740458232,71.97222900769886,83.5467881178818,93.50869186791851,59.697448329576986,83.38484437081107,65.00726735233658,67.62239545947403,67.53217907862141,69.19720510499857,57.159200173612525,71.21783850076035,71.4562957877919,85.76475919822887,80.34005782071313
FTIR_S049,Phaeodactylum tricornutum,58.02024288613301,72.05757612851171,73.7516338797837,66.04873785567294,72.5593657184111,49.18217390228092,82.39587046220127,72.73657729780892,52.63576420962578,77.21477727390995,72.54933212979026,60.9391601922604,96.73217929690944,85.80510431857292,72.28701456368857,55.32516487852977,80.3428490311658,71.83633124585245,64.94977229453343,72.27317525679335,69.84120786941462,74.53667782345299
FTIR_S050,Phaeodactylum tricornutum,58.64177294163647,88.0283836032936,50.414912978959066,91.1300491119926,76.14631404297417,82.69988435467495,64.69481829937405,50.578779360332454,79.15635979321043,83.53080927867342,85.73895546687545,58.69092597096854,84.2339804197362,79.23004860400562,78.08745900034377,79.38482680238663,83.52700838343672,75.94563713976413,52.98740621716521,70.77183501637575,50.02438730200247,66.03668788221344
FTIR_S051,Scenedesmus obliquus,59.88339363495004,52.97124669043335,57.27130172935716,63.56811712490748,81.79809200661934,59.37422641399486,80.56164490634966,85.09547719431107,66.22373743739014,87.73281884182319,73.14586880737218,75.13586020005785,70.71223993856137,68.82610362620078,61.52535419534994,62.50701862505275,63.315831064639355,72.834352613939,54.573439938014836,87.95416841475019,80.03277787867212,65.71855699833743
FTIR_S052,Phaeodactylum tricornutum,50.76245246688364,74.64777538997077,72.2228052621742,64.8657682563371,74.5151508303002,79.11933176303043,49.43334973986746,60.88573573414277,77.9758025039207,77.38566736709427,97.18015768401905,90.39221569220089,91.80019238196923,77.265693053715,64.47127209616475,55.83472149813964,83.42330640513434,73.0285597719173,55.023440003579886,62.87920354946952,88.65657857565523,69.71960007322451
FTIR_S053,Phaeodactylum tricornutum,77.13796245300483,85.12806191460525,80.89720156952441,70.36899397501169,51.74157922087953,76.58541217082245,55.89990566366513,84.99248192366262,86.01872217355258,76.72860027433879,94.81478573360741,54.12274077377308,87.77931840254985,66.88492463958563,87.42467854057436,64.64951306976614,79.70584592245599,86.64291501433037,54.19014048877037,66.26534008987835,77.38760635770743,69.77468229077229
FTIR_S054,Prorocentrum lima,57.90000949868935,86.09942617319393,79.28218243217944,85.43170350270572,76.61803910302643,67.1384088837267,50.97780826267722,76.99032255270227,75.51738295916617,91.83625300993619,59.55670186747946,72.77552093598106,72.66017650606511,74.34500700943464,71.0538408390089,83.58154623260866,59.50855670688867,79.39439356278584,75.35285298498232,88.97968302384318,83.54741822833017,59.97774694823405
FTIR_S055,Phaeodactylum tricornutum,57.48176560519231,67.85996110450714,57.08444479822849,52.9749057161293,87.35468278164643,88.86589358311004,83.16523084416595,81.56485095244435,57.766212459045796,89.36989157628874,65.98590613391144,97.5239898097749,98.61404846026946,78.46749504068866,86.74493380373345,73.99062183539488,62.14633745169043,66.57565476095867,72.80235311963244,53.4550189403847,74.02029111260866,89.11484824124014
FTIR_S056,Phaeodactylum tricornutum,86.76004078354576,51.332760084458535,86.93816686465925,54.422379682402656,88.87435674962923,85.2707673670371,70.77060024682748,73.91292022053698,65.61309183768124,73.89445401410484,62.52945121086294,61.49763421316532,58.2315848503473,67.47021400894525,60.390000115888036,77.08784390697923,91.02168270911777,66.53088287446084,73.17868158735676,68.59046025813315,82.57824792641384,84.50406757411737
FTIR_S057,Phaeodactylum tricornutum,72.01925800948752,52.603615913483814,77.43166208878344,64.24911728086948,64.02365292554269,83.36534273560281,66.2324741232583,57.42880423179881,84.25208794812697,54.69934670108692,84.90467608888865,83.47718382114886,69.55994312703162,81.34339656803344,72.03710665471505,67.02949401705898,49.47279154261312,61.8851985704667,84.66042648376157,62.07403066838922,72.1345352899933,67.78242707334965
FTIR_S058,Chlorella vulgaris,90.2052855217916,53.5720121726852,61.880268583370345,74.23809281409864,57.07984762618893,78.42721468643671,81.26857763525692,53.0311720675398,69.12919018265424,73.24446299994962,64.65065282583842,88.22658484207165,84.64851571816757,75.88550112337532,78.9594802748283,78.0603407710443,98.93164673291135,86.21979442725922,78.68335537153851,85.00568428776887,61.45013766774268,85.05635228693042
FTIR_S059,Dunaliella tertiolecta,79.48856338709491,78.2806462734201,73.65392116134143,62.19525203318773,85.13157549356946,67.73887753974633,53.165150610580184,62.433489734133616,88.8137353726873,85.7375171551579,89.80390593155936,74.39898601100313,60.847147933668396,59.18391378136368,57.421997745059066,50.257314105044124,66.40362495477355,57.73456126072092,63.7907995704325,87.87843887434559,64.52808356276006,85.86834117221028
FTIR_S060,Chlorella vulgaris,67.21569799721384,57.49800329645801,57.78349683797183,69.87517480100618,64.06998443895357,62.947914311678524,74.54111108442567,92.13227018489961,74.23304754780278,52.567496408792465,52.36910816098505,84.80981835777638,61.67209260466106,54.67764995791033,73.19101683096483,87.85315478489285,85.31148483371402,68.5432992278829,51.237508021796266,88.97993653230571,56.824791648206,76.16303962035944
FTIR_S061,Scenedesmus obliquus,69.07175833015616,89.18414813133322,58.8987848820521,67.0603502210739,78.66051085341145,76.64924250547992,58.821568355809426,71.18263917000908,84.68991872357657,50.49505353407304,83.70876720543396,50.5009589368315,63.04605086366481,52.78106307513822,52.245016496860025,89.1719654604299,64.85471846142406,68.77959699142687,58.60944234884633,76.42794877214857,71.48488060654624,65.11526458799742
FTIR_S062,Spirulina platensis,83.18894100692319,58.375813245531596,63.46717277515464,51.94219975259396,64.13978299855486,69.17164346782015,50.91090178970202,71.65489962727573,84.79334871833925,51.48898347486989,81.99290197043715,66.40491850806431,81.8888613766095,60.57486939333297,58.12737689602955,56.447168690537374,53.655025222693354,59.11986237142864,76.91841093717629,85.59693478445745,81.78622433758608,80.5871822047884
FTIR_S063,Prorocentrum lima,60.04112806268165,67.34810903893221,64.81302457467235,77.07894690377273,67.78981528226684,67.9952059082503,67.70138751473378,79.70151282620729,87.51508508462075,70.26925069619054,82.3395838611163,63.45360668534624,74.63428362093191,62.77369145670836,65.33225208540846,77.17299248458663,89.73909853500498,57.62876051987139,75.30116747087114,77.14863060536605,54.53287477830596,59.92459416047142
FTIR_S064,Ulva intestinalis,79.87588434859653,56.998729978453675,63.03588053832351,85.42102982995983,56.57257820716352,70.18515340912045,69.24574271600916,49.81035833165561,81.62467778028935,52.87788172220078,70.66706260348872,67.93335312958878,73.9236576750529,77.96783255687397,62.53105325376232,49.41534617132557,75.18464108211273,72.66568686583543,82.17398335063871,80.47620119784705,82.48435593208887,69.0347356838699
FTIR_S065,Nannochloropsis gaditana,67.12826144590511,79.96717269317823,76.57091981541939,78.11487808000298,51.04655253352434,59.142690804553716,77.55018667373943,72.24300824908998,51.780794208463234,82.8009682150183,84.64163304525965,74.15662571150318,52.47373615384419,78.22636117659758,71.37288214741362,83.14486398294963,78.80925473732766,80.10397192408959,69.20415200281059,54.2382121035592,78.54759427075204,74.50546725051427
FTIR_S066,Chlorella vulgaris,72.56545422267138,54.331255892928525,64.354448095486,67.51226784358003,90.21069753430587,66.8352879109004,72.86478348916832,73.55245468447066,76.21613466537035,80.87034277679744,56.286030122759776,70.50384719573347,86.4899613056344,68.73218291569263,64.93177821893607,87.60921516004717,96.15521638519066,64.23864058611264,82.25558870653819,84.65593465459109,69.66584929494607,91.41593056023476
FTIR_S067,Phaeodactylum tricornutum,89.2023034246588,62.78668612793893,49.97717574250399,69.51239616913968,56.20295504063863,48.09842321687832,65.15237167164229,77.1494770277062,73.89824368266491,64.28158253439214,82.51058734775812,67.01352488359267,64.42764765277857,79.56264204893321,72.83190822044716,83.4554317849636,55.48269504856821,83.49217645692178,76.80397407226884,75.21876585956736,73.49959345950451,83.60671820399884
FTIR_S068,Porphyridium purpureum,70.49395338336865,59.400051746331506,76.59069501988331,67.90886927061852,78.57356620148825,84.01721655906982,57.453022256410655,52.36415235968427,82.02168473570893,73.70568120100721,77.65264452841441,83.94995635684934,80.32132520588735,90.42882319593032,72.0147110156997,69.68937784224015,68.46048111369214,55.907414427345444,72.53944732097605,60.11124344503122,87.53843450637089,73.94453238774693
FTIR_S069,Phaeodactylum tricornutum,72.47368007683156,82.14983655471102,65.67102266832845,56.16785937069414,70.0644897336612,53.908170833240874,85.55689482951155,53.721487249054825,70.56230061003457,70.9634663208188,93.06734915892194,64.24092879093853,59.276478365726305,52.41994049223698,56.14134577507885,58.66938312251855,73.23055429897607,60.75450688160911,48.5295154468423,82.05574085155628,65.88365776425125,60.0690044665895
FTIR_S070,Ulva intestinalis,76.65393301330026,60.65919041653682,51.98707482151998,58.5092247286424,71.97471727522468,82.6117149786463,85.86022814468315,52.556840118983594,71.37559547893042,68.3951932572416,71.09443664889932,71.87440062700259,77.90847206185884,77.98072226040745,57.80236859251598,86.05878194748061,57.42183771489896,76.81704435775708,66.0362065265888,72.03186032515129,87.17114949472403,88.85204097772218
FTIR_S071,Tetraselmis subcordiformis,56.865769187371676,78.69055970093287,62.002209148976114,58.316764186027555,84.87338457068222,57.55887469729444,64.40827899891939,47.22412995413981,87.1700859885818,80.97312062234046,73.89442441594647,77.79062341378184,60.90203999579394,68.77592703005982,64.09133636815936,55.52452576938975,68.14355395733703,86.83327792416742,51.71503733565202,60.634145075055486,60.70091360659996,59.08855732363604
FTIR_S072,Chlorella vulgaris,80.6098377156755,76.86685641240045,56.62684488205613,60.975640065529475,71.04420268652748,84.34089592330855,84.40776768852956,58.65771102719361,88.64173223574362,74.84044852084259,74.75278712175954,63.06068318197063,53.57529504508128,72.24799485765253,74.94025428271928,66.88059486455383,82.51031959622178,94.03085632528938,81.77555030940496,83.22303786441776,63.306984019568766,64.48518239399317
FTIR_S073,Ulva intestinalis,61.41544375004022,82.23801246184227,53.16823147649996,92.62529015383386,70.85019156411336,90.54450748691492,89.014016924341,68.99909516444947,60.481786283562485,55.18115905334098,57.51290486869763,76.2793723105315,60.62906295865992,61.76291746849087,68.24623398351524,86.68328405630804,59.61288332176593,50.7833507208642,51.57155270340391,87.01235207607007,73.84027055393865,60.84534339706364
FTIR_S074,Dunaliella tertiolecta,59.941489975437044,73.64904180738196,67.65157706590252,55.21733931729172,55.510006879445015,76.02935909096358,82.60785989288762,64.92279641743494,79.1880550471233,77.24776530825999,86.40076717145865,82.54712092187131,72.92321125823472,75.67795216229376,82.89437602862161,65.51292132218849,60.2389209779187,51.73882956656848,79.33095276550233,84.09653677504636,55.037306724413014,73.9410724767758
FTIR_S075,Prorocentrum lima,85.48380340417332,82.57371871620265,57.86155267355392,49.58896773459093,69.2208424754223,58.422931157579924,81.94280839020321,62.80882125087232,89.61619713500735,72.76693151510388,57.459371824949876,55.224355804088944,70.61093336882382,81.82673837328653,82.07912695353852,61.367678828330114,57.937224277934185,50.085612881018726,78.99293282714162,52.78014421092937,66.70232599356926,75.12707287049939
FTIR_S076,Nannochloropsis gaditana,63.988239695215384,80.43794632042216,76.73105056474856,56.06803938382849,64.34430662619833,60.90727853381013,57.8228192007418,84.19816616119456,52.1446575773566,66.27025779993595,59.12920954760847,85.45392836683506,68.34748112382711,57.02085253165991,69.72539998226956,79.87945235445574,88.21154337897755,61.255781749404086,81.54506715709655,87.65934043970994,83.02086333050833,76.93599886544473
FTIR_S077,Phaeodactylum tricornutum,82.23118818349046,79.19304354128158,74.37031230519717,66.93599409566066,60.66408845060136,60.16942954668807,82.13935951863033,85.38237009295399,66.70290679843971,53.39106829422106,71.7308375240038,81.63000110450001,75.52070432337962,79.41769603223707,87.95844933939931,55.71785340224223,67.6098369721837,64.46138580448796,60.79695231513016,60.014089765580124,54.27430356379474,83.38501420716243
FTIR_S078,Nannochloropsis gaditana,83.1380400956427,71.01830238690447,58.93247959979239,75.1150029544371,58.3848268252633,86.38854859996854,67.64616047679152,72.62111145877816,50.809917376537676,67.95665790843063,82.37636096600183,80.83675147620738,56.66401701767508,55.539505226919076,81.91236507541058,87.53204378661329,53.62118951089037,67.1704117211543,61.606679037175596,86.04403060166752,50.706732747307576,59.99709353000845
FTIR_S079,Prorocentrum lima,63.57949778756533,65.69308716557899,54.15080530515736,57.44103897576454,80.15286481082512,83.09788397756653,81.63890882726487,59.85176759648666,71.58112494886457,54.2972861305964,48.471774795773314,75.19211057475135,72.51727071655189,58.139512694361336,51.00555618929616,86.26500389187068,48.39035490441626,67.7095507501298,72.53917458041231,55.96591327776859,57.6829828646089,66.6904890302493
FTIR_S080,Nannochloropsis gaditana,56.25947717228485,55.68908157404195,88.59372493064869,72.7238233407662,83.4574467778554,64.04014524770977,76.42581976895289,73.72451721015504,73.75476986908204,76.657885945866,73.16612170508357,66.61710560780172,63.92348688248576,76.33041553976061,57.9592120281853,75.95365979914212,59.771534106041884,75.16749636994442,83.12751688826,62.65083965285715,50.85156512331137,55.239949849834225
FTIR_S081,Tetraselmis subcordiformis,72.22725147637591,65.98385654795722,88.02155631049078,70.1460563673064,53.97461219374616,77.83273754204501,62.19702870269154,72.31179136968727,77.48197614511155,84.26464226717542,83.45046284991419,78.49671344000012,75.35277909467828,90.54787136349445,64.17336131825465,50.31307676234308,61.03737810068002,59.82377072730158,74.7499772640474,75.40852694894932,69.43368821897059,52.40264901938402
FTIR_S082,Tetraselmis subcordiformis,69.01315249779805,61.01772853520491,55.870060294301126,64.23619444693786,53.86555507439191,59.24255890878199,90.98350746900744,70.64303370657102,70.35577277787715,81.46851787039783,91.91325804937368,74.00811701499939,81.9068606411244,62.59733534885203,67.33913094969587,64.82375953471387,75.1936838932933,77.45823603719066,64.97055914192396,59.8852009385236,76.61058018539947,52.59221699959172
FTIR_S083,Prorocentrum lima,72.18218951289126,61.24443655113907,63.58627372424975,76.11851794761877,77.75424089801007,51.943079608600584,87.77286649205568,73.87561000429717,51.7736756187355,87.63254389764684,52.70309217186865,88.98998246776848,89.86033267340838,76.5731359802689,81.43406016447787,63.431342479679486,86.04137184107599,75.62524561035748,77.35334150073356,82.47839788633159,92.17059697526332,82.16104731923512
FTIR_S084,Chlorella vulgaris,88.03469142716366,55.90596136614687,73.04173193279377,71.30029347301989,74.28064438051922,69.03669738021831,68.06627586549604,54.26416605564883,66.65255692793153,57.6459533186167,79.76559052279532,58.15554701730498,53.214562990381445,67.03015334225,75.17332828890133,99.20906371276077,81.59744095813295,75.87621655937494,80.77060722347171,70.80500374936679,57.154317989657144,70.96989980283016
FTIR_S085,Tetraselmis subcordiformis,54.62848366462697,54.414152641528005,58.56952542674702,69.50017754038818,81.66756605976862,85.2050328153658,79.06173904012162,59.35879436395689,68.50826401742012,56.705880700969225,61.688753065822304,67.24469965544297,54.78484141468145,58.05972408014283,85.7572712262749,67.40124859386178,67.35249106711447,50.55866204345223,59.99255044313264,83.79248255137101,56.98561627726971,66.62155613005571
FTIR_S086,Scenedesmus obliquus,71.64738928472516,86.36709410251999,50.36909991189526,54.124457223724406,49.53559599795927,60.95140924463615,66.3690090789797,75.17601152200791,52.044185596162144,88.85367744949055,81.85476561149038,64.13308887406015,50.29983912143287,55.66322575154715,56.31927166075775,57.01172830154338,67.93446495386716,65.12397128056634,62.53060553483136,86.95584838031732,78.37799974056031,87.26263977471714
FTIR_S087,Prorocentrum lima,81.77371788050333,70.86100893812053,76.2458295343938,82.84847985118445,72.41012069652704,50.29855646070256,54.28276878215033,80.22851658474744,63.05439667685733,77.4277862500611,66.35585711791813,74.19234321025388,52.36305564279227,58.28874932158801,89.77450279985523,83.16253201174344,74.85809974535991,66.37846147208589,75.95700549564289,76.17663295991976,71.5516967622999,52.296776420678036
FTIR_S088,Prorocentrum lima,61.443542593772534,79.13250317034732,67.9970155604894,55.227578098413694,70.4396692518009,51.642203559903585,68.07742573493971,60.73460067522134,88.51756699404692,49.4832542495381,78.64485463783168,59.75230879655042,60.700424170448656,64.89679266449275,84.43221228624577,58.7314052661444,54.687195700165745,61.6125742918467,51.945122371008615,51.10635202525552,76.15791893202585,55.797068584809026
FTIR_S089,Prorocentrum lima,75.91582592255189,52.53515823747536,52.958257744003504,57.774961164731366,69.77537018129473,57.82818780234553,61.331749468973044,68.31372854810591,80.2093174532959,52.07284244192493,77.55874563507184,78.32668526022104,80.33273845384647,83.92475433139066,51.924914902794434,56.52642578935657,87.455605031766,66.93966883146153,74.10386230985125,78.62991237336472,76.97204473772679,88.10347513918997
FTIR_S090,Chlorella vulgaris,58.90198359118944,87.41440875987786,67.49070614049386,73.76295865785666,84.88595550555725,62.852727644760755,54.48777766773157,60.02853680289747,61.671728776222096,77.20882906949109,66.23726715101395,49.46620938289754,69.43077670444931,85.28286255302297,81.69846243532167,87.915360204593,93.01825955330682,76.76324921499517,78.41952276483966,57.23825674564043,78.20337068995806,74.25409228698273
FTIR_S091,Porphyridium purpureum,54.081331868583824,78.83104886925264,80.62521103702586,78.98358423169458,58.13594503022223,87.7352875921842,57.47716958235976,53.36184945144786,78.25671510146697,67.16274333275125,84.10937005315361,65.71047674197679,53.96028700407953,85.04425850912503,73.94943453339604,56.108502447971944,76.77018924291364,69.83862278583142,74.2203094835854,67.9075915084326,83.0265236871787,83.62546402267382
FTIR_S092,Scenedesmus obliquus,59.30327618238799,58.29057519271667,70.22097868035816,50.39459084179285,57.102911776658175,62.744316110590475,54.78765655163669,65.73713795133739,69.21811902043343,66.16015924676962,81.1389415999072,71.41790649765275,69.82200759830454,67.83375458530419,83.89449232382862,86.53858755010025,82.28212589549878,78.4768152702957,53.42322514379631,63.28892725181076,51.67455880966675,87.1315445598736
FTIR_S093,Chlorella vulgaris,79.3255468279202,53.29875990604597,48.581302951967814,88.73893794653107,58.25835621734819,54.21298607459902,55.46743393163273,49.978618975840064,66.1432123057829,79.44448383534447,62.33176447384415,64.4383828044682,78.86349386270834,69.75303656191484,84.42599175084848,99.01914125346981,56.437938898471444,90.88182803490153,66.31668801105546,87.43661421015489,67.48811724700563,88.49085703386457
FTIR_S094,Ulva intestinalis,52.913197079475665,73.36450871214656,52.176755960570276,49.620883294710836,83.94261476299411,57.92407566635649,81.0644311514044,72.81246377274763,53.18368828185591,84.28091923064659,61.18839784811908,86.00741110528769,54.76467488171286,84.9980983714641,48.81615604139336,70.6665590162759,78.24870636295235,83.80560779464219,85.60245106903353,82.53753688935612,84.73229459922295,55.60072631703794
FTIR_S095,Scenedesmus obliquus,79.26538631790704,73.88161859075201,82.2970641862663,67.29424806980529,74.95438119273808,69.53877174589536,70.56941500114814,80.93343095179718,76.65289451383644,80.33976142491954,69.61432799101505,73.19901045560404,79.56964383274662,80.26712258546212,73.26623291150236,85.9255583895559,77.6522202139578,73.50164964241928,76.09060893689976,84.42558134389736,75.02847000961958,81.51501353190962
FTIR_S096,Dunaliella tertiolecta,77.15635466845728,66.55432051730934,50.9014131835155,58.944676439855776,71.82103386292536,57.93138567586229,75.1020903528875,62.78335537522458,83.66816914213697,65.1990263124184,56.80827840017331,82.48452923540404,67.62016510371001,54.20203683449543,74.27389822243323,70.467573529681,77.71827714996216,60.533707939940726,67.96257835978591,62.944051430527374,52.0328056755102,81.56457598298833
FTIR_S097,Ulva intestinalis,65.69290525388226,65.65789037562821,80.94083905533378,64.34652453836249,81.58253468051969,88.73633215808648,76.82760406544925,79.54626113553057,85.91489911123392,84.2500554449363,65.10928050225804,48.82740364883427,65.54973180883724,76.27747530054131,69.93462502379465,80.88349328254965,61.920558935481324,75.73427441698325,58.799854537617094,83.03084018457393,73.60284668734916,59.68426885048698
FTIR_S098,Nannochloropsis gaditana,67.04224412670432,58.70772918225661,88.83135353438783,71.63110058507667,70.71101497002412,57.527991989001784,52.56862680627005,85.85020004137868,76.36160648913399,60.88213780708862,60.29803871664616,72.48323007605603,73.61504547673576,57.92703337696496,83.90024312248885,56.11237302285359,66.3098733758539,79.23907071777971,61.333943257858785,84.88535123831967,77.92608691593499,82.7277997389215
FTIR_S099,Phaeodactylum tricornutum,68.2929596113237,51.328594423668356,62.31547952730442,63.91683010947133,59.13584043305399,54.41380328276145,78.4353361676848,78.99474060184437,63.29554961957929,80.71616660155391,74.03687125908242,79.40868955698232,94.78890433318378,78.92730351742962,82.53388974326342,55.39033239870131,55.68547874720773,85.4013407601523,62.62925169912736,57.76073890917664,81.93817286528636,81.879394467669
FTIR_S100,Porphyridium purpureum,70.75794741821527,83.53357820590851,58.56916817051199,64.55877274168749,53.344158306699114,67.90233503233404,74.95825699698926,77.24474008867708,61.75630180954236,60.16105073900925,54.650065226529165,66.96145204875532,52.09886617534707,80.73308726600055,91.39105923226941,85.53722258968753,85.07347989789396,72.95147978638718,78.2829410716978,62.82780068838394,75.67243382268101,66.20553717337138
FTIR_S101,Scenedesmus obliquus,65.47996758635843,84.5822716955221,77.21464018384269,84.57355738234601,78.29756179663863,51.428237778889454,65.0100034398128,57.62315998834207,88.0722296533616,80.57560565961677,79.33504582845117,61.26392885615924,55.164550031652915,83.09905209409861,68.7393565433989,59.47469903327359,77.13438295470058,49.54944360134921,64.23779196040866,67.56249027071961,55.65399465308749,89.53073703440216
FTIR_S102,Phaeodactylum tricornutum,60.13646142415169,60.25188806146469,90.39114366758527,85.53755930645784,51.46733043887317,62.75213386216518,63.13590462180452,60.63561615267797,75.23192317079665,78.49640002697339,88.10922235545904,88.02828863318071,82.00385781095896,76.23761417539258,56.61782812005338,72.69711228380572,73.140832438605,55.927890235638635,61.0885704750626,61.4894048655935,86.52549686237606,55.48077643803656
FTIR_S103,Phaeodactylum tricornutum,78.80621133971464,52.979281920395145,81.86001466583099,69.10002075789268,52.55237339210565,73.94004689740875,64.74226636262277,87.07461516001588,57.96412252017561,80.84270103785732,76.5197492144358,61.41807880651706,93.551090005007,72.37761799758897,58.21883538004704,74.05166345549813,86.10080059743382,61.685244547092125,57.09472414375699,56.63204613384125,63.26873930905854,81.56698204239662
FTIR_S104,Ulva intestinalis,84.31802627993865,50.72346854530658,74.16780140998311,84.4356115729892,61.68708563778714,69.22705656040242,64.39316168355278,91.72177868094813,84.1253867411923,78.65389300633105,77.36182659622219,83.52277577621604,64.10478666627868,69.27700478378144,80.0949799275004,63.69438584720737,51.520865577002404,52.376865380813044,53.55073333722464,84.25573329632073,67.20346382576446,79.28760415010909
FTIR_S105,Ulva intestinalis,81.96757903507573,51.594875760627474,87.38687558102869,50.97525756507142,57.36933709286653,54.48372977494349,62.648696071715044,69.33639149010324,85.14337862327338,64.73937955390585,78.73446113904069,55.55865695795411,81.62954638619149,65.23290144740899,57.5028055655078,58.4085310075473,58.72471074824641,69.85828450874257,83.11660178833955,52.48331211122779,77.12835282896314,75.46896865456227
FTIR_S106,Prorocentrum lima,52.815935079292714,79.81589884944987,57.47702553611594,81.03258655600699,48.47533273154066,86.44723840148288,78.80453435965741,51.157006650565606,77.51735269007438,70.38479949756257,82.25391600391272,70.19684875182499,76.15265360228297,80.47816245171266,68.0227148869133,48.50975456508554,81.71370335961878,65.2934682331096,66.97465709608633,46.10044331003317,71.85115101011195,87.49104709974755
FTIR_S107,Phaeodactylum tricornutum,61.515999164333046,73.35079567894914,80.70816718439596,80.79889682514323,85.51601277090059,60.77924419690532,77.82977783741404,64.42401550521731,53.0847393214777,82.61909676528225,51.812210259793154,74.1754896345052,70.868173152243,75.04689590838927,78.34235332896658,60.47352821719815,80.26578598969562,61.54068111986962,66.64712459915813,79.71655784875671,79.01567010139767,90.65829681192578
FTIR_S108,Prorocentrum lima,75.9702224537405,67.07309637728021,49.450626355131035,69.61778892707635,82.13328518792767,63.23355744363257,84.2623596269961,57.05272205572684,82.3714001617246,50.47299853473511,86.98503546956661,69.14268924773255,61.767283353548414,61.56463055261595,72.8127021968383,90.49852980372485,58.3365536618908,51.646581712752706,76.31868564575268,69.17842572901613,74.2821357723877,78.88864292818613
FTIR_S109,Prorocentrum lima,78.26847877775533,80.23086634194439,83.97927671458943,85.0784489900303,88.32237790611315,48.17437478255639,85.61297512542448,73.68028818205907,78.40449259384344,57.02573635195608,74.20630595275401,87.03373332151442,87.17348321435055,65.87657835782788,51.802888215760184,63.526084418394355,79.49329563509093,73.59902802035772,68.82711472074746,51.080945913692,65.96960947910385,70.1527252669029
FTIR_S110,Prorocentrum lima,83.74504513834394,83.89816892723165,58.650276289323955,74.00868492024563,59.88906929819363,50.65784207129701,87.9389657433714,85.61748217853658,83.51614970693412,52.99141220429585,81.6343559929225,68.78172471691042,61.957300221402555,71.17312410870176,54.42029402303187,78.65634328085848,71.00460246209626,58.39515051190835,61.26373639938645,59.856414723865896,53.69446787217755,75.47030884604686
FTIR_S111,Porphyridium purpureum,83.2718996624381,76.34889207518815,66.13097543426834,89.87419912122324,61.94696514819463,53.318670092530496,63.94895670118237,50.7374348141781,87.72466125913662,58.93713441239868,78.90670634964118,82.07095904052214,62.53248079987941,75.79813591213775,52.108903543105036,66.58806861410395,49.03739286378541,86.73406540558814,87.98388802629721,60.94382351808538,59.39164778579219,85.53356423777913
FTIR_S112,Phaeodactylum tricornutum,79.6413418703579,57.24394443260762,54.84903348986669,76.01353925426126,58.14150477640825,54.07834195951038,59.72099375268119,84.21636058128291,79.41416339730806,60.29600235087261,83.35281644579719,78.09481779783809,85.39510492053248,77.07741185026121,73.37661032111977,62.34700921660374,51.30533089407796,67.74720112552758,86.10469800310867,74.22143451041947,81.37768918100741,91.4108104131157
FTIR_S113,Ulva intestinalis,80.6402212793711,76.86207953248335,62.302885642169876,71.76711583827715,55.13143785798769,84.59323954890587,86.10546549252999,87.56877921458833,84.34107216892755,55.333532607367246,52.797506818044404,67.89683658491084,87.5745376938739,57.64480944200058,52.80720155126095,83.97342095039767,51.70443180096125,68.07683743827823,76.8193585331228,55.60328990335867,53.676166417326854,79.55234229709176
FTIR_S114,Ulva intestinalis,58.331255346162614,62.770857010981004,75.62776328935483,48.788009663062375,67.34549752212205,70.36723016989431,89.96070760147455,68.36204307692151,84.93432543459977,61.60767851986995,81.82240822013652,73.60495454980894,84.55654488491257,69.89015518527566,72.3975178751476,76.74433957922442,67.4078232494311,58.2955202525703,52.407998106938415,49.20092422573781,87.13351038476338,60.30963910620801
FTIR_S115,Dunaliella tertiolecta,73.62490163533684,82.08474053778245,52.65768577119916,71.6043733643587,53.67866972043136,78.58300621949779,49.889333376788805,86.17883869528869,77.93698348341692,71.8189712772582,66.52721593004281,53.40157606520896,61.54888166901291,83.46751519284673,85.53109402333249,49.86814918903899,72.99936733165315,80.69838984671017,77.5784695103131,54.99301208057059,55.166601621646365,58.72966337065177
FTIR_S116,Tetraselmis subcordiformis,86.46247762803993,59.74067774375956,69.77078900808776,88.8014760824305,52.744922349983526,68.08887015957376,55.59587195349334,70.89248022592855,49.06240028297616,66.92661584757509,58.95566932146985,69.05557172123814,92.2596444811454,84.22602295492821,81.53738537614272,74.13500968413018,50.562493492009395,59.49161012936499,87.99203261879019,64.73333914272276,54.69318362003007,75.520950241757
FTIR_S117,Spirulina platensis,69.33510455225212,73.74714438383687,75.85020883173586,51.79160858353574,88.80137654408185,50.48131791533762,57.259146093516726,49.31178414053512,66.47499628619724,87.54798125274732,75.52973918875058,83.67055974801036,60.77027638061174,79.598023136011,75.41424607255126,68.3056874263396,54.05789397724336,76.6369632590396,70.91236963903927,79.28423246999685,69.91301019451411,54.35131714447033
FTIR_S118,Spirulina platensis,76.9835510568638,53.54375065699672,65.24297960199509,65.43847979640577,80.79069770883994,82.59877071270613,66.67405254276669,71.4984695066873,52.54580115716095,61.65738752898798,67.37421029387562,55.149152350449185,73.94096264487939,89.82404998377818,77.41497894462199,52.63619302272382,59.13611846266565,69.72002131501695,63.53423675276918,63.88503176101067,73.24136729912803,70.95503347153146
FTIR_S119,Nannochloropsis gaditana,61.4120742040575,53.896572040896615,68.96579964746078,60.37827197307081,79.6813586071247,51.07235188714771,74.80232037991681,61.81622796410359,69.54424753289283,63.17287124905635,77.8271722376649,87.70337968522372,87.11214003285096,76.83215842101016,68.06917576993617,82.39948259013453,79.52936056058267,56.58294169170714,83.40602692786553,69.17729398862647,56.40774265544912,61.95281890882701
FTIR_S120,Tetraselmis subcordiformis,58.11365439930975,88.78103102734322,55.73517982408558,63.789690778323994,74.65698094488506,79.73351940188235,79.07333347361762,55.1298456859984,83.81837232719458,69.90764318199915,69.47565734948459,86.47929976226685,76.94256370047086,56.745117938433985,76.7373184109615,53.170810242333104,49.00056951800148,65.34009442601656,90.11221751744743,58.96446802972285,79.34104092053704,55.09793620992713
FTIR_S121,Chlorella vulgaris,65.99315369250023,54.05454952780549,66.8965136233225,61.7341321374742,51.29675635204519,65.75476670187051,52.994875252859266,59.254865969157485,59.086181172371234,55.69198564598637,55.61448407367674,86.52464193639003,49.1572268161628,77.93064245743355,55.747226229119825,90.0037831770133,66.06352066212165,100.0,69.60572074040816,50.09905538071999,83.73355190148959,67.1973792331001
FTIR_S122,Porphyridium purpureum,85.39118369886694,87.16816941657972,54.57230735057314,71.76645733388509,79.03918389404647,79.08884254410458,71.48335056323364,59.238251737440265,86.3078812941974,81.20312690245433,50.927299610099965,70.12642612625683,59.006648584113776,62.69220643127616,51.70109816750548,65.1005886713851,75.0529348358759,75.5140455575141,74.70530282240631,84.79126872011707,60.7360776380097,55.215536199810465
FTIR_S123,Ulva intestinalis,89.44283985711664,63.64776198619846,53.31549260828087,67.3515467559995,88.64164448038666,62.49442341622297,85.85361111188276,88.52162287954721,63.56537604620434,53.469045927341426,79.36751020381534,67.24471123110742,77.11823204146484,69.07263995999494,69.18106519618674,82.24991972230983,63.97978813447567,67.62716375119969,66.47043990971588,70.91944101317888,72.65393545486252,80.65584658398501
FTIR_S124,Ulva intestinalis,64.54808912877984,79.1808945455394,90.35838908170138,77.98949649726302,55.785468251245625,75.6066334747207,75.53977116715778,86.84286270122568,80.58111131853211,85.64060062589378,69.78785211698445,79.84646198503025,64.3330935847429,90.39918171239442,58.22027570544859,50.62412604001418,57.0190396990062,79.20447875715823,69.45604387821582,68.48850653795125,88.32623551697584,90.27817959675467
FTIR_S125,Porphyridium purpureum,60.91365274626718,71.75032422145422,52.91531204467018,68.64044453230456,79.33594515444798,75.05390471055863,91.1130130379675,60.70589171178081,69.99036369802472,66.39637316375888,67.58300344766597,84.85637254101297,75.01051602494282,84.85830874920134,59.359496423692654,81.82369724597503,52.7921811533668,85.74555336277571,63.245526089604,64.65782313387915,71.1524200976436,90.58375130564217
FTIR_S126,Tetraselmis subcordiformis,66.55627657291002,88.87976076272692,84.927747802201,79.63727320148975,80.12885399190569,61.00590407116941,73.64886119717748,56.351478381682774,55.22400711380866,87.0271339724038,75.34304352559002,70.06152532093486,64.02996164887723,75.63607003449884,53.43916419654655,58.21783068211857,53.00199557397257,71.81806470408317,71.14643577881499,55.164828043025366,79.64597340056778,59.05623416971722
FTIR_S127,Ulva intestinalis,58.95228590858825,67.0856541725628,86.16596018972774,57.97108999116589,61.448434793612435,49.73068540510394,79.72770621992898,62.301457689008274,66.68997949976514,67.6777030481796,86.91599348795945,66.99904384175484,57.66115326388944,72.77996881719075,88.07618871272453,72.98614287626422,88.53584293705055,84.71599302756468,50.7597509449409,74.83492457877402,61.468768359808934,74.59958808712686
FTIR_S128,Porphyridium purpureum,81.96329485998709,77.87174592917209,92.16958372158156,70.52510362352862,64.43753136039952,69.80581956526649,89.82627529264724,76.2432698158333,79.33135825218496,58.053400488627645,75.8496226530825,84.0784348103572,63.57655271017207,67.21029976679228,61.459591087479964,59.194488623537694,51.047325703588285,63.01403145796292,73.45035618093826,50.57150554297819,61.339269579005716,87.41375480798602
FTIR_S129,Prorocentrum lima,67.86085789743784,68.95035289951387,53.48598149868915,56.85417403148473,80.0719414571362,69.7800795531111,60.377832767666945,66.64550814188146,84.2374756992022,75.30107739395312,59.74385098631743,55.36974999854417,59.26792753794588,81.73679381866498,75.90505376964254,71.67795845233452,74.74322257023807,63.694578325504125,83.34726018907382,74.6010902611834,53.199770143497105,58.49663040387666
FTIR_S130,Nannochloropsis gaditana,75.74503527920625,84.05805205630332,85.53824091787112,52.915846056163275,68.504345348557,73.91831385522502,56.22815413470629,67.9800498304348,76.22115484519193,61.510268120284266,72.78961887592041,79.8629018048534,56.212019341993546,68.96728808959047,62.28410158517893,76.318364883689,58.10959931561661,88.13397203823394,68.27463915266132,62.73256905800862,68.66958783859548,65.61920800712612
FTIR_S131,Phaeodactylum tricornutum,49.130326085352976,69.2042554284961,71.13517042049753,61.774818213542574,58.995782085676176,76.6376715184907,59.26301065261536,80.3547946067109,81.7262654746555,63.38353868663756,72.31445514509892,70.58619738033305,75.51173634065478,79.75967022594413,64.51100264674392,73.43418830116207,67.5586875207444,62.49468986157688,50.66294177928492,50.13925492157461,59.0283769803027,65.9047202641892
FTIR_S132,Ulva intestinalis,56.95171847888355,74.91319755001246,86.20748318459908,49.15728792637722,58.49992550886685,85.93485043620723,56.14906568406196,56.07134250556874,70.6998176412635,85.329381722099,65.68058824772038,88.65989427449658,76.50788938108374,56.31271563424604,89.16368065777364,61.91328252430578,57.4983235400968,72.38322651580879,63.39984538441439,54.209212000060596,50.39227393476905,70.30785331182183
FTIR_S133,Dunaliella tertiolecta,61.91717479166786,68.8227611424004,61.95336592985498,67.68605459754279,61.109111268360195,92.17127928597753,63.406188792805686,53.95994477999713,70.02396673065337,53.361596994169304,55.741126192204824,56.62921854889892,69.94726637917799,67.02773271911425,82.03727174936887,77.8104081493879,66.25276770397022,61.28788377257954,60.50231502222734,81.71398393261393,51.37266311796457,47.9135906406994
FTIR_S134,Nannochloropsis gaditana,69.31385794572536,62.83818883311834,82.4763048291519,69.73301644440623,63.02539186991792,75.66566311225276,71.4325528468992,54.10865021937133,74.09770569629111,79.15374709027576,89.81651483436303,73.57497888707879,64.68848656806816,61.50416460477997,85.19902814140916,86.84614864866444,61.875872255786774,57.852650914973076,78.39389532126279,65.85992875199764,62.53060308618877,58.90945300324965
FTIR_S135,Scenedesmus obliquus,59.82858172961959,55.168977834811216,50.62768240934554,75.95656176844726,63.909595805921384,49.877662220734784,61.19125385983444,84.87553096738975,82.80225865571272,68.76762257001164,64.5702083215999,88.70722545791067,57.94940643483693,59.933671310349084,63.855054023496876,55.4141006020002,61.23997379971547,86.39087952103766,75.20098868508025,66.97669731986062,86.7230852878305,52.18807349836076
FTIR_S136,Chlorella vulgaris,81.39352131792133,52.90875516335183,58.88973746888022,83.99645395841262,46.41610393448291,83.30802739326663,70.35721678501693,68.93730098938289,50.6146686203949,80.01189410127483,63.425761746351775,73.31418680158974,74.98958739386136,73.041644425015,87.78499033748103,79.59189904935081,77.86460608545084,99.31334654035635,76.95962102548326,62.44355386155007,57.44963259231627,80.66424049698063
FTIR_S137,Scenedesmus obliquus,58.393750795162205,85.8517152296611,79.51550581780361,64.00898343603777,65.01532114189713,71.57953551027856,50.890679400167215,57.811835199411554,59.62393771535554,56.763545992080104,79.56472037632429,65.4582064642042,56.640611403048176,71.62957713369367,88.02238223976319,55.02507599594304,55.39394207202337,65.55407664650514,83.18686754446519,69.66457546446253,85.57424409688312,86.90485704116398
FTIR_S138,Chlorella vulgaris,81.46217608168548,55.47036215582314,66.73960757417862,80.15375836285988,58.41408792921838,67.98097545431382,61.08103526508026,67.66482767296047,81.89486291799251,68.60776942784712,75.49509044878144,65.92975830510105,67.24562617298086,50.48597988136983,59.141060709292,75.34290286898982,81.38880175461966,75.17718286441581,63.21848502847372,61.576419318534754,60.39843102109016,91.11453565163701
FTIR_S139,Porphyridium purpureum,81.56516643046719,63.67682822700788,55.546696751228104,79.8936442839453,61.425022926545005,79.49462191779722,62.702721507963496,62.11973745805094,52.11725111610262,78.58368852275487,52.893925482779565,80.9371187312348,71.76855835600004,78.76374333613263,71.7623724566317,51.40278071067601,81.27888657918115,55.273011555019906,65.12859989216128,57.0827656927557,78.24496568456503,88.47445466190503
FTIR_S140,Nannochloropsis gaditana,80.58341117452642,67.87049487802963,71.70824225936299,80.6402883372133,83.43970293345114,52.17065669871989,83.10768370695338,73.97879377260801,57.858706271243555,59.71079323292546,69.67980905902186,88.1635568196632,65.85338121755946,78.99176207976483,51.97038049871283,68.35862444555019,87.65359089381914,80.91316275126285,57.29274717790354,67.06958336133692,61.85528212269247,65.3870920436423
FTIR_S141,Ulva intestinalis,87.31339358325299,84.21317191305616,50.89297184311041,83.44613036154793,79.52974834986958,55.15412406776425,57.528561142575334,55.69861004411521,55.97835420975867,68.83814734863255,87.92370224850352,65.66133773130711,74.08903670421398,88.27769115684114,60.58632154392374,85.60618116787663,68.94604098739596,71.53636266011044,65.72148619568716,71.3671986376605,49.49841444099397,78.78121712919598
FTIR_S142,Prorocentrum lima,53.33793918185847,53.18783531971676,68.4960873982674,67.62661782287951,84.38286743615852,55.20310163324359,57.120156692262796,59.462113192993485,51.774003734921926,54.37959178278828,76.93425608748719,67.08871443589317,81.57263684074591,92.08257441189139,74.58866357192176,49.11542942017913,53.11649809090073,85.66348727918772,72.83958101757293,81.01447072611863,79.28734040374742,86.08808434663872
FTIR_S143,Tetraselmis subcordiformis,88.73300301960688,72.45974576385177,59.66616042017725,63.13434504256149,53.57086270059343,93.77042351077506,51.295513136704734,77.37855716176223,67.49549416854137,91.84113991706121,56.345546278341295,71.47271504685916,66.043160276186,73.10151462093063,53.315333384332455,58.030560793229114,58.01291892822959,79.3136420135881,63.76214672121212,72.4233202795762,59.630001542538295,83.16626836413138
FTIR_S144,Dunaliella tertiolecta,59.335114478172244,80.95504040585554,81.30461566941169,59.388255443011154,61.327814226564655,78.51205137947085,62.662119637334314,59.393175801403856,81.87187339829059,54.38798032137812,86.99102485700519,74.70221312267627,55.78371749619369,78.95190207855963,68.52696948472311,64.06071072987423,64.85039390367997,62.672991348780684,61.463223644373414,49.95183080978343,65.32229209257054,65.2824378255998
FTIR_S145,Phaeodactylum tricornutum,87.69331089564471,55.82896704563891,72.57039487606401,65.57196442204257,66.56062307833697,59.392807973317055,81.73431282882565,69.82686918314083,72.45697151974029,60.36914633752804,67.80917568750529,57.19363676787155,82.08978016871208,58.61092741024432,75.96819789872322,66.25764078339293,61.823654837385,71.552011726677,66.05292714118254,51.023845990577605,59.427718152421264,79.8939062359526
FTIR_S146,Prorocentrum lima,59.91637702627086,66.98222199115104,59.56320011526859,86.35687936456752,63.16206621351313,68.48316696761725,65.54344747332468,84.4039662085031,75.79336054688395,74.75422061910342,60.0611223186302,80.635834462855,53.711783856866745,85.25081083298493,69.71298215599215,66.90235187746826,70.89841504838861,80.67841048724165,50.83674974848705,82.7370591073093,67.63818804662438,64.93379204224588
FTIR_S147,Prorocentrum lima,83.86361798312052,69.53794680786828,56.9522132709131,59.43859339306434,68.68557597388619,82.33516728547869,81.55298484518372,70.29034709407786,64.88310033957062,71.20975486283615,79.06432987238097,84.23778708371498,59.83354255223435,78.3521351412198,76.59615489371106,89.57653533988024,87.58314598512924,79.73118774721996,81.27101545023885,60.96547841272485,80.5026048309586,67.51858145008144
FTIR_S148,Scenedesmus obliquus,58.02500534866159,71.28851662683567,69.14648635174426,85.67066731146255,83.40356906857706,77.3374919787542,57.71629095925018,77.68635522920353,68.41797912173064,85.84583094170422,87.6647194419575,51.41829026158518,83.90119879491611,52.12067458105365,62.6901714772188,72.72958505974661,57.65108843012814,80.19549113794386,52.639484373408926,54.30915435036757,74.16777403840273,76.23494106869815
FTIR_S149,Prorocentrum lima,82.29861920918532,72.94536747979049,63.72305527901271,85.80186694844123,81.24714324677859,67.7210998075698,52.97304193926447,78.11593330365748,51.9333245321279,84.9624053501985,90.57332288671407,58.980733185770916,79.6686542908015,54.27117841935312,78.13948331133109,64.92528361689814,77.89466291610098,63.765312984395045,56.21997756102424,65.85434744245822,55.99401675535896,74.0593448197087
FTIR_S150,Tetraselmis subcordiformis,71.5376787879656,65.95244144832961,58.84653961242385,73.52501743356396,77.02942825277665,85.90779122141409,65.01848839819947,81.07350254363304,70.78537550053822,88.78734551316177,68.96836820813876,73.30987462562621,74.5927298245371,82.53327881344083,87.6987525672926,52.65722577245222,52.24746921020277,86.54921797509051,71.64554192771845,77.75429949481986,66.7032763694532,52.4318746878768
