sample_id,species,phylum,replicate,intensity_mz_001,intensity_mz_002,intensity_mz_003,intensity_mz_004,intensity_mz_005,intensity_mz_006,intensity_mz_007,intensity_mz_008,intensity_mz_009,intensity_mz_010,intensity_mz_011,intensity_mz_012,intensity_mz_013,intensity_mz_014,intensity_mz_015,intensity_mz_016,intensity_mz_017,intensity_mz_018,intensity_mz_019,intensity_mz_020,intensity_mz_021,intensity_mz_022,intensity_mz_023,intensity_mz_024,intensity_mz_025,intensity_mz_026,intensity_mz_027,intensity_mz_028,intensity_mz_029,intensity_mz_030,intensity_mz_031,intensity_mz_032,intensity_mz_033,intensity_mz_034,intensity_mz_035,intensity_mz_036,intensity_mz_037,intensity_mz_038,intensity_mz_039,intensity_mz_040,intensity_mz_041,intensity_mz_042,intensity_mz_043,intensity_mz_044,intensity_mz_045,intensity_mz_046,intensity_mz_047,intensity_mz_048,intensity_mz_049,intensity_mz_050,intensity_mz_051,intensity_mz_052,intensity_mz_053,intensity_mz_054,intensity_mz_055,intensity_mz_056,intensity_mz_057,intensity_mz_058,intensity_mz_059,intensity_mz_060,intensity_mz_061,intensity_mz_062,intensity_mz_063,intensity_mz_064,intensity_mz_065,intensity_mz_066,intensity_mz_067,intensity_mz_068,intensity_mz_069,intensity_mz_070,intensity_mz_071,intensity_mz_072,intensity_mz_073,intensity_mz_074,intensity_mz_075,intensity_mz_076,intensity_mz_077,intensity_mz_078,intensity_mz_079,intensity_mz_080,activity_MeOH_70,DPPH_MeOH_70,ABTS_MeOH_70,FRAP_MeOH_70,TPC_MeOH_70,activity_EtOH_70,DPPH_EtOH_70,ABTS_EtOH_70,FRAP_EtOH_70,TPC_EtOH_70,activity_EtOAc,DPPH_EtOAc,ABTS_EtOAc,FRAP_EtOAc,TPC_EtOAc,activity_Acetone_100,DPPH_Acetone_100,ABTS_Acetone_100,FRAP_Acetone_100,TPC_Acetone_100,activity_MeCN_50,DPPH_MeCN_50,ABTS_MeCN_50,FRAP_MeCN_50,TPC_MeCN_50
GCMS_0001,Prorocentrum lima,Dinoflagellata,1,73256.47684642623,38179.77048174684,0.0,0.0,694968.2165304979,0.0,606306.5683364877,0.0,485163.75926571246,245194.70198296814,0.0,0.0,332288.5665810779,0.0,0.0,1840.878016007984,0.0,0.0,433298.05164522433,0.0,1512523.7980542358,426010.6976666184,0.0,0.0,983692.7745364468,12744.47872555271,267504.22375924705,155726.62009578175,0.0,0.0,0.0,0.0,0.0,1010674.9228434715,0.0,0.0,366450.7530238086,0.0,0.0,0.0,27595.829726138716,0.0,20690.39794397259,445102.956487678,0.0,0.0,0.0,214178.21416224708,652597.4456441205,652171.8986755421,84595.72494609623,3265.300513215113,0.0,698990.2069491836,461200.56094651856,387725.04707830586,0.0,475319.87990045495,824272.9514823804,0.0,0.0,0.0,872887.3696715125,0.0,766204.5609070417,0.0,0.0,90612.96144362063,1047741.6171705183,0.0,1461090.312592723,202591.4678942811,0.0,0.0,0.0,0.0,0.0,0.0,885662.022213407,1024457.7335340261,57.10058607993529,55.268610110106664,60.25454243745021,57.13126228487716,55.74792948730711,50.711717617721106,60.36128106960109,50.25721825635191,51.03173179152417,41.196639353407264,44.495663945917094,46.080320512119286,48.341600051685376,34.22988870809101,49.330846511772705,47.77573468629181,56.555887349001345,43.16311905713565,46.90189629953199,44.482036039498276,48.70325649279211,52.84515353835613,52.184230376074105,45.183261006031586,44.6003810507066
GCMS_0002,Prorocentrum lima,Dinoflagellata,2,354295.3871169183,447457.1019119926,0.0,0.0,272543.32360537496,0.0,0.0,1929830.996023762,0.0,462727.919450141,131390.42495439656,25681.25307315392,974555.3082982566,506246.6606906255,0.0,0.0,0.0,788979.4563416657,886177.3862049717,172636.50099993145,117814.43373427601,0.0,0.0,514693.0223054196,4889.771011918503,1573397.0275926255,1426425.2818321742,123490.37114307655,0.0,365289.553790878,344318.90544191835,0.0,0.0,201431.57335758823,562661.2881291376,0.0,0.0,0.0,0.0,793355.1157455052,675694.39636309,0.0,0.0,0.0,440074.8909052336,0.0,873585.7918364286,333780.70729999174,0.0,16744.223435845586,0.0,0.0,65094.96273052982,0.0,0.0,439891.6377754911,0.0,0.0,254330.19106513882,0.0,0.0,0.0,408058.71881922416,0.0,664409.3748476829,456579.57078054216,590024.5349659523,301695.42488585494,216842.79451683088,251525.19832865705,286366.9969023256,359063.53476926143,0.0,0.0,0.0,80830.47208798534,297273.3189534656,974532.4963933623,449119.0937860935,75387.5104161424,59.40626691687354,61.95823570003448,66.30253601897273,52.9045192741831,56.45977667430386,54.22759474282767,62.255397248811036,50.450925598012375,54.72953721180416,49.474518912683116,43.79652856808968,48.103400740766574,49.222990765958535,39.79593559358665,38.06378717204695,49.40663717205439,54.782013278197894,53.159336579472,44.516122027358826,45.169076803188844,46.853486841602326,47.96334885231622,49.65275124387356,48.26808704530217,41.52976022491735
GCMS_0003,Phaeodactylum tricornutum,Bacillariophyta,1,628172.3276759854,0.0,0.0,643114.9310011374,1205828.0979112713,932941.4799950105,0.0,41484.99390366644,0.0,252152.33883758506,0.0,0.0,963103.9293059378,0.0,60956.27382145862,490388.68824517605,0.0,0.0,273397.24625549815,0.0,0.0,2528315.0004553953,5090.050809797546,255382.01087456397,644172.9442704314,1283994.6797721668,31779.6618395329,0.0,1437325.6636906557,516184.4890476029,299526.1316986697,16298.858665961297,614283.8228695674,667378.3953821692,0.0,2127316.6043713633,2571112.8505005166,952853.5877546504,8755.012508977965,0.0,366534.10256403184,0.0,588350.0264511637,324163.523660747,903469.9873241298,579868.2928321816,0.0,165501.243363765,0.0,153283.71487524986,144196.33189575688,1574177.3281918787,0.0,176349.10020756643,0.0,0.0,262068.9650418794,0.0,0.0,0.0,223564.71351762454,1062464.059489201,513222.28126014804,2466111.1655152654,0.0,0.0,0.0,0.0,0.0,640809.3691586182,234496.91590995665,0.0,0.0,794268.346000712,1112307.0421042214,1635303.617781495,722031.5568167566,212753.59758864043,0.0,178033.65995153427,65.64724434032459,70.27163876553388,67.21933316323762,61.94899222122808,63.14901321129881,65.15848151194419,67.27694260889359,65.80421833961769,59.850983849412586,67.7017812498529,49.418239459486934,56.3004219854141,47.21007781099089,54.149264812325484,40.01319322921726,55.771877661642456,59.391498381623045,52.43547092437829,57.70646297079849,53.55407836976999,55.258124509598005,55.867953170691194,61.599986060347014,46.55229830661126,57.01226050074257
GCMS_0004,Phaeodactylum tricornutum,Bacillariophyta,2,1912520.0069100072,0.0,139504.73642874404,821040.3355154615,997033.8683223914,0.0,0.0,0.0,1291528.6288842063,204711.61728088793,0.0,0.0,847512.9283910628,0.0,736488.8651682199,231714.7474298537,84408.51694070069,0.0,2516553.9886984564,642465.0948891287,0.0,707631.2100311053,0.0,324064.6072139063,0.0,0.0,772374.1994285455,165868.09690226676,0.0,0.0,2145509.466750875,0.0,1421270.79838418,0.0,293281.7976962526,489535.43840944953,0.0,412764.1220790137,0.0,330765.2389658361,766457.9131455946,556201.6679630103,0.0,0.0,0.0,88590.11714981108,313908.12356352416,830251.8746782679,0.0,2100103.922569252,0.0,1166108.373982914,1333078.0598574355,0.0,0.0,76732.55797609416,0.0,477648.8081788101,237160.8752931228,129888.37371807115,491307.1850928155,692134.6522988962,0.0,0.0,0.0,1061146.9647551756,0.0,354273.2843148538,174221.86544952999,0.0,0.0,286500.47175569227,0.0,550399.2184301345,246182.67047096376,88659.4914706003,0.0,586829.5235293569,134137.38579296943,0.0,64.19365672905607,61.876154460552726,63.830083144224524,72.91229797464779,58.15609133679924,65.49481858909989,64.678909051424,65.18447122748137,63.462748432730685,68.65314564476354,50.00203779869482,51.142649258411396,52.143911746243774,51.24615187347097,45.47543831665315,50.88058320277108,54.1618575281484,52.728064519128736,46.50831413690987,50.12409662689732,55.77983834779701,64.85197612508068,55.46717125857271,57.27549726726355,45.524708740271116
GCMS_0005,Porphyridium purpureum,Rhodophyta,1,0.0,1282462.263297546,85549.74043845915,0.0,372347.9541954234,331742.4184528117,0.0,3608023.053828204,58973.23986876998,0.0,571198.9903067121,389091.5732259022,0.0,0.0,0.0,0.0,833284.1660438189,855291.057833565,705869.2699149596,290004.5678035479,335937.53480194154,1507925.736065683,392014.8267595272,479485.1964146152,0.0,0.0,3204058.9434407987,193478.51740101472,0.0,336272.09875835496,169892.1911007795,0.0,0.0,0.0,0.0,157377.9471610595,177504.1712444964,367706.3702740879,907241.474972961,651698.7623823083,243294.20082698198,1515180.257545595,2484772.4289817647,0.0,192407.80911785492,2797592.816986236,369908.0617920928,340325.75929172925,2187141.9888658333,464402.80432750884,1680695.0167944282,848340.2535988252,1689827.9597826665,0.0,0.0,869249.0331233256,0.0,1254109.613828357,588778.5122709969,698870.4007478119,0.0,0.0,1256922.4631650285,338835.4532264877,0.0,1444681.807621,283031.5739573686,0.0,0.0,230476.8075531789,0.0,451668.8132171005,1755821.3347113675,0.0,0.0,0.0,466428.8563901368,0.0,0.0,33119.03438731569,74.9305082254664,70.8487947632176,74.76293343111416,73.73521954875369,80.37508515878015,72.7825190488156,75.42154061620539,78.00077274602035,64.27893044183001,73.42883239120665,59.01507442369885,64.71771156893851,53.4167397492767,59.60197234618524,58.32387403039492,60.20651847905244,62.570038501699386,65.21322346408812,54.650864232646256,58.39194771777599,61.96464967775918,64.53355081748742,64.84717594392013,52.77216442385071,65.70570752577845
GCMS_0006,Porphyridium purpureum,Rhodophyta,2,34520.22625893754,442558.9381390848,1142812.3995965763,29326.575815886543,0.0,1744825.1864618885,141885.58573773946,0.0,0.0,0.0,326208.55588757957,0.0,1543157.5000480595,648616.6514194763,88884.79861240697,1750290.9964358106,0.0,0.0,1116048.5925119072,0.0,0.0,0.0,420140.18326525117,0.0,661139.761550369,0.0,1096230.0014325315,1024221.7355214335,2018148.4540089222,0.0,0.0,2587924.3135798527,168367.93843608178,0.0,173797.81538144892,890310.723728806,0.0,0.0,1104029.3087366477,0.0,0.0,0.0,64106.3628434376,110793.28586334965,0.0,2875630.0883193314,63055.12939637099,0.0,318460.8291488963,816486.0170179885,394369.922969861,0.0,413377.0545440443,287935.12008292356,1089761.3784167885,91696.81657893461,699843.288714196,0.0,669565.7431619958,0.0,0.0,0.0,320618.98842867516,0.0,228034.9783199047,271140.67743442935,0.0,2153998.9159173146,1407510.0224813938,362891.1233218403,1171325.523642395,86164.1445912396,0.0,0.0,0.0,185270.38907184452,0.0,64496.915726766696,443434.02455314837,0.0,80.15689958243676,80.72681030193107,80.85370563448255,81.81398455191476,77.23309784141867,71.646390200232,78.09446818588863,69.31294838781096,70.04429345876679,69.13385076846163,60.43229645501904,62.16658936231821,62.75402489615431,55.862297662266315,60.946273899337314,63.90107084214435,68.00510340431846,67.662138089997,54.07077864452796,65.86626322973397,66.25068813494278,67.73160168370543,64.78418111815373,60.316518556987965,72.17045118092399
GCMS_0007,Ulva intestinalis,Chlorophyta,1,0.0,0.0,119079.654250831,0.0,0.0,753472.3270949622,869459.5732060852,234424.0960974688,0.0,330670.91354921233,224694.21218761388,0.0,201489.559180231,779942.2796966155,0.0,0.0,0.0,0.0,310988.4278198791,1581738.3542331443,0.0,0.0,0.0,97865.52595314251,0.0,525974.5600744416,0.0,0.0,590611.5660275045,0.0,0.0,0.0,0.0,0.0,1596580.6099336927,1357284.149672583,0.0,658681.8307650717,412674.4943185049,0.0,0.0,517255.44763886125,0.0,0.0,1427717.7672088158,0.0,28265.220024300932,175390.18027686278,0.0,844140.9863234354,293237.40960209223,255854.0863399832,354706.7299238365,0.0,860918.195777197,406271.70266335335,0.0,0.0,0.0,146881.33812671617,261176.91006305814,0.0,0.0,99456.71610474918,1336563.425890419,0.0,704119.2616276493,1317147.3047447554,0.0,1109225.5370826137,0.0,0.0,167353.71758175723,0.0,0.0,0.0,242418.94958366617,784382.8189018344,1421037.485086546,0.0,66.71157111473046,70.35160042144678,61.720134591695356,67.34237991608732,67.43216952969236,70.25187874776475,73.05929272159746,73.69431663995498,66.84028155163178,67.41362407787474,55.84619294557679,56.96937031437223,58.1045956769195,53.42900948269202,54.8817963083234,57.285475111894556,62.85767906155408,52.91903806285912,53.332119626542585,60.033063696622435,61.961181566170005,61.63608779175398,61.89130257305325,63.34556746776664,60.971768432106124
GCMS_0008,Ulva intestinalis,Chlorophyta,2,1392123.2162124782,0.0,0.0,3163428.3158273175,0.0,402377.1709723948,0.0,0.0,1642657.5579280292,96809.17817777317,1061.0002758949681,976649.279788112,892248.331848524,1396602.562288475,27861.142785865755,1235499.4288545267,0.0,121547.54013360612,997609.7537713413,0.0,0.0,76668.03904808253,26704.210021251114,61741.018927419296,0.0,0.0,875189.4905855362,0.0,0.0,678287.6358500823,571419.2778479371,5589.885247944088,377132.00981023384,483464.1649783509,0.0,1143114.4863204977,0.0,389331.7619297875,0.0,0.0,0.0,0.0,0.0,0.0,780007.8396269036,1803720.4427413978,0.0,976449.9186437376,0.0,883257.9991953607,277531.85532360314,0.0,0.0,81822.99389805325,109520.31157349945,1495023.8360288714,1001673.4439486852,0.0,0.0,523680.6277373003,0.0,0.0,699303.6014437242,0.0,34802.41938309189,0.0,0.0,0.0,89453.2325886536,39778.070389222965,1137594.3041664944,0.0,2306356.8479043636,761353.009901937,1141874.0454228455,0.0,0.0,1280021.0800893307,63353.473593122486,1088235.4065904508,65.75673483645521,68.17990933392288,68.60279232802571,62.01247950613901,64.23175817773323,63.93915675184864,63.64788602754842,65.43620020794873,62.27775900242379,64.39478176947364,52.46083196016514,54.111268307275864,54.713309449718274,46.76066097578079,54.25808910788565,56.15309995095277,62.549701704560334,54.56929198245688,55.700583978782014,51.79282213801184,59.06136453818163,61.461976312339694,59.40801937170369,58.06656510790407,57.30889736077906
GCMS_0009,Chlorella vulgaris,Chlorophyta,1,266799.074580346,375513.7627629369,1248948.8363201278,0.0,0.0,347976.6861631119,23725.13913672361,113637.23308972064,176662.70221075136,1866502.1333444945,1018519.004055366,522809.67323240463,56819.74147796401,608711.5497249835,799217.7254769332,157312.34196933755,643073.4243533402,29713.706374443795,106989.48453728334,36385.762288611775,2367966.4421579586,572695.7799858575,0.0,0.0,0.0,102190.21014420669,0.0,194722.1195991885,0.0,1173705.5764946756,0.0,1565220.1100388877,1406307.2522646952,190028.28298115186,581480.1885223922,0.0,0.0,61854.937640954784,0.0,0.0,0.0,0.0,0.0,157895.7644156419,207242.27155444762,159059.339347207,1562881.7382969128,0.0,0.0,319819.5290707111,0.0,1186520.024409971,0.0,0.0,533372.4193273499,0.0,0.0,227180.59987904306,0.0,765558.5093348533,1474861.6036207988,0.0,0.0,0.0,0.0,68171.18476340408,0.0,285434.3029260989,0.0,0.0,869940.0761062952,0.0,0.0,403035.8920060356,0.0,0.0,0.0,378690.2182039634,160238.3681220333,0.0,67.38469841928718,63.36838750140361,69.44187510144441,69.87592496711275,66.85260610718795,61.955507286528444,66.87981491676507,64.2637610941327,53.97358221180837,62.7048709234076,53.88294118572147,56.38481919234722,56.7475072691938,47.56684974118134,54.83258854016352,55.90362301632727,56.63831366778801,66.74589688615904,49.07978833758797,51.15049317377408,62.998612592722075,69.97533127740971,55.226120296601245,56.79857388186389,69.99442491501347
GCMS_0010,Chlorella vulgaris,Chlorophyta,2,0.0,79122.45980599613,1046055.1089136046,87345.63736442768,386229.46075384493,0.0,0.0,607873.1519387147,829360.8856582001,537376.431335848,0.0,0.0,174826.4321818278,19315.946410091256,0.0,868476.3621651669,216302.69585553257,0.0,0.0,287324.0610721883,0.0,0.0,0.0,0.0,0.0,788339.2304068377,327088.80960532185,0.0,3301484.5184912975,2309661.9532276676,1726835.7042507946,705050.0770718257,0.0,1094817.9824376372,0.0,431882.80017140537,0.0,0.0,61764.838184653476,228250.12285539118,1058292.8983770749,1421351.281159236,0.0,0.0,0.0,621901.164527578,0.0,0.0,0.0,516737.52558894455,1239146.2115079425,0.0,150934.83124889462,0.0,108411.39348892264,0.0,389765.8946595014,0.0,1096907.7712101575,0.0,633612.4179504093,700605.7927930562,111235.58277527857,0.0,0.0,417369.47477525246,895329.8626340122,10450.802157532455,1021892.3436828714,46454.16337057166,975418.9267250256,940085.4763654008,100946.56425808402,0.0,636083.8293645014,417610.5489796643,0.0,175301.16720031024,0.0,0.0,71.19443469545315,76.1202876135198,69.67441951094358,65.78032229276894,73.20270936458029,68.25399593461194,75.05249531132789,65.41841086842999,62.55417099943077,69.99090655925909,57.29800657961562,65.33888270078964,57.91860055735548,52.189843924536284,53.74469913578106,54.83351947522301,57.94782149142441,53.51659211427666,53.59027595154018,54.27938834365076,60.76239254460631,66.7976260777781,61.55129765995405,59.51523081141347,55.185415629279625
GCMS_0011,Asparagopsis taxiformis,Rhodophyta,1,0.0,0.0,0.0,0.0,971654.5189546214,673115.8974418697,1362093.7823062483,25573.421627872205,0.0,121611.01086763236,0.0,0.0,0.0,1854719.7368399655,0.0,0.0,916814.6695238079,0.0,965582.0839046118,0.0,44857.428242378155,0.0,1217876.3759336611,0.0,0.0,36155.489306175856,0.0,0.0,890178.6379577125,0.0,0.0,0.0,1709784.3330351312,1962996.378179858,819456.8627346453,1804655.8019653023,152023.48375998548,1754183.9985185128,0.0,0.0,241087.36089837181,131426.04661700726,1792147.8915918176,294214.95123342564,0.0,0.0,661875.6587399713,833260.627451041,0.0,0.0,0.0,1139795.7309379636,750769.0298679093,0.0,0.0,0.0,1017399.7102004883,554533.2628044117,532074.9050143444,12113.955189305512,0.0,750020.3580196667,0.0,0.0,1990903.9843796266,380565.6290662188,0.0,638114.6371715879,61981.72182536852,153291.8497057594,0.0,0.0,0.0,0.0,110094.05469835731,0.0,0.0,0.0,0.0,0.0,76.79523745642821,81.38134690872577,76.525582038627,69.42887117050506,79.84514970785503,68.82265923533434,67.08410496664824,72.48392180094305,69.12435327327299,66.5982569004731,56.43512963340395,64.51354051816647,57.13594773590695,50.06330087922289,54.027729400319494,61.29744631380822,72.68443774764862,63.639954854509625,47.92042213610091,60.944970516973754,62.35841107484497,68.79571162396563,62.480127373283004,59.07023212336184,59.087573178769425
GCMS_0012,Asparagopsis taxiformis,Rhodophyta,2,0.0,521999.621520895,767677.8371463888,570178.3681168597,0.0,611534.2679390468,647575.5502104517,2599698.415803965,1262459.9591912362,362623.47327412514,0.0,0.0,0.0,0.0,0.0,116435.30254510371,406968.3069029154,591831.631493322,0.0,363941.4173745922,0.0,127586.93983632578,0.0,0.0,0.0,1713413.7375886114,54999.96791546656,655302.798431903,0.0,195407.7417236015,0.0,669552.1028087223,0.0,575399.8264639814,1183730.6064185249,0.0,0.0,827570.0722255243,0.0,945542.4475084913,0.0,61074.04103463602,0.0,0.0,222086.3139981424,41355.22893228744,694890.982529096,400418.12493334565,242176.69003464878,0.0,764948.7934809118,0.0,1452924.5195466706,910244.7648965684,261922.98812451801,126856.95564638978,0.0,1045069.9831068463,0.0,0.0,180397.36446763395,218477.567533482,4794.979278481089,150776.04910248498,732580.2909338187,0.0,588584.4880705117,0.0,331495.4138360303,52181.9342072064,1949964.7833431836,95874.82445545997,0.0,736628.1823516614,0.0,241736.64309433187,949114.1974615552,0.0,797830.5932209969,0.0,74.43287285695656,71.39561133368956,75.84757314435221,74.44851141504695,76.03979553473754,72.56111554755557,81.6154704786988,71.95767784930793,66.46545040247881,70.20586345973678,60.96310783685952,62.37799031027571,67.22358309896266,55.4300920635296,58.82076587467012,62.83017457761785,71.8646358553546,58.39337078390297,65.63877284719928,55.42391882401454,66.95786583667225,71.5691902002048,70.5429166588711,60.557817680057404,65.16153880755567
GCMS_0013,Chromochloris zofingiensis,Chlorophyta,1,379795.75410052325,0.0,873388.3009477427,292687.5889666573,0.0,0.0,0.0,454118.1138834345,0.0,146109.74369499693,100148.45343030167,281284.4540429798,22292.303395174957,0.0,0.0,51947.246155687004,1031180.2218990081,0.0,856587.5147857375,0.0,1221373.585570257,558604.8584736781,0.0,0.0,159426.85608902024,0.0,115548.87365079453,372943.8665523318,263679.97746939684,0.0,1169658.8638993276,8512.083326306063,1084930.284536399,0.0,0.0,1750435.1671838874,39718.62739316645,0.0,1286857.1635745051,412468.729223651,0.0,0.0,0.0,932960.1997465977,0.0,742437.0763648351,0.0,0.0,0.0,23564.935296000658,57369.57430480439,697977.018196918,499841.17699949053,1043771.5052907232,124968.57400603004,1166773.5935479475,71954.99806792362,2369860.9107653196,0.0,136567.3597495678,77514.54658000375,0.0,1304894.06151614,0.0,0.0,452325.83495452185,119420.9812856694,0.0,256220.86435180856,1066434.4732197602,0.0,38064.2876732755,0.0,66992.73889379854,42054.13312410717,0.0,484486.2005141133,797315.6071173557,996635.9360186195,118755.78644069973,68.62562434740478,74.62683541157914,73.81061445398154,61.53141665518993,64.53363086886854,67.63144922214737,76.83190382318443,71.15222621772388,64.20567070954402,58.335996138137126,55.85713562417904,68.0167533612562,53.36385041848338,51.32834587158626,50.719592845390295,51.85375925003112,59.74044655198859,50.154712443765305,46.78298339358017,50.73689461079043,56.84002795459601,60.38250754403357,53.09772470870024,53.264391825657356,60.61548773999288
GCMS_0014,Chromochloris zofingiensis,Chlorophyta,2,204943.8511433975,0.0,114507.61522752703,690168.710535531,0.0,688709.4837119763,0.0,518209.4622191734,97266.2962080653,88631.25995771667,1347689.1947591836,0.0,306757.91509673157,1293339.9838365575,0.0,710494.5881656433,2794988.300905496,10992.202154496787,0.0,0.0,0.0,0.0,0.0,580737.4723005393,561669.5093434823,108903.23365618433,0.0,1613371.399128427,398140.63606925355,490297.77161761065,197425.11424952015,0.0,83256.56051735641,0.0,327095.0265515874,528285.4409436446,1313501.5986604868,0.0,0.0,436751.2187903831,54109.43944239862,0.0,225273.83244811159,775831.2191997432,722897.3824819466,0.0,69614.82719558143,70513.27799946224,673036.144713594,0.0,543624.1147722892,0.0,0.0,285457.2321026436,274860.6739044695,0.0,382155.5686333266,626110.997153877,0.0,2078110.65611042,503376.8136489392,0.0,349642.6244342584,428753.9664601915,553132.233349774,180590.73729319323,0.0,0.0,116220.71552439302,1485822.1338642,0.0,0.0,330312.49535962404,1690345.2752963614,2242580.9074514294,0.0,0.0,0.0,400089.2714239207,34093.48374800126,66.35215555073428,70.97284216939175,62.693221876318006,63.737463088352555,68.00509506887482,65.01167667483445,68.33203760451984,67.6720414446007,56.950959709396024,67.09166794082121,51.06448126100419,45.00041890858482,61.936552563940076,48.48075134229445,48.840202229197416,55.80105213831539,63.602634458133466,55.114797692620435,50.505587235352166,53.98118916715553,58.159953246391595,66.02194983068254,53.8984571685764,57.28262217439387,55.43678381191355
GCMS_0015,Spirulina major,Cyanobacteria,1,70861.96520870236,607271.5959781352,129484.08259266948,0.0,1216706.1559094763,215343.96263213726,48552.26094484538,59935.97987701355,1084796.6159511188,0.0,33648.68981276065,0.0,0.0,2110705.878940367,235121.9177879387,344410.64411439677,627043.736772825,2025563.5736761123,1272574.0581355921,720742.2342054972,22745.540569045002,19259.431109623896,1118751.7947339874,287956.8827088681,463283.1688524527,236068.31540626,0.0,603460.0178275225,842745.263634449,0.0,272274.54006058915,0.0,0.0,645686.6216837456,0.0,0.0,636540.6778913331,206537.56552258067,0.0,572899.9834879243,257993.09990977563,408354.5466842636,1166886.3274587034,0.0,0.0,131379.81566182108,986916.3531142748,0.0,776492.6817263553,0.0,0.0,581897.9612359399,127916.12615662247,0.0,0.0,114112.83114275437,0.0,0.0,0.0,950050.9762573364,0.0,940986.7045331807,0.0,906029.4998654932,0.0,0.0,0.0,167877.02351777497,74039.13869120945,2961527.660715399,0.0,486185.2815091347,0.0,72198.04257594862,327097.5968614937,0.0,0.0,0.0,468719.94485574646,839450.5936471998,66.80095511065552,70.17190146963817,62.136217833120014,71.66389015564096,63.23181098422294,63.40868923767891,72.28688843678846,60.00015521173708,63.069574628314626,58.27813867387548,53.38223347344959,52.987310345258244,62.57148874610953,50.44257245322018,47.527562349210385,54.38855340336786,57.2719843996264,54.38625738202859,52.47953030826601,53.41644152355044,57.82761819025328,57.2428884060143,60.64622127509364,60.54936706453413,52.871996015371046
GCMS_0016,Spirulina major,Cyanobacteria,2,388564.13500451215,509770.4715177337,438050.42327976425,106327.27400996328,89775.82339109347,3288.1811894001785,537109.5526514885,0.0,961525.0717734282,0.0,0.0,914013.181857913,209576.03332065092,196752.1547758173,0.0,0.0,102035.07815488627,0.0,2142954.0288095684,0.0,278242.7319675768,0.0,428828.54139893304,0.0,0.0,0.0,31861.856884271077,884525.9003103243,21686.813799668766,0.0,0.0,0.0,0.0,111472.97797659319,0.0,52955.59772940981,0.0,0.0,0.0,0.0,0.0,0.0,0.0,0.0,1152621.7430592861,68758.70543196198,585489.5857701921,0.0,1016413.8987885246,0.0,23409.426740810217,376320.0906449611,390122.36885073356,0.0,24633.240197356477,4608.05198860598,0.0,5696.248261133109,0.0,0.0,736903.1348789143,0.0,0.0,0.0,80494.56007450573,0.0,860414.0670862085,553624.8150105524,359102.6215416689,0.0,0.0,179092.1715973891,1672370.9524538005,0.0,0.0,0.0,0.0,64975.01857185145,1357375.8605893014,439268.42743344535,66.25396166095665,70.15129392064979,70.24466286608083,64.19580236262482,60.42408749447118,64.88624299591986,64.95798288425053,68.74980488471428,61.82999833208977,64.00718588262487,54.335500702176475,57.21837657470628,58.46482757752035,51.484466735287405,50.17433192119185,55.64235401197048,56.370224048414016,52.92102292412183,54.47932874089253,58.79884033445357,56.6046927675702,54.8261612732973,58.37436677492731,58.26555746710683,54.952685554949376
GCMS_0017,Alaria esculenta,Phaeophyceae,1,0.0,1235126.9006919467,0.0,0.0,58743.16121723579,0.0,32120.390085860116,1193722.6118835558,1448237.9157013877,270935.4650721059,477946.98628170544,503299.58186712686,409528.1429113703,0.0,0.0,684839.8280119573,0.0,3481665.419377589,0.0,0.0,0.0,276540.7388694307,0.0,2177175.5721266014,33042.059049873,152909.60931925193,0.0,0.0,681361.1626935219,0.0,327500.45378437685,188807.22963084074,2968584.539268169,925885.9091432061,550046.2866521784,0.0,0.0,151413.5845949727,0.0,2290213.228199645,0.0,1180511.5694096335,0.0,335869.1917625541,0.0,307372.9838408372,540814.1588246804,1677845.7502750417,0.0,0.0,0.0,0.0,183670.8694978693,588310.0340007883,0.0,0.0,167839.9758544417,0.0,1158958.0295803158,1737248.3891909942,0.0,240838.6198740346,0.0,497588.6359963739,884562.2053243971,2683.6780365058453,344063.8618179625,497667.6246318921,799122.9722899005,0.0,489409.1030599844,1317173.6478485572,0.0,637488.8571070839,3635137.18921253,0.0,186978.2862521901,0.0,99548.43565780365,14481.199841941874,86.43570856471572,92.90450830559458,84.5439691192981,84.72707411833578,83.56728271563445,79.06913628949152,79.48651512585492,78.72624654653038,76.41360923209952,81.65017425348128,61.427126729712676,61.9454775075044,58.801543662223665,65.00056021529214,59.960925533830476,66.55916718649577,68.5129685000492,60.79689102732446,69.16497886015283,67.76183035845662,73.4076053936688,73.94732012612104,71.65610733327553,76.95411089755815,71.07288321772047
GCMS_0018,Alaria esculenta,Phaeophyceae,2,0.0,1571448.7785636142,51395.39946301013,0.0,0.0,0.0,0.0,0.0,479152.0746708851,952245.7447927527,0.0,1574995.3443181152,1370696.5653893822,472590.1940141508,0.0,0.0,267603.2476113198,0.0,546504.26618448,537605.8547069463,1276399.9542876433,1152248.9375930796,0.0,0.0,0.0,0.0,227701.4073864038,0.0,0.0,441933.48282214056,480797.1234805807,0.0,0.0,490457.39016596304,807242.7451855164,0.0,0.0,0.0,0.0,590703.7463978559,264001.0474676812,629459.4221431301,0.0,557273.1221752558,0.0,0.0,1575958.3178766347,609729.2054770787,0.0,0.0,0.0,215723.28917198582,818954.937956353,0.0,0.0,0.0,123457.84840010849,0.0,537702.0936256449,0.0,74178.31913862756,1362754.1732855618,0.0,28174.703142388902,2680587.8597261575,0.0,1631107.5495301564,0.0,0.0,1955089.5301190733,826618.4533411604,0.0,226916.55260177687,0.0,767916.4493817467,0.0,728610.6173368696,0.0,1255421.180661131,624933.4816744365,82.96002248457248,83.30701171217638,83.79151206878032,82.47669564477488,82.26487051255835,84.27146919116267,76.51477420919524,84.05616516950164,85.39921400119631,91.11572338475749,65.35122050412369,69.47219960146678,61.4643367107974,62.74748634536006,67.72085935887048,67.65338068890227,70.93365381864659,68.87888643896865,60.63717033529271,70.16381216270118,70.72722881541567,74.44807146658735,66.78317402333639,70.66223736251347,71.01543240922545
GCMS_0019,Sacchorhiza polyschides,Phaeophyceae,1,113522.03465362325,988711.7305229428,789161.6456887444,1643466.723319059,634202.5446032062,0.0,503547.8608599421,460479.4625435476,498274.4577138171,13369.739259792581,0.0,614148.805383973,1845152.1794397086,427669.8146805353,1777230.6293527863,0.0,320826.75369888055,0.0,2524102.6462645787,17169.677640474845,108898.15122724437,0.0,0.0,0.0,0.0,0.0,897728.8591324071,529035.5504759924,0.0,0.0,1294324.0713984852,0.0,831956.3307709415,26685.11349836893,182273.77497362063,0.0,1248658.1469888925,2444692.694789183,1121911.6017758844,1656233.3549375148,0.0,2733697.6943924036,94139.32526946733,0.0,67483.2049299461,49549.822431650464,0.0,817205.5974497595,1893754.0463876175,0.0,327768.20559035207,297612.64201714064,0.0,1087408.9106594778,0.0,0.0,0.0,0.0,0.0,1757047.3602909432,2011607.7277591382,0.0,0.0,0.0,0.0,472758.2812022608,0.0,1909850.8668799996,0.0,1168634.9510054677,0.0,530257.4468650409,1049153.9978343397,0.0,0.0,10160.099848705004,184516.73626600674,1321897.3275549067,113619.39553080735,0.0,84.33655996282802,85.87944830152753,91.45929304595938,74.46782971101565,85.53966879280948,82.18593439984258,84.1989565746142,80.84805242953334,80.3631376329745,83.33359096224834,61.36001597438367,65.07098807938505,60.75179320445494,59.51555785381485,60.10172475987985,67.02204960831247,74.75140822800245,64.89135003427424,62.51738925652052,65.92805091445267,70.1049515200618,74.84442095310858,74.07969509779203,62.15137032972699,69.34431969961965
GCMS_0020,Sacchorhiza polyschides,Phaeophyceae,2,0.0,0.0,0.0,289669.7206425153,0.0,271033.6365344003,0.0,2219133.677956811,377187.5090568187,0.0,5234.028894492729,292515.7775274441,0.0,0.0,39023.41186552768,1094662.8963436978,1182642.7210047098,0.0,1602.5543195657492,712979.5608283933,2087431.3408335894,2072141.397877941,0.0,11445.605380161567,0.0,1805354.627992408,0.0,0.0,0.0,0.0,634788.6537851512,0.0,309773.5289453107,395570.410599019,0.0,1160809.9176994509,417766.2646965952,524892.5005796875,654830.5418407941,750138.9767533477,1079504.0190344255,0.0,0.0,0.0,610761.2691477672,50609.88334966355,621741.8332434456,0.0,0.0,422242.33490092173,0.0,221774.68158746543,65922.76389539089,0.0,43546.37808145795,70438.22802398122,243065.09801805342,0.0,0.0,4659752.902596713,1459981.6267412687,21243.24778633713,0.0,1354920.8464603578,300356.87875018496,0.0,112380.20277544782,0.0,0.0,1520629.974461007,364292.8961952114,0.0,0.0,0.0,2897800.143663429,318490.5981653213,753922.2838358684,949297.1902877805,0.0,376588.18720126466,82.59587128178947,80.54080169027061,84.76742284050398,80.93372303778273,84.14153755860056,82.76480436420009,79.91133460386762,84.9078787973829,81.66546884761699,84.57453520793284,63.51461080892125,69.23172887948745,62.490349316133475,57.800646866754235,64.5357181733098,67.49342490448845,76.38187058113901,66.86307839677565,58.75878047335785,67.96997016668126,69.9792406991364,76.04961578683968,71.78543394512698,62.02934190813253,70.05257115644639
GCMS_0021,Saccharina latissima,Phaeophyceae,1,302100.7273780503,0.0,0.0,0.0,0.0,127660.68673492232,0.0,480531.5180826594,192306.52267712887,1222745.0297340034,279006.9293760515,267687.55524716113,0.0,0.0,1261459.64895422,368533.03223503154,427859.2844067782,301353.7294814788,207417.63364871184,761564.6510472636,214856.9720616654,0.0,1228151.4173439944,1693979.0385882247,0.0,143192.06872239002,1377864.4027798723,0.0,1149823.9803137751,365616.58626807964,0.0,157215.17571035365,556874.1670252371,971212.3151212904,593642.813022107,0.0,425727.5094893516,596994.2282572634,2432840.1434178744,143754.1414130376,0.0,0.0,785741.7352679338,4722686.722836607,0.0,0.0,1780118.398851248,0.0,996550.9654947,677782.7285061058,550314.9915481149,0.0,0.0,0.0,942248.0895786523,0.0,0.0,0.0,0.0,465925.34262256866,0.0,673298.5767079286,1443721.269535136,408983.4383468697,0.0,0.0,0.0,0.0,0.0,107015.9036041215,0.0,0.0,147467.34147584016,705666.3877706043,326430.7266627763,1394309.9594478414,0.0,0.0,0.0,174952.4795146661,81.42686185000257,82.67082278294951,82.68035074072534,75.58812649359746,84.76814738273795,78.18584593978143,79.80879739127722,78.34220201471942,76.2208784950489,78.3715058580802,63.45411149282085,70.89606987942287,57.106831541252866,63.197186597344036,62.61635795326364,64.30766638349228,69.52964963453134,62.68432894777827,53.275200075082886,71.74148687657662,69.6623022287494,68.86378798298969,73.85149846492915,64.14635282456062,71.78756964251811
GCMS_0022,Saccharina latissima,Phaeophyceae,2,742180.8822540728,0.0,0.0,290649.9146657488,802854.3518938225,0.0,0.0,0.0,0.0,0.0,0.0,169283.66323712873,1185209.266662339,0.0,411126.25627522473,157574.923139806,0.0,0.0,0.0,635942.287569689,684907.8992459396,0.0,0.0,0.0,1045759.4678929305,0.0,0.0,961611.283999336,2434758.215598926,1690007.792282666,0.0,0.0,397090.19836045743,0.0,452946.0943367151,0.0,0.0,967187.9393347513,0.0,0.0,950499.9141910815,424751.48517338996,0.0,0.0,0.0,2189449.5210203333,497515.946382884,448591.157738069,0.0,0.0,1058960.0825335681,1495948.2129229251,2411346.8396329866,605190.6331271473,0.0,29509.649524324388,0.0,0.0,149289.1291497145,230574.21581807084,0.0,2594031.2436660924,0.0,0.0,0.0,0.0,1569710.1937047648,0.0,0.0,1013063.8157891524,0.0,473811.90611643007,1032475.5654549202,273331.28978046717,0.0,1460797.248541372,0.0,0.0,3647724.626617476,2131119.2937956187,82.6773418887312,89.35090174721807,80.51629961926491,78.35845441371443,82.48371177472741,81.54672172685461,81.31745396950065,81.43630038696114,79.14770042110116,84.2854321298555,66.27934084556492,76.7048273463661,67.05476069309874,58.419399093007044,62.938376249787765,65.47057496862108,71.66556396213805,62.8911466607223,65.53359970164084,61.79198954998311,70.59358842863574,75.94528710921395,70.51186005304395,62.095197642583024,73.82200890970202
GCMS_0023,Palmaria palmata,Rhodophyta,1,0.0,687373.1514910584,0.0,407447.6822364111,0.0,0.0,53242.40781955373,437926.59339498717,1598658.330138604,77249.16277323023,0.0,129215.76849935722,0.0,0.0,0.0,0.0,0.0,3163014.601225015,1750549.2964905822,0.0,1325240.3621562964,1573927.2923446945,17833.4976044814,545013.7080821709,40912.74329362893,0.0,0.0,220007.51268500387,305329.95585517044,1367128.8239204928,0.0,0.0,339304.74416168104,246382.09031841654,0.0,0.0,0.0,333912.5828893607,1036139.2207468295,0.0,665067.2658387134,491467.987224999,0.0,230896.05160953078,1118588.8572223168,0.0,0.0,0.0,852464.599150596,942133.8981703263,405144.26037888485,90950.77184332497,0.0,0.0,867172.2863998997,761630.0073373201,0.0,1008770.078657568,0.0,188592.7211039417,0.0,0.0,0.0,89935.24307348086,431220.6223793455,185569.68657062142,0.0,97193.12076423546,0.0,1741840.731142438,0.0,0.0,0.0,0.0,341671.6802667856,0.0,0.0,1065357.4594639384,864298.1199323207,0.0,76.60041496411625,83.74591376759332,79.29915305473604,67.8046361917119,75.55195684242373,73.54191353643046,78.20531987995513,73.6784048939604,71.5929512609826,70.69097811082372,58.053484317109536,61.591866001189125,63.94940303656903,53.10811040863883,53.564557822041166,62.19174172656398,64.87533840150044,63.5372999119701,59.07902650766058,61.275302085124785,65.66429088940599,68.89658927254588,69.19971859840457,64.40737228787958,60.1534833987939
GCMS_0024,Palmaria palmata,Rhodophyta,2,0.0,0.0,0.0,29954.70348626042,89412.05515312302,1037925.7669320325,473347.9307940238,0.0,471.9085671863199,0.0,0.0,0.0,0.0,1029315.4172456422,147865.56669109405,0.0,700582.3441579611,1670225.9733823186,1366158.1171369627,561988.3174475416,245795.05189718,265885.8710146791,0.0,2745334.2663082727,149244.27829608115,1262021.4714146166,443426.61238928506,1568470.9610463248,0.0,629359.9156593075,391623.05609592656,0.0,0.0,234530.99968549222,1134415.6023534234,0.0,0.0,0.0,0.0,0.0,0.0,0.0,0.0,0.0,4022993.839736053,0.0,0.0,27806.290269166013,492076.6219730463,1712789.293366593,0.0,0.0,0.0,0.0,726056.6487946236,0.0,1064659.7681415568,740863.8181345887,0.0,143087.45408870786,0.0,0.0,2925786.238338139,972698.5879474442,14650.657839593163,1012813.67376584,0.0,0.0,0.0,0.0,957953.9192493157,0.0,755540.4768106426,0.0,1029619.4224114274,0.0,63339.60785383318,13658.348161871574,538552.1925431421,1364508.629154309,80.1086018035598,81.45003717178871,82.11047631361717,76.19017160169585,80.68372212713747,77.37795702970826,85.93984747862564,75.63880309226639,70.92133310278662,77.01184444515438,61.78722412136726,62.65681701412231,62.33354597731889,63.49298116738229,58.66555232664555,61.89856054254787,69.19876195408405,60.020246153797565,53.51533351658531,64.85990054572456,66.86545315354465,63.40103954510716,70.63683978647165,63.4663254621944,69.95760782040537
