source_file,cm.1,A_norm
A_esculenta_1_1.csv,3779.0,0.0051
A_esculenta_1_1.csv,3737.0,0.0049
A_esculenta_1_1.csv,3629.0,0.0056
A_esculenta_1_1.csv,3596.0,0.006
A_esculenta_1_1.csv,3553.0,0.0068000000000000005
A_esculenta_1_1.csv,3534.0,0.0073
A_esculenta_1_1.csv,3210.0,0.0129
A_esculenta_1_1.csv,3192.0,0.012799999999999999
A_esculenta_1_1.csv,3117.0,0.0115
A_esculenta_1_1.csv,2536.0,0.0084
A_esculenta_1_1.csv,2339.0,0.0078000000000000005
A_esculenta_1_1.csv,2324.0,0.0089
A_esculenta_1_1.csv,2245.0,0.0078000000000000005
A_esculenta_1_1.csv,2198.0,0.007500000000000001
A_esculenta_1_1.csv,2189.0,0.008199999999999999
A_esculenta_1_1.csv,2163.0,0.008499999999999999
A_esculenta_1_1.csv,2064.0,0.006500000000000001
A_esculenta_1_1.csv,1997.0,0.0059
A_esculenta_1_1.csv,1932.0,0.0054
A_esculenta_1_1.csv,1923.0,0.0053
A_esculenta_1_1.csv,1874.0,0.0055000000000000005
A_esculenta_1_1.csv,1720.0,0.0058000000000000005
A_esculenta_1_1.csv,1622.0,0.0182
A_esculenta_1_1.csv,1562.0,0.009399999999999999
A_esculenta_1_1.csv,1411.0,0.0123
A_esculenta_1_1.csv,1319.0,0.0073
A_esculenta_1_1.csv,1297.0,0.007
A_esculenta_1_1.csv,843.0,0.0047
A_esculenta_1_1.csv,723.0,0.005
A_esculenta_1_1.csv,606.0,0.005200000000000001
A_esculenta_1_1.csv,597.0,0.0048000000000000004
A_esculenta_1_1.csv,591.0,0.0055000000000000005
A_esculenta_1_1.csv,571.0,0.0061
A_esculenta_1_1.csv,507.0,0.0045000000000000005
A_esculenta_1_1.csv,491.0,0.0036999999999999997
A_esculenta_1_1.csv,484.0,0.0055000000000000005
A_esculenta_1_1.csv,473.0,0.0069
A_esculenta_1_1.csv,455.0,0.0036999999999999997
A_esculenta_2_1.csv,3736.0,0.0016999999999999997
A_esculenta_2_1.csv,3697.0,0.0015
A_esculenta_2_1.csv,3523.0,0.0040999999999999995
A_esculenta_2_1.csv,3077.0,0.007299999999999999
A_esculenta_2_1.csv,2818.0,0.006
A_esculenta_2_1.csv,2584.0,0.004999999999999999
A_esculenta_2_1.csv,2487.0,0.0045000000000000005
A_esculenta_2_1.csv,2454.0,0.0045000000000000005
A_esculenta_2_1.csv,2420.0,0.0043
A_esculenta_2_1.csv,2324.0,0.0052
A_esculenta_2_1.csv,2207.0,0.004200000000000001
A_esculenta_2_1.csv,2185.0,0.0045000000000000005
A_esculenta_2_1.csv,2170.0,0.004399999999999999
A_esculenta_2_1.csv,2146.0,0.0021
A_esculenta_2_1.csv,2107.0,0.0036999999999999997
A_esculenta_2_1.csv,2099.0,0.0036000000000000003
A_esculenta_2_1.csv,2075.0,0.0036000000000000003
A_esculenta_2_1.csv,2064.0,0.0036000000000000003
A_esculenta_2_1.csv,2059.0,0.0034
A_esculenta_2_1.csv,2050.0,0.0045000000000000005
A_esculenta_2_1.csv,2038.0,0.0035
A_esculenta_2_1.csv,2025.0,0.0029000000000000002
A_esculenta_2_1.csv,2009.0,0.0029999999999999996
A_esculenta_2_1.csv,1988.0,0.0034
A_esculenta_2_1.csv,1980.0,0.004200000000000001
A_esculenta_2_1.csv,1973.0,0.0026999999999999997
A_esculenta_2_1.csv,1967.0,0.0026999999999999997
A_esculenta_2_1.csv,1904.0,0.0022999999999999995
A_esculenta_2_1.csv,1757.0,0.0013
A_esculenta_2_1.csv,1708.0,0.0022999999999999995
A_esculenta_2_1.csv,752.0,0.0013999999999999998
A_esculenta_2_1.csv,699.0,0.0018
A_esculenta_2_1.csv,674.0,0.0019000000000000002
A_esculenta_2_1.csv,661.0,0.0019000000000000002
A_esculenta_2_1.csv,652.0,0.0015
A_esculenta_2_1.csv,630.0,0.0019999999999999996
A_esculenta_2_1.csv,592.0,0.0019000000000000002
A_esculenta_2_1.csv,562.0,0.0035
A_esculenta_2_1.csv,533.0,0.0046
A_esculenta_2_1.csv,491.0,0.0016999999999999997
A_esculenta_2_1.csv,479.0,0.0039000000000000003
A_esculenta_2_1.csv,464.0,0.0084
A_esculenta_3_1.csv,3643.0,0.0032
A_esculenta_3_1.csv,3580.0,0.0040999999999999995
A_esculenta_3_1.csv,3021.0,0.0091
A_esculenta_3_1.csv,2691.0,0.0075
A_esculenta_3_1.csv,2632.0,0.0075
A_esculenta_3_1.csv,2578.0,0.0068000000000000005
A_esculenta_3_1.csv,2554.0,0.006500000000000001
A_esculenta_3_1.csv,2549.0,0.006500000000000001
A_esculenta_3_1.csv,2487.0,0.0063
A_esculenta_3_1.csv,2444.0,0.006200000000000001
A_esculenta_3_1.csv,2430.0,0.006
A_esculenta_3_1.csv,2346.0,0.0057
A_esculenta_3_1.csv,2333.0,0.005900000000000001
A_esculenta_3_1.csv,2289.0,0.0071
A_esculenta_3_1.csv,2248.0,0.0058
A_esculenta_3_1.csv,2225.0,0.006500000000000001
A_esculenta_3_1.csv,2206.0,0.0057
A_esculenta_3_1.csv,2185.0,0.006100000000000001
A_esculenta_3_1.csv,2101.0,0.0052
A_esculenta_3_1.csv,2076.0,0.0051
A_esculenta_3_1.csv,2059.0,0.0045000000000000005
A_esculenta_3_1.csv,2050.0,0.0058
A_esculenta_3_1.csv,2030.0,0.0036999999999999997
A_esculenta_3_1.csv,2024.0,0.004
A_esculenta_3_1.csv,1951.0,0.0031
A_esculenta_3_1.csv,1942.0,0.0035
A_esculenta_3_1.csv,1885.0,0.0033000000000000004
A_esculenta_3_1.csv,1057.0,0.0518
A_esculenta_3_1.csv,724.0,0.0025
A_esculenta_3_1.csv,673.0,0.0031
A_esculenta_3_1.csv,562.0,0.0045000000000000005
A_esculenta_3_1.csv,541.0,0.0057
A_esculenta_3_1.csv,513.0,0.0033000000000000004
A_esculenta_3_1.csv,492.0,0.002
A_esculenta_3_1.csv,478.0,0.005900000000000001
A_esculenta_3_1.csv,465.0,0.006100000000000001
A_esculenta_4_1.csv,3941.0,0.0021000000000000003
A_esculenta_4_1.csv,3610.0,0.0032000000000000006
A_esculenta_4_1.csv,2833.0,0.0079
A_esculenta_4_1.csv,2818.0,0.0077
A_esculenta_4_1.csv,2572.0,0.006
A_esculenta_4_1.csv,2550.0,0.0057
A_esculenta_4_1.csv,2543.0,0.0058
A_esculenta_4_1.csv,2511.0,0.005600000000000001
A_esculenta_4_1.csv,2324.0,0.0060999999999999995
A_esculenta_4_1.csv,2249.0,0.0049
A_esculenta_4_1.csv,2225.0,0.0051
A_esculenta_4_1.csv,2208.0,0.0048000000000000004
A_esculenta_4_1.csv,2162.0,0.005300000000000001
A_esculenta_4_1.csv,2075.0,0.0041
A_esculenta_4_1.csv,2050.0,0.005300000000000001
A_esculenta_4_1.csv,2031.0,0.0028000000000000004
A_esculenta_4_1.csv,1980.0,0.0057
A_esculenta_4_1.csv,1948.0,0.0023
A_esculenta_4_1.csv,1933.0,0.0027
A_esculenta_4_1.csv,1913.0,0.0028000000000000004
A_esculenta_4_1.csv,1790.0,0.0021000000000000003
A_esculenta_4_1.csv,1037.0,0.0563
A_esculenta_4_1.csv,802.0,0.006500000000000001
A_esculenta_4_1.csv,663.0,0.0023
A_esculenta_4_1.csv,592.0,0.0031000000000000003
A_esculenta_4_1.csv,563.0,0.0048000000000000004
A_esculenta_4_1.csv,538.0,0.0057
A_esculenta_4_1.csv,532.0,0.005300000000000001
A_esculenta_4_1.csv,510.0,0.0018999999999999998
A_esculenta_4_1.csv,504.0,0.0018999999999999998
A_esculenta_4_1.csv,484.0,0.0034000000000000002
A_esculenta_4_1.csv,474.0,0.005000000000000001
A_esculenta_4_1.csv,464.0,0.0063
A_esculenta_4_1.csv,452.0,0.0014000000000000002
A_taxiformis_1_001_1.csv,3934.0,0.0014999999999999996
A_taxiformis_1_001_1.csv,3761.0,0.0014999999999999996
A_taxiformis_1_001_1.csv,3728.0,0.0014999999999999996
A_taxiformis_1_001_1.csv,3676.0,0.0014999999999999996
A_taxiformis_1_001_1.csv,3165.0,0.015499999999999998
A_taxiformis_1_001_1.csv,2569.0,0.005299999999999999
A_taxiformis_1_001_1.csv,2517.0,0.0051
A_taxiformis_1_001_1.csv,2323.0,0.0063999999999999994
A_taxiformis_1_001_1.csv,2285.0,0.006
A_taxiformis_1_001_1.csv,2233.0,0.0049
A_taxiformis_1_001_1.csv,2227.0,0.004999999999999999
A_taxiformis_1_001_1.csv,2185.0,0.0045000000000000005
A_taxiformis_1_001_1.csv,2178.0,0.004999999999999999
A_taxiformis_1_001_1.csv,2150.0,0.002
A_taxiformis_1_001_1.csv,2029.0,0.003599999999999999
A_taxiformis_1_001_1.csv,1964.0,0.0019000000000000006
A_taxiformis_1_001_1.csv,1937.0,0.002
A_taxiformis_1_001_1.csv,1912.0,0.0020999999999999994
A_taxiformis_1_001_1.csv,1896.0,0.0022000000000000006
A_taxiformis_1_001_1.csv,1883.0,0.0019000000000000006
A_taxiformis_1_001_1.csv,1877.0,0.002
A_taxiformis_1_001_1.csv,1832.0,0.0015999999999999999
A_taxiformis_1_001_1.csv,1773.0,0.0014999999999999996
A_taxiformis_1_001_1.csv,1723.0,0.0014999999999999996
A_taxiformis_1_001_1.csv,1081.0,0.0296
A_taxiformis_1_001_1.csv,1026.0,0.0391
A_taxiformis_1_001_1.csv,854.0,0.043000000000000003
A_taxiformis_1_001_1.csv,844.0,0.012100000000000001
A_taxiformis_1_001_1.csv,713.0,0.0096
A_taxiformis_1_001_1.csv,700.0,0.0096
A_taxiformis_1_001_1.csv,568.0,0.0184
A_taxiformis_1_001_1.csv,532.0,0.014199999999999999
A_taxiformis_1_001_1.csv,515.0,0.0118
A_taxiformis_1_001_1.csv,465.0,0.004699999999999999
A_taxiformis_1_001_1.csv,457.0,0.0034000000000000002
A_taxiformis_1_1.csv,3882.0,0.0011999999999999997
A_taxiformis_1_1.csv,3798.0,0.0011999999999999997
A_taxiformis_1_1.csv,3086.0,0.009899999999999999
A_taxiformis_1_1.csv,2905.0,0.007599999999999999
A_taxiformis_1_1.csv,2334.0,0.0034999999999999996
A_taxiformis_1_1.csv,2323.0,0.004999999999999999
A_taxiformis_1_1.csv,2251.0,0.0039000000000000007
A_taxiformis_1_1.csv,2241.0,0.0043
A_taxiformis_1_1.csv,2204.0,0.004
A_taxiformis_1_1.csv,2198.0,0.004
A_taxiformis_1_1.csv,2179.0,0.004
A_taxiformis_1_1.csv,2163.0,0.006
A_taxiformis_1_1.csv,2099.0,0.0031999999999999997
A_taxiformis_1_1.csv,2076.0,0.0034999999999999996
A_taxiformis_1_1.csv,2050.0,0.0037
A_taxiformis_1_1.csv,2040.0,0.0023
A_taxiformis_1_1.csv,2028.0,0.0020999999999999994
A_taxiformis_1_1.csv,1982.0,0.002999999999999999
A_taxiformis_1_1.csv,1788.0,0.0017000000000000001
A_taxiformis_1_1.csv,1493.0,0.0286
A_taxiformis_1_1.csv,1454.0,0.0245
A_taxiformis_1_1.csv,894.0,0.0011999999999999997
A_taxiformis_1_1.csv,854.0,0.0371
A_taxiformis_1_1.csv,811.0,0.0023999999999999994
A_taxiformis_1_1.csv,713.0,0.0075
A_taxiformis_1_1.csv,673.0,0.006
A_taxiformis_1_1.csv,515.0,0.0102
A_taxiformis_1_1.csv,494.0,0.006500000000000001
A_taxiformis_1_1.csv,478.0,0.0063
A_taxiformis_1_1.csv,466.0,0.004399999999999999
A_taxiformis_1_1.csv,451.0,0.001
A_taxiformis_2_001_1.csv,3822.0,0.0014000000000000002
A_taxiformis_2_001_1.csv,3798.0,0.0015000000000000013
A_taxiformis_2_001_1.csv,3737.0,0.0018000000000000013
A_taxiformis_2_001_1.csv,3723.0,0.0013000000000000008
A_taxiformis_2_001_1.csv,3648.0,0.0017000000000000001
A_taxiformis_2_001_1.csv,2528.0,0.0054
A_taxiformis_2_001_1.csv,2323.0,0.006700000000000001
A_taxiformis_2_001_1.csv,2275.0,0.005300000000000001
A_taxiformis_2_001_1.csv,2258.0,0.0051
A_taxiformis_2_001_1.csv,2241.0,0.0051
A_taxiformis_2_001_1.csv,2211.0,0.0045000000000000005
A_taxiformis_2_001_1.csv,2178.0,0.0043
A_taxiformis_2_001_1.csv,2171.0,0.0043
A_taxiformis_2_001_1.csv,2139.0,0.0029
A_taxiformis_2_001_1.csv,2082.0,0.0038000000000000013
A_taxiformis_2_001_1.csv,2040.0,0.003300000000000001
A_taxiformis_2_001_1.csv,1964.0,0.0015000000000000013
A_taxiformis_2_001_1.csv,1855.0,0.0015000000000000013
A_taxiformis_2_001_1.csv,1724.0,0.0014000000000000002
A_taxiformis_2_001_1.csv,1502.0,0.0489
A_taxiformis_2_001_1.csv,1142.0,0.0352
A_taxiformis_2_001_1.csv,1081.0,0.0367
A_taxiformis_2_001_1.csv,854.0,0.054700000000000006
A_taxiformis_2_001_1.csv,844.0,0.0146
A_taxiformis_2_001_1.csv,759.0,0.0045000000000000005
A_taxiformis_2_001_1.csv,713.0,0.010900000000000002
A_taxiformis_2_001_1.csv,700.0,0.010300000000000002
A_taxiformis_2_001_1.csv,672.0,0.008000000000000002
A_taxiformis_2_001_1.csv,615.0,0.0254
A_taxiformis_2_001_1.csv,533.0,0.014900000000000002
A_taxiformis_2_001_1.csv,516.0,0.013
A_taxiformis_2_001_1.csv,507.0,0.010199999999999999
A_taxiformis_2_001_1.csv,492.0,0.0083
A_taxiformis_2_001_1.csv,482.0,0.0077
A_taxiformis_2_1.csv,3918.0,0.0008000000000000004
A_taxiformis_2_1.csv,3892.0,0.0009000000000000006
A_taxiformis_2_1.csv,3822.0,0.0009000000000000006
A_taxiformis_2_1.csv,3817.0,0.001
A_taxiformis_2_1.csv,3504.0,0.0056
A_taxiformis_2_1.csv,3388.0,0.011300000000000001
A_taxiformis_2_1.csv,2489.0,0.003400000000000001
A_taxiformis_2_1.csv,2191.0,0.0033
A_taxiformis_2_1.csv,2185.0,0.0032000000000000006
A_taxiformis_2_1.csv,2178.0,0.0033
A_taxiformis_2_1.csv,2140.0,0.0012000000000000005
A_taxiformis_2_1.csv,2098.0,0.0024999999999999996
A_taxiformis_2_1.csv,2063.0,0.0024999999999999996
A_taxiformis_2_1.csv,2050.0,0.003400000000000001
A_taxiformis_2_1.csv,2025.0,0.002000000000000001
A_taxiformis_2_1.csv,1972.0,0.001700000000000001
A_taxiformis_2_1.csv,1964.0,0.0013
A_taxiformis_2_1.csv,1944.0,0.0013
A_taxiformis_2_1.csv,1140.0,0.0211
A_taxiformis_2_1.csv,1103.0,0.019
A_taxiformis_2_1.csv,854.0,0.0336
A_taxiformis_2_1.csv,713.0,0.0061
A_taxiformis_2_1.csv,679.0,0.0042
A_taxiformis_2_1.csv,667.0,0.0055000000000000005
A_taxiformis_2_1.csv,615.0,0.0155
A_taxiformis_2_1.csv,568.0,0.012299999999999998
A_taxiformis_2_1.csv,533.0,0.009000000000000001
A_taxiformis_2_1.csv,464.0,0.0024000000000000002
A_taxiformis_2_1.csv,453.0,0.0011000000000000012
A_taxiformis_3_001_1.csv,3901.0,0.001299999999999999
A_taxiformis_3_001_1.csv,3876.0,0.0009999999999999992
A_taxiformis_3_001_1.csv,3828.0,0.0008999999999999998
A_taxiformis_3_001_1.csv,3822.0,0.0011000000000000003
A_taxiformis_3_001_1.csv,3746.0,0.0014000000000000002
A_taxiformis_3_001_1.csv,3647.0,0.0011999999999999997
A_taxiformis_3_001_1.csv,2997.0,0.0075
A_taxiformis_3_001_1.csv,2692.0,0.0048000000000000004
A_taxiformis_3_001_1.csv,2536.0,0.004
A_taxiformis_3_001_1.csv,2323.0,0.004699999999999999
A_taxiformis_3_001_1.csv,2265.0,0.0037999999999999996
A_taxiformis_3_001_1.csv,2191.0,0.0037
A_taxiformis_3_001_1.csv,2163.0,0.0049
A_taxiformis_3_001_1.csv,2151.0,0.0008000000000000004
A_taxiformis_3_001_1.csv,2141.0,0.0014999999999999996
A_taxiformis_3_001_1.csv,2077.0,0.0034000000000000002
A_taxiformis_3_001_1.csv,2050.0,0.003599999999999999
A_taxiformis_3_001_1.csv,2029.0,0.002199999999999999
A_taxiformis_3_001_1.csv,1982.0,0.003299999999999999
A_taxiformis_3_001_1.csv,1831.0,0.0009999999999999992
A_taxiformis_3_001_1.csv,1143.0,0.026899999999999997
A_taxiformis_3_001_1.csv,854.0,0.040999999999999995
A_taxiformis_3_001_1.csv,844.0,0.011199999999999998
A_taxiformis_3_001_1.csv,713.0,0.008199999999999999
A_taxiformis_3_001_1.csv,700.0,0.0081
A_taxiformis_3_001_1.csv,672.0,0.007299999999999999
A_taxiformis_3_001_1.csv,579.0,0.0193
A_taxiformis_3_001_1.csv,548.0,0.014099999999999998
A_taxiformis_3_001_1.csv,527.0,0.0127
A_taxiformis_3_001_1.csv,515.0,0.010599999999999998
A_taxiformis_3_001_1.csv,507.0,0.009000000000000001
A_taxiformis_3_001_1.csv,476.0,0.0069
A_taxiformis_3_001_1.csv,464.0,0.0034000000000000002
A_taxiformis_3_001_1.csv,455.0,0.0014999999999999996
A_taxiformis_3_1.csv,3881.0,0.0014000000000000002
A_taxiformis_3_1.csv,3787.0,0.0011999999999999997
A_taxiformis_3_1.csv,3671.0,0.0011000000000000003
A_taxiformis_3_1.csv,3647.0,0.0014000000000000002
A_taxiformis_3_1.csv,3625.0,0.0016000000000000007
A_taxiformis_3_1.csv,3595.0,0.0023
A_taxiformis_3_1.csv,3540.0,0.0043
A_taxiformis_3_1.csv,3003.0,0.006699999999999999
A_taxiformis_3_1.csv,2575.0,0.004
A_taxiformis_3_1.csv,2419.0,0.003299999999999999
A_taxiformis_3_1.csv,2360.0,0.0026
A_taxiformis_3_1.csv,2286.0,0.0046
A_taxiformis_3_1.csv,2257.0,0.0037999999999999996
A_taxiformis_3_1.csv,2221.0,0.0037999999999999996
A_taxiformis_3_1.csv,2179.0,0.0037
A_taxiformis_3_1.csv,2163.0,0.004999999999999999
A_taxiformis_3_1.csv,2150.0,0.0014999999999999996
A_taxiformis_3_1.csv,2122.0,0.0023
A_taxiformis_3_1.csv,2111.0,0.0031000000000000003
A_taxiformis_3_1.csv,2097.0,0.0029
A_taxiformis_3_1.csv,1964.0,0.0017000000000000001
A_taxiformis_3_1.csv,1901.0,0.0017000000000000001
A_taxiformis_3_1.csv,1865.0,0.0014999999999999996
A_taxiformis_3_1.csv,1641.0,0.015199999999999998
A_taxiformis_3_1.csv,1142.0,0.0212
A_taxiformis_3_1.csv,854.0,0.0334
A_taxiformis_3_1.csv,713.0,0.006500000000000001
A_taxiformis_3_1.csv,700.0,0.0063999999999999994
A_taxiformis_3_1.csv,672.0,0.0058
A_taxiformis_3_1.csv,620.0,0.0166
A_taxiformis_3_1.csv,534.0,0.0102
A_taxiformis_3_1.csv,515.0,0.0088
A_taxiformis_3_1.csv,492.0,0.006
A_taxiformis_3_1.csv,483.0,0.0054
A_taxiformis_3_1.csv,477.0,0.0055
A_taxiformis_3_1.csv,465.0,0.0037
C-zofingiensis_G-2_1.csv,3882.0,0.0014999999999999979
C-zofingiensis_G-2_1.csv,3850.0,0.0017000000000000001
C-zofingiensis_G-2_1.csv,2919.0,0.0442
C-zofingiensis_G-2_1.csv,2287.0,0.008
C-zofingiensis_G-2_1.csv,2241.0,0.006200000000000001
C-zofingiensis_G-2_1.csv,2196.0,0.005499999999999998
C-zofingiensis_G-2_1.csv,2188.0,0.0057
C-zofingiensis_G-2_1.csv,2176.0,0.0045000000000000005
C-zofingiensis_G-2_1.csv,2164.0,0.006599999999999998
C-zofingiensis_G-2_1.csv,2147.0,0.0026999999999999975
C-zofingiensis_G-2_1.csv,2141.0,0.0028000000000000004
C-zofingiensis_G-2_1.csv,2079.0,0.004699999999999999
C-zofingiensis_G-2_1.csv,2050.0,0.004699999999999999
C-zofingiensis_G-2_1.csv,2039.0,0.0036999999999999984
C-zofingiensis_G-2_1.csv,2012.0,0.0022000000000000006
C-zofingiensis_G-2_1.csv,1998.0,0.002999999999999999
C-zofingiensis_G-2_1.csv,1966.0,0.0014999999999999979
C-zofingiensis_G-2_1.csv,1949.0,0.0017000000000000001
C-zofingiensis_G-2_1.csv,1919.0,0.0020999999999999977
C-zofingiensis_G-2_1.csv,1910.0,0.0022000000000000006
C-zofingiensis_G-2_1.csv,1896.0,0.0019999999999999983
C-zofingiensis_G-2_1.csv,1867.0,0.0017000000000000001
C-zofingiensis_G-2_1.csv,1453.0,0.0374
C-zofingiensis_G-2_1.csv,1050.0,0.0929
C-zofingiensis_G-2_1.csv,940.0,0.009899999999999999
C-zofingiensis_G-2_1.csv,644.0,0.02
C-zofingiensis_G-2_1.csv,601.0,0.0258
C-zofingiensis_G-2_1.csv,595.0,0.0255
C-zofingiensis_G-2_1.csv,567.0,0.0287
C-zofingiensis_G-2_1.csv,523.0,0.0316
C_vulgaris_1_1.csv,2924.0,0.1574
C_vulgaris_1_1.csv,2854.0,0.1083
C_vulgaris_1_1.csv,2458.0,0.010400000000000001
C_vulgaris_1_1.csv,2355.0,0.0085
C_vulgaris_1_1.csv,2208.0,0.0069
C_vulgaris_1_1.csv,2162.0,0.0063
C_vulgaris_1_1.csv,2088.0,0.006400000000000001
C_vulgaris_1_1.csv,2051.0,0.0066
C_vulgaris_1_1.csv,2009.0,0.0019000000000000002
C_vulgaris_1_1.csv,1995.0,0.0026999999999999997
C_vulgaris_1_1.csv,1983.0,0.0046
C_vulgaris_1_1.csv,1962.0,0.0019000000000000002
C_vulgaris_1_1.csv,1912.0,0.0031
C_vulgaris_1_1.csv,1896.0,0.0028
C_vulgaris_1_1.csv,1875.0,0.0024
C_vulgaris_1_1.csv,1846.0,0.0022
C_vulgaris_1_1.csv,1841.0,0.0021
C_vulgaris_1_1.csv,1838.0,0.0020000000000000005
C_vulgaris_1_1.csv,1834.0,0.0021
C_vulgaris_1_1.csv,1820.0,0.0019000000000000002
C_vulgaris_1_1.csv,1815.0,0.0016000000000000003
C_vulgaris_1_1.csv,1744.0,0.1176
C_vulgaris_1_1.csv,1704.0,0.0259
C_vulgaris_1_1.csv,1656.0,0.1129
C_vulgaris_1_1.csv,1651.0,0.1149
C_vulgaris_1_1.csv,1456.0,0.060500000000000005
C_vulgaris_1_1.csv,1414.0,0.0553
C_vulgaris_1_1.csv,1402.0,0.0539
C_vulgaris_1_1.csv,1378.0,0.0604
C_vulgaris_1_1.csv,1243.0,0.09519999999999999
C_vulgaris_1_1.csv,1150.0,0.1274
C_vulgaris_1_1.csv,1076.0,0.19870000000000002
C_vulgaris_1_1.csv,1020.0,0.26890000000000003
C_vulgaris_1_1.csv,932.0,0.0451
C_vulgaris_1_1.csv,719.0,0.0409
C_vulgaris_1_1.csv,667.0,0.023299999999999998
C_vulgaris_1_1.csv,530.0,0.057100000000000005
C_vulgaris_1_1.csv,495.0,0.0388
C_vulgaris_1_1.csv,482.0,0.035300000000000005
C_vulgaris_3_1.csv,3671.0,0.002
C_vulgaris_3_1.csv,2923.0,0.1113
C_vulgaris_3_1.csv,2853.0,0.0793
C_vulgaris_3_1.csv,2499.0,0.0103
C_vulgaris_3_1.csv,2456.0,0.009399999999999999
C_vulgaris_3_1.csv,2270.0,0.007300000000000001
C_vulgaris_3_1.csv,2209.0,0.006200000000000001
C_vulgaris_3_1.csv,2167.0,0.0058
C_vulgaris_3_1.csv,2148.0,0.0032000000000000015
C_vulgaris_3_1.csv,2107.0,0.0057
C_vulgaris_3_1.csv,2080.0,0.0053999999999999986
C_vulgaris_3_1.csv,2010.0,0.0019000000000000006
C_vulgaris_3_1.csv,1997.0,0.0026000000000000016
C_vulgaris_3_1.csv,1967.0,0.0016000000000000007
C_vulgaris_3_1.csv,1952.0,0.0026000000000000016
C_vulgaris_3_1.csv,1875.0,0.0024999999999999988
C_vulgaris_3_1.csv,1838.0,0.0016000000000000007
C_vulgaris_3_1.csv,1820.0,0.0014999999999999996
C_vulgaris_3_1.csv,1779.0,0.0017999999999999995
C_vulgaris_3_1.csv,1744.0,0.08299999999999999
C_vulgaris_3_1.csv,1699.0,0.019
C_vulgaris_3_1.csv,1656.0,0.0741
C_vulgaris_3_1.csv,1651.0,0.0757
C_vulgaris_3_1.csv,1648.0,0.07579999999999999
C_vulgaris_3_1.csv,1546.0,0.043
C_vulgaris_3_1.csv,1513.0,0.027600000000000003
C_vulgaris_3_1.csv,1460.0,0.040900000000000006
C_vulgaris_3_1.csv,1456.0,0.0407
C_vulgaris_3_1.csv,1414.0,0.0368
C_vulgaris_3_1.csv,1378.0,0.0406
C_vulgaris_3_1.csv,1076.0,0.1308
C_vulgaris_3_1.csv,1020.0,0.1759
C_vulgaris_3_1.csv,719.0,0.0258
C_vulgaris_3_1.csv,666.0,0.0132
C_vulgaris_3_1.csv,655.0,0.011800000000000001
C_vulgaris_3_1.csv,573.0,0.0338
C_vulgaris_3_1.csv,497.0,0.027899999999999998
C_zofingiensis_G_1_1.csv,3084.0,0.017599999999999998
C_zofingiensis_G_1_1.csv,2850.0,0.024599999999999997
C_zofingiensis_G_1_1.csv,2485.0,0.007199999999999998
C_zofingiensis_G_1_1.csv,2234.0,0.004899999999999998
C_zofingiensis_G_1_1.csv,2187.0,0.0046
C_zofingiensis_G_1_1.csv,2168.0,0.004699999999999999
C_zofingiensis_G_1_1.csv,2143.0,0.0017999999999999995
C_zofingiensis_G_1_1.csv,2061.0,0.002999999999999999
C_zofingiensis_G_1_1.csv,2050.0,0.0036999999999999984
C_zofingiensis_G_1_1.csv,2020.0,0.0011000000000000003
C_zofingiensis_G_1_1.csv,2010.0,0.0019999999999999983
C_zofingiensis_G_1_1.csv,1997.0,0.0022000000000000006
C_zofingiensis_G_1_1.csv,1979.0,0.0030999999999999986
C_zofingiensis_G_1_1.csv,1935.0,0.000899999999999998
C_zofingiensis_G_1_1.csv,1919.0,0.0013999999999999985
C_zofingiensis_G_1_1.csv,1895.0,0.0017999999999999995
C_zofingiensis_G_1_1.csv,1453.0,0.027299999999999998
C_zofingiensis_G_1_1.csv,1423.0,0.024
C_zofingiensis_G_1_1.csv,918.0,0.0081
C_zofingiensis_G_1_1.csv,659.0,0.016800000000000002
C_zofingiensis_G_1_1.csv,573.0,0.022899999999999997
C_zofingiensis_G_1_1.csv,547.0,0.024800000000000003
C_zofingiensis_G_3_001_1.csv,3284.0,0.012499999999999999
C_zofingiensis_G_3_001_1.csv,3206.0,0.010400000000000001
C_zofingiensis_G_3_001_1.csv,3074.0,0.007599999999999999
C_zofingiensis_G_3_001_1.csv,2850.0,0.010899999999999998
C_zofingiensis_G_3_001_1.csv,2551.0,0.0046
C_zofingiensis_G_3_001_1.csv,2540.0,0.0045000000000000005
C_zofingiensis_G_3_001_1.csv,2536.0,0.0045000000000000005
C_zofingiensis_G_3_001_1.csv,2486.0,0.004200000000000001
C_zofingiensis_G_3_001_1.csv,2323.0,0.0048000000000000004
C_zofingiensis_G_3_001_1.csv,2211.0,0.0037
C_zofingiensis_G_3_001_1.csv,2171.0,0.0034000000000000002
C_zofingiensis_G_3_001_1.csv,2055.0,0.0029
C_zofingiensis_G_3_001_1.csv,2035.0,0.0022000000000000006
C_zofingiensis_G_3_001_1.csv,2012.0,0.002
C_zofingiensis_G_3_001_1.csv,1981.0,0.0028000000000000004
C_zofingiensis_G_3_001_1.csv,1973.0,0.0017999999999999995
C_zofingiensis_G_3_001_1.csv,1964.0,0.0017999999999999995
C_zofingiensis_G_3_001_1.csv,1895.0,0.0017000000000000001
C_zofingiensis_G_3_001_1.csv,1653.0,0.0276
C_zofingiensis_G_3_001_1.csv,1536.0,0.0208
C_zofingiensis_G_3_001_1.csv,656.0,0.0078
C_zofingiensis_G_3_001_1.csv,622.0,0.0089
C_zofingiensis_G_3_001_1.csv,587.0,0.0096
C_zofingiensis_G_3_001_1.csv,572.0,0.0101
C_zofingiensis_G_3_001_1.csv,515.0,0.0107
C_zofingiensis_G_3_001_1.csv,503.0,0.0084
C_zofingiensis_G_3_001_1.csv,486.0,0.0077
C_zofingiensis_G_3_001_1.csv,475.0,0.006500000000000001
C_zofingiensis_G_3_001_1.csv,464.0,0.003899999999999999
C_zofingiensis_G_3_001_1.csv,459.0,0.0037999999999999996
C_zofingiensis_G_3_002_1.csv,3960.0,0.0011000000000000003
C_zofingiensis_G_3_002_1.csv,3875.0,0.001299999999999999
C_zofingiensis_G_3_002_1.csv,3712.0,0.0009999999999999974
C_zofingiensis_G_3_002_1.csv,3431.0,0.0298
C_zofingiensis_G_3_002_1.csv,3363.0,0.0392
C_zofingiensis_G_3_002_1.csv,3304.0,0.0466
C_zofingiensis_G_3_002_1.csv,3289.0,0.0484
C_zofingiensis_G_3_002_1.csv,3282.0,0.048299999999999996
C_zofingiensis_G_3_002_1.csv,3275.0,0.0476
C_zofingiensis_G_3_002_1.csv,3260.0,0.046
C_zofingiensis_G_3_002_1.csv,3253.0,0.0445
C_zofingiensis_G_3_002_1.csv,3229.0,0.040799999999999996
C_zofingiensis_G_3_002_1.csv,3194.0,0.0378
C_zofingiensis_G_3_002_1.csv,3180.0,0.0352
C_zofingiensis_G_3_002_1.csv,3022.0,0.022399999999999996
C_zofingiensis_G_3_002_1.csv,3010.0,0.022600000000000002
C_zofingiensis_G_3_002_1.csv,2919.0,0.0485
C_zofingiensis_G_3_002_1.csv,2851.0,0.0366
C_zofingiensis_G_3_002_1.csv,2758.0,0.017599999999999998
C_zofingiensis_G_3_002_1.csv,2593.0,0.012
C_zofingiensis_G_3_002_1.csv,2516.0,0.009899999999999999
C_zofingiensis_G_3_002_1.csv,2497.0,0.0097
C_zofingiensis_G_3_002_1.csv,2391.0,0.0075
C_zofingiensis_G_3_002_1.csv,2360.0,0.006999999999999999
C_zofingiensis_G_3_002_1.csv,2354.0,0.0072999999999999975
C_zofingiensis_G_3_002_1.csv,2341.0,0.0076999999999999985
C_zofingiensis_G_3_002_1.csv,2335.0,0.0076999999999999985
C_zofingiensis_G_3_002_1.csv,2298.0,0.007599999999999999
C_zofingiensis_G_3_002_1.csv,2287.0,0.007799999999999998
C_zofingiensis_G_3_002_1.csv,2274.0,0.006599999999999998
C_zofingiensis_G_3_002_1.csv,2259.0,0.006699999999999998
C_zofingiensis_G_3_002_1.csv,2251.0,0.0063
C_zofingiensis_G_3_002_1.csv,2244.0,0.0063999999999999994
C_zofingiensis_G_3_002_1.csv,2213.0,0.006099999999999998
C_zofingiensis_G_3_002_1.csv,2202.0,0.006099999999999998
C_zofingiensis_G_3_002_1.csv,2194.0,0.0072999999999999975
C_zofingiensis_G_3_002_1.csv,2187.0,0.0057
C_zofingiensis_G_3_002_1.csv,2183.0,0.0057
C_zofingiensis_G_3_002_1.csv,2178.0,0.005499999999999998
C_zofingiensis_G_3_002_1.csv,2171.0,0.0121
C_zofingiensis_G_3_002_1.csv,2164.0,0.0063
C_zofingiensis_G_3_002_1.csv,2155.0,0.0009999999999999974
C_zofingiensis_G_3_002_1.csv,2148.0,0.0030999999999999986
C_zofingiensis_G_3_002_1.csv,2140.0,0.0038999999999999972
C_zofingiensis_G_3_002_1.csv,2125.0,0.0038999999999999972
C_zofingiensis_G_3_002_1.csv,2103.0,0.0046
C_zofingiensis_G_3_002_1.csv,2099.0,0.0046
C_zofingiensis_G_3_002_1.csv,2083.0,0.0040999999999999995
C_zofingiensis_G_3_002_1.csv,2078.0,0.004499999999999997
C_zofingiensis_G_3_002_1.csv,2068.0,0.004299999999999998
C_zofingiensis_G_3_002_1.csv,2061.0,0.0038999999999999972
C_zofingiensis_G_3_002_1.csv,2055.0,0.004499999999999997
C_zofingiensis_G_3_002_1.csv,2051.0,0.004699999999999999
C_zofingiensis_G_3_002_1.csv,2044.0,0.005899999999999999
C_zofingiensis_G_3_002_1.csv,2037.0,0.0028000000000000004
C_zofingiensis_G_3_002_1.csv,2022.0,0.0020999999999999977
C_zofingiensis_G_3_002_1.csv,2000.0,0.0029
C_zofingiensis_G_3_002_1.csv,1964.0,0.0015999999999999973
C_zofingiensis_G_3_002_1.csv,1934.0,0.0017000000000000001
C_zofingiensis_G_3_002_1.csv,1896.0,0.001899999999999999
C_zofingiensis_G_3_002_1.csv,1879.0,0.0017000000000000001
C_zofingiensis_G_3_002_1.csv,1820.0,0.0009999999999999974
C_zofingiensis_G_3_002_1.csv,1650.0,0.1045
C_zofingiensis_G_3_002_1.csv,1543.0,0.0752
C_zofingiensis_G_3_002_1.csv,1538.0,0.0761
C_zofingiensis_G_3_002_1.csv,1283.0,0.0361
C_zofingiensis_G_3_002_1.csv,1193.0,0.020699999999999996
C_zofingiensis_G_3_002_1.csv,1148.0,0.0447
C_zofingiensis_G_3_002_1.csv,941.0,0.010499999999999999
C_zofingiensis_G_3_002_1.csv,933.0,0.010199999999999997
C_zofingiensis_G_3_002_1.csv,918.0,0.0121
C_zofingiensis_G_3_002_1.csv,875.0,0.0086
C_zofingiensis_G_3_002_1.csv,796.0,0.0069
C_zofingiensis_G_3_002_1.csv,781.0,0.004
C_zofingiensis_G_3_002_1.csv,683.0,0.0204
C_zofingiensis_G_3_002_1.csv,667.0,0.0252
C_zofingiensis_G_3_002_1.csv,579.0,0.0308
C_zofingiensis_G_3_002_1.csv,567.0,0.0312
C_zofingiensis_G_3_002_1.csv,557.0,0.0321
C_zofingiensis_G_3_002_1.csv,531.0,0.0343
C_zofingiensis_G_3_002_1.csv,465.0,0.0109
C_zofingiensis_G_3_003_1.csv,3746.0,0.001400000000000002
C_zofingiensis_G_3_003_1.csv,2851.0,0.0291
C_zofingiensis_G_3_003_1.csv,2569.0,0.0093
C_zofingiensis_G_3_003_1.csv,2562.0,0.0092
C_zofingiensis_G_3_003_1.csv,2495.0,0.0081
C_zofingiensis_G_3_003_1.csv,2489.0,0.008
C_zofingiensis_G_3_003_1.csv,2272.0,0.0057
C_zofingiensis_G_3_003_1.csv,2223.0,0.005299999999999999
C_zofingiensis_G_3_003_1.csv,2198.0,0.004699999999999999
C_zofingiensis_G_3_003_1.csv,2179.0,0.0045000000000000005
C_zofingiensis_G_3_003_1.csv,2150.0,0.0023
C_zofingiensis_G_3_003_1.csv,2099.0,0.0039000000000000007
C_zofingiensis_G_3_003_1.csv,2040.0,0.0023999999999999994
C_zofingiensis_G_3_003_1.csv,2016.0,0.0008000000000000021
C_zofingiensis_G_3_003_1.csv,2004.0,0.0011000000000000003
C_zofingiensis_G_3_003_1.csv,1983.0,0.002700000000000001
C_zofingiensis_G_3_003_1.csv,1964.0,0.0017999999999999995
C_zofingiensis_G_3_003_1.csv,1955.0,0.0011999999999999997
C_zofingiensis_G_3_003_1.csv,1945.0,0.0017999999999999995
C_zofingiensis_G_3_003_1.csv,1912.0,0.0017000000000000001
C_zofingiensis_G_3_003_1.csv,1812.0,0.0010000000000000009
C_zofingiensis_G_3_003_1.csv,1802.0,0.0011999999999999997
C_zofingiensis_G_3_003_1.csv,1796.0,0.0010000000000000009
C_zofingiensis_G_3_003_1.csv,1650.0,0.08299999999999999
C_zofingiensis_G_3_003_1.csv,1452.0,0.032100000000000004
C_zofingiensis_G_3_003_1.csv,1448.0,0.032
C_zofingiensis_G_3_003_1.csv,942.0,0.0085
C_zofingiensis_G_3_003_1.csv,918.0,0.0098
C_zofingiensis_G_3_003_1.csv,836.0,0.0008000000000000021
C_zofingiensis_G_3_003_1.csv,810.0,0.004699999999999999
C_zofingiensis_G_3_003_1.csv,797.0,0.0057
C_zofingiensis_G_3_003_1.csv,700.0,0.0172
C_zofingiensis_G_3_003_1.csv,579.0,0.024
C_zofingiensis_G_3_003_1.csv,557.0,0.0262
C_zofingiensis_G_3_003_1.csv,497.0,0.017800000000000003
C_zofingiensis_G_3_003_1.csv,491.0,0.0167
C_zofingiensis_G_3_003_1.csv,464.0,0.0086
C_zofingiensis_G_3_004_1.csv,3933.0,0.001599999999999999
C_zofingiensis_G_3_004_1.csv,3010.0,0.017799999999999996
C_zofingiensis_G_3_004_1.csv,2657.0,0.0122
C_zofingiensis_G_3_004_1.csv,2530.0,0.0088
C_zofingiensis_G_3_004_1.csv,2334.0,0.006400000000000001
C_zofingiensis_G_3_004_1.csv,2226.0,0.006199999999999999
C_zofingiensis_G_3_004_1.csv,2204.0,0.0056999999999999985
C_zofingiensis_G_3_004_1.csv,2179.0,0.0048000000000000004
C_zofingiensis_G_3_004_1.csv,2151.0,0.001899999999999999
C_zofingiensis_G_3_004_1.csv,2138.0,0.003299999999999999
C_zofingiensis_G_3_004_1.csv,2098.0,0.0043
C_zofingiensis_G_3_004_1.csv,2086.0,0.004399999999999999
C_zofingiensis_G_3_004_1.csv,2051.0,0.004700000000000001
C_zofingiensis_G_3_004_1.csv,2040.0,0.003499999999999998
C_zofingiensis_G_3_004_1.csv,2028.0,0.0031999999999999997
C_zofingiensis_G_3_004_1.csv,2008.0,0.0020999999999999994
C_zofingiensis_G_3_004_1.csv,1999.0,0.002199999999999999
C_zofingiensis_G_3_004_1.csv,1980.0,0.003899999999999999
C_zofingiensis_G_3_004_1.csv,1964.0,0.002199999999999999
C_zofingiensis_G_3_004_1.csv,1870.0,0.0017999999999999995
C_zofingiensis_G_3_004_1.csv,1856.0,0.001899999999999999
C_zofingiensis_G_3_004_1.csv,1845.0,0.001599999999999999
C_zofingiensis_G_3_004_1.csv,1820.0,0.0014000000000000002
C_zofingiensis_G_3_004_1.csv,1786.0,0.001599999999999999
C_zofingiensis_G_3_004_1.csv,1739.0,0.009199999999999998
C_zofingiensis_G_3_004_1.csv,1648.0,0.08
C_zofingiensis_G_3_004_1.csv,667.0,0.017300000000000003
C_zofingiensis_G_3_004_1.csv,567.0,0.022599999999999995
C_zofingiensis_G_3_004_1.csv,558.0,0.0237
C_zofingiensis_G_3_004_1.csv,531.0,0.026799999999999997
C_zofingiensis_G_3_004_1.csv,507.0,0.0215
C_zofingiensis_G_3_1.csv,3817.0,0.0016999999999999984
C_zofingiensis_G_3_1.csv,3285.0,0.0328
C_zofingiensis_G_3_1.csv,2918.0,0.0366
C_zofingiensis_G_3_1.csv,2850.0,0.028000000000000004
C_zofingiensis_G_3_1.csv,2474.0,0.007299999999999999
C_zofingiensis_G_3_1.csv,2389.0,0.006
C_zofingiensis_G_3_1.csv,2246.0,0.0054
C_zofingiensis_G_3_1.csv,2224.0,0.005300000000000001
C_zofingiensis_G_3_1.csv,2186.0,0.005300000000000001
C_zofingiensis_G_3_1.csv,2148.0,0.0025000000000000005
C_zofingiensis_G_3_1.csv,2139.0,0.0023999999999999976
C_zofingiensis_G_3_1.csv,2070.0,0.0033999999999999985
C_zofingiensis_G_3_1.csv,2039.0,0.0026
C_zofingiensis_G_3_1.csv,2026.0,0.002199999999999999
C_zofingiensis_G_3_1.csv,1981.0,0.0037999999999999996
C_zofingiensis_G_3_1.csv,1949.0,0.002199999999999999
C_zofingiensis_G_3_1.csv,1831.0,0.0013000000000000008
C_zofingiensis_G_3_1.csv,1650.0,0.0719
C_zofingiensis_G_3_1.csv,1580.0,0.0298
C_zofingiensis_G_3_1.csv,1538.0,0.0543
C_zofingiensis_G_3_1.csv,1392.0,0.028499999999999998
C_zofingiensis_G_3_1.csv,764.0,0.005199999999999998
C_zofingiensis_G_3_1.csv,672.0,0.018300000000000004
C_zofingiensis_G_3_1.csv,663.0,0.019500000000000003
C_zofingiensis_G_3_1.csv,619.0,0.021900000000000003
C_zofingiensis_G_3_1.csv,560.0,0.0252
C_zofingiensis_G_3_1.csv,550.0,0.0264
C_zofingiensis_G_3_1.csv,526.0,0.025800000000000003
C_zofingiensis_G_3_1.csv,459.0,0.003999999999999998
C_zofingiensis_O_1_1.csv,3891.0,0.0013000000000000002
C_zofingiensis_O_1_1.csv,3008.0,0.03319999999999999
C_zofingiensis_O_1_1.csv,2852.0,0.13299999999999998
C_zofingiensis_O_1_1.csv,2696.0,0.0148
C_zofingiensis_O_1_1.csv,2473.0,0.0083
C_zofingiensis_O_1_1.csv,2454.0,0.0082
C_zofingiensis_O_1_1.csv,2440.0,0.0078000000000000005
C_zofingiensis_O_1_1.csv,2323.0,0.0088
C_zofingiensis_O_1_1.csv,2275.0,0.0073
C_zofingiensis_O_1_1.csv,2226.0,0.006200000000000001
C_zofingiensis_O_1_1.csv,2204.0,0.006
C_zofingiensis_O_1_1.csv,2187.0,0.006
C_zofingiensis_O_1_1.csv,2141.0,0.0033
C_zofingiensis_O_1_1.csv,2099.0,0.0064
C_zofingiensis_O_1_1.csv,2041.0,0.0034999999999999996
C_zofingiensis_O_1_1.csv,2011.0,0.0019000000000000002
C_zofingiensis_O_1_1.csv,1982.0,0.0036
C_zofingiensis_O_1_1.csv,1964.0,0.0018
C_zofingiensis_O_1_1.csv,1793.0,0.002
C_zofingiensis_O_1_1.csv,1744.0,0.1502
C_zofingiensis_O_1_1.csv,1656.0,0.047599999999999996
C_zofingiensis_O_1_1.csv,1377.0,0.0559
C_zofingiensis_O_1_1.csv,1150.0,0.1483
C_zofingiensis_O_1_1.csv,1075.0,0.20709999999999998
C_zofingiensis_O_1_1.csv,1021.0,0.26739999999999997
C_zofingiensis_O_1_1.csv,812.0,0.0125
C_zofingiensis_O_1_1.csv,765.0,0.0134
C_zofingiensis_O_1_1.csv,720.0,0.0527
C_zofingiensis_O_1_1.csv,667.0,0.0298
C_zofingiensis_O_1_1.csv,600.0,0.036
C_zofingiensis_O_2_1.csv,3972.0,0.0012000000000000001
C_zofingiensis_O_2_1.csv,2922.0,0.19310000000000002
C_zofingiensis_O_2_1.csv,2853.0,0.1353
C_zofingiensis_O_2_1.csv,2432.0,0.0073
C_zofingiensis_O_2_1.csv,2323.0,0.0084
C_zofingiensis_O_2_1.csv,2276.0,0.0073
C_zofingiensis_O_2_1.csv,2138.0,0.0032
C_zofingiensis_O_2_1.csv,2019.0,0.0014
C_zofingiensis_O_2_1.csv,2014.0,0.0015999999999999999
C_zofingiensis_O_2_1.csv,2008.0,0.0011
C_zofingiensis_O_2_1.csv,1998.0,0.0026000000000000003
C_zofingiensis_O_2_1.csv,1919.0,0.0024000000000000002
C_zofingiensis_O_2_1.csv,1744.0,0.16210000000000002
C_zofingiensis_O_2_1.csv,1652.0,0.0419
C_zofingiensis_O_2_1.csv,1463.0,0.0626
C_zofingiensis_O_2_1.csv,1417.0,0.041299999999999996
C_zofingiensis_O_2_1.csv,1377.0,0.0532
C_zofingiensis_O_2_1.csv,1241.0,0.0674
C_zofingiensis_O_2_1.csv,1151.0,0.14670000000000002
C_zofingiensis_O_2_1.csv,1076.0,0.1874
C_zofingiensis_O_2_1.csv,1022.0,0.23120000000000002
C_zofingiensis_O_2_1.csv,812.0,0.0106
C_zofingiensis_O_2_1.csv,667.0,0.027200000000000002
C_zofingiensis_O_2_1.csv,596.0,0.0321
C_zofingiensis_O_2_1.csv,575.0,0.0436
C_zofingiensis_O_2_1.csv,549.0,0.0304
C_zofingiensis_O_2_1.csv,531.0,0.036
C_zofingiensis_O_2_1.csv,451.0,0.0013
C_zofingiensis_O_3_1.csv,2852.0,0.13310000000000002
C_zofingiensis_O_3_1.csv,2736.0,0.0158
C_zofingiensis_O_3_1.csv,2543.0,0.0093
C_zofingiensis_O_3_1.csv,2383.0,0.0069
C_zofingiensis_O_3_1.csv,2287.0,0.008199999999999999
C_zofingiensis_O_3_1.csv,2250.0,0.006500000000000001
C_zofingiensis_O_3_1.csv,2213.0,0.0059
C_zofingiensis_O_3_1.csv,2099.0,0.0063
C_zofingiensis_O_3_1.csv,2040.0,0.0039000000000000003
C_zofingiensis_O_3_1.csv,2026.0,0.0021
C_zofingiensis_O_3_1.csv,1998.0,0.0028
C_zofingiensis_O_3_1.csv,1992.0,0.0024000000000000002
C_zofingiensis_O_3_1.csv,1982.0,0.0041
C_zofingiensis_O_3_1.csv,1967.0,0.0015
C_zofingiensis_O_3_1.csv,1919.0,0.0026000000000000003
C_zofingiensis_O_3_1.csv,1831.0,0.0014
C_zofingiensis_O_3_1.csv,1803.0,0.0017
C_zofingiensis_O_3_1.csv,1744.0,0.15360000000000001
C_zofingiensis_O_3_1.csv,1570.0,0.0106
C_zofingiensis_O_3_1.csv,1491.0,0.0042
C_zofingiensis_O_3_1.csv,1417.0,0.042499999999999996
C_zofingiensis_O_3_1.csv,1401.0,0.037399999999999996
C_zofingiensis_O_3_1.csv,1377.0,0.054099999999999995
C_zofingiensis_O_3_1.csv,1241.0,0.06709999999999999
C_zofingiensis_O_3_1.csv,1151.0,0.14620000000000002
C_zofingiensis_O_3_1.csv,1076.0,0.19690000000000002
C_zofingiensis_O_3_1.csv,1021.0,0.2482
C_zofingiensis_O_3_1.csv,813.0,0.0121
C_zofingiensis_O_3_1.csv,720.0,0.053599999999999995
C_zofingiensis_O_3_1.csv,676.0,0.0309
C_zofingiensis_O_3_1.csv,667.0,0.0285
C_zofingiensis_O_3_1.csv,575.0,0.0462
C_zofingiensis_O_3_1.csv,526.0,0.0404
C_zofingiensis_O_3_1.csv,458.0,0.0072
P_lima_1_1.csv,3916.0,0.0037
P_lima_1_1.csv,3715.0,0.004
P_lima_1_1.csv,2324.0,0.016
P_lima_1_1.csv,2309.0,0.014
P_lima_1_1.csv,2246.0,0.0118
P_lima_1_1.csv,2187.0,0.011999999999999999
P_lima_1_1.csv,2178.0,0.01
P_lima_1_1.csv,2163.0,0.011600000000000001
P_lima_1_1.csv,2139.0,0.008000000000000002
P_lima_1_1.csv,2051.0,0.009
P_lima_1_1.csv,1992.0,0.005900000000000001
P_lima_1_1.csv,1980.0,0.006699999999999999
P_lima_1_1.csv,1971.0,0.0037999999999999996
P_lima_1_1.csv,1835.0,0.0036000000000000008
P_lima_1_1.csv,1821.0,0.0037
P_lima_1_1.csv,1794.0,0.0039000000000000007
P_lima_1_1.csv,1786.0,0.0034999999999999996
P_lima_1_1.csv,1772.0,0.0048000000000000004
P_lima_1_1.csv,1562.0,0.11120000000000001
P_lima_1_1.csv,1551.0,0.1206
P_lima_1_1.csv,1476.0,0.0666
P_lima_1_1.csv,1417.0,0.0922
P_lima_1_1.csv,1263.0,0.07780000000000001
P_lima_1_1.csv,1222.0,0.0531
P_lima_1_1.csv,1153.0,0.1009
P_lima_1_1.csv,1023.0,0.3064
P_lima_1_1.csv,949.0,0.0544
P_lima_1_1.csv,877.0,0.0429
P_lima_1_1.csv,850.0,0.032799999999999996
P_lima_1_1.csv,840.0,0.013699999999999999
P_lima_1_1.csv,775.0,0.0497
P_lima_1_1.csv,725.0,0.008600000000000002
P_lima_1_1.csv,702.0,0.027200000000000002
P_lima_1_1.csv,689.0,0.0298
P_lima_1_1.csv,666.0,0.0266
P_lima_1_1.csv,644.0,0.0325
P_lima_1_1.csv,600.0,0.08520000000000001
P_lima_1_1.csv,580.0,0.0447
P_lima_1_1.csv,556.0,0.0536
P_lima_1_1.csv,541.0,0.0554
P_lima_1_1.csv,516.0,0.0308
P_lima_1_1.csv,471.0,0.0447
P_lima_2_1.csv,2467.0,0.017599999999999998
P_lima_2_1.csv,2454.0,0.0174
P_lima_2_1.csv,2355.0,0.0128
P_lima_2_1.csv,2240.0,0.010900000000000002
P_lima_2_1.csv,2235.0,0.010799999999999999
P_lima_2_1.csv,2188.0,0.011000000000000001
P_lima_2_1.csv,2162.0,0.0106
P_lima_2_1.csv,2023.0,0.0043
P_lima_2_1.csv,2015.0,0.0033999999999999985
P_lima_2_1.csv,1993.0,0.0052000000000000015
P_lima_2_1.csv,1980.0,0.006
P_lima_2_1.csv,1902.0,0.0037999999999999996
P_lima_2_1.csv,1891.0,0.0037
P_lima_2_1.csv,1867.0,0.0035000000000000014
P_lima_2_1.csv,1851.0,0.003000000000000001
P_lima_2_1.csv,1821.0,0.0029000000000000015
P_lima_2_1.csv,1795.0,0.003000000000000001
P_lima_2_1.csv,1772.0,0.004100000000000001
P_lima_2_1.csv,1637.0,0.1464
P_lima_2_1.csv,1551.0,0.1057
P_lima_2_1.csv,1475.0,0.058199999999999995
P_lima_2_1.csv,1456.0,0.05569999999999999
P_lima_2_1.csv,1454.0,0.05569999999999999
P_lima_2_1.csv,1417.0,0.0806
P_lima_2_1.csv,1376.0,0.095
P_lima_2_1.csv,1263.0,0.0688
P_lima_2_1.csv,1153.0,0.0913
P_lima_2_1.csv,949.0,0.0486
P_lima_2_1.csv,877.0,0.0366
P_lima_2_1.csv,850.0,0.029199999999999997
P_lima_2_1.csv,840.0,0.011500000000000002
P_lima_2_1.csv,788.0,0.0257
P_lima_2_1.csv,775.0,0.0418
P_lima_2_1.csv,738.0,0.0031000000000000003
P_lima_2_1.csv,725.0,0.007299999999999999
P_lima_2_1.csv,702.0,0.0235
P_lima_2_1.csv,689.0,0.0254
P_lima_2_1.csv,666.0,0.0216
P_lima_2_1.csv,644.0,0.0264
P_lima_2_1.csv,617.0,0.025499999999999995
P_lima_2_1.csv,600.0,0.0743
P_lima_2_1.csv,568.0,0.0326
P_lima_2_1.csv,556.0,0.0428
P_lima_2_1.csv,541.0,0.0439
P_lima_2_1.csv,516.0,0.0262
P_lima_2_1.csv,506.0,0.0293
P_lima_2_1.csv,482.0,0.0359
P_lima_2_1.csv,473.0,0.0387
P_lima_3_001_1.csv,3963.0,0.0023999999999999994
P_lima_3_001_1.csv,3859.0,0.0022000000000000006
P_lima_3_001_1.csv,3736.0,0.0022000000000000006
P_lima_3_001_1.csv,3681.0,0.002700000000000001
P_lima_3_001_1.csv,3676.0,0.002700000000000001
P_lima_3_001_1.csv,3324.0,0.136
P_lima_3_001_1.csv,2909.0,0.0743
P_lima_3_001_1.csv,2697.0,0.0402
P_lima_3_001_1.csv,2337.0,0.0139
P_lima_3_001_1.csv,2235.0,0.0109
P_lima_3_001_1.csv,2207.0,0.0098
P_lima_3_001_1.csv,2199.0,0.0103
P_lima_3_001_1.csv,2187.0,0.010100000000000001
P_lima_3_001_1.csv,2177.0,0.0085
P_lima_3_001_1.csv,2163.0,0.009899999999999999
P_lima_3_001_1.csv,2112.0,0.0091
P_lima_3_001_1.csv,2058.0,0.006999999999999999
P_lima_3_001_1.csv,2040.0,0.0051
P_lima_3_001_1.csv,2009.0,0.002999999999999999
P_lima_3_001_1.csv,1980.0,0.005999999999999998
P_lima_3_001_1.csv,1971.0,0.0029
P_lima_3_001_1.csv,1961.0,0.0019999999999999983
P_lima_3_001_1.csv,1927.0,0.003300000000000001
P_lima_3_001_1.csv,1921.0,0.0034999999999999996
P_lima_3_001_1.csv,1908.0,0.003599999999999999
P_lima_3_001_1.csv,1884.0,0.0029
P_lima_3_001_1.csv,1860.0,0.0028000000000000004
P_lima_3_001_1.csv,1823.0,0.0022000000000000006
P_lima_3_001_1.csv,1786.0,0.001899999999999999
P_lima_3_001_1.csv,1771.0,0.0026000000000000016
P_lima_3_001_1.csv,1550.0,0.0945
P_lima_3_001_1.csv,1462.0,0.05460000000000001
P_lima_3_001_1.csv,1417.0,0.0748
P_lima_3_001_1.csv,1375.0,0.09040000000000001
P_lima_3_001_1.csv,1263.0,0.0678
P_lima_3_001_1.csv,1222.0,0.049
P_lima_3_001_1.csv,1042.0,0.24250000000000002
P_lima_3_001_1.csv,1023.0,0.24750000000000003
P_lima_3_001_1.csv,949.0,0.054000000000000006
P_lima_3_001_1.csv,877.0,0.040999999999999995
P_lima_3_001_1.csv,850.0,0.0301
P_lima_3_001_1.csv,840.0,0.0132
P_lima_3_001_1.csv,787.0,0.023499999999999997
P_lima_3_001_1.csv,775.0,0.0422
P_lima_3_001_1.csv,702.0,0.023000000000000003
P_lima_3_001_1.csv,689.0,0.024900000000000002
P_lima_3_001_1.csv,666.0,0.020100000000000003
P_lima_3_001_1.csv,644.0,0.0263
P_lima_3_001_1.csv,618.0,0.025199999999999997
P_lima_3_001_1.csv,600.0,0.0723
P_lima_3_001_1.csv,580.0,0.0377
P_lima_3_001_1.csv,557.0,0.0461
P_lima_3_001_1.csv,541.0,0.048
P_lima_3_001_1.csv,516.0,0.0304
P_lima_3_001_1.csv,506.0,0.03319999999999999
P_lima_3_001_1.csv,479.0,0.0397
P_lima_3_1.csv,3824.0,0.0025000000000000022
P_lima_3_1.csv,3814.0,0.0026000000000000016
P_lima_3_1.csv,3777.0,0.0023999999999999994
P_lima_3_1.csv,3768.0,0.0025000000000000022
P_lima_3_1.csv,3747.0,0.0023
P_lima_3_1.csv,2462.0,0.0171
P_lima_3_1.csv,2455.0,0.0171
P_lima_3_1.csv,2324.0,0.0143
P_lima_3_1.csv,2231.0,0.0102
P_lima_3_1.csv,2224.0,0.009899999999999999
P_lima_3_1.csv,2187.0,0.009400000000000002
P_lima_3_1.csv,2177.0,0.008200000000000002
P_lima_3_1.csv,2162.0,0.0093
P_lima_3_1.csv,2147.0,0.006200000000000001
P_lima_3_1.csv,2100.0,0.008300000000000002
P_lima_3_1.csv,2058.0,0.006500000000000002
P_lima_3_1.csv,2039.0,0.004699999999999999
P_lima_3_1.csv,2009.0,0.002999999999999999
P_lima_3_1.csv,1987.0,0.003700000000000002
P_lima_3_1.csv,1980.0,0.0051
P_lima_3_1.csv,1828.0,0.0026000000000000016
P_lima_3_1.csv,1795.0,0.0026000000000000016
P_lima_3_1.csv,1691.0,0.0698
P_lima_3_1.csv,1475.0,0.04909999999999999
P_lima_3_1.csv,1417.0,0.0667
P_lima_3_1.csv,1263.0,0.059399999999999994
P_lima_3_1.csv,1222.0,0.042300000000000004
P_lima_3_1.csv,1153.0,0.07919999999999999
P_lima_3_1.csv,949.0,0.046700000000000005
P_lima_3_1.csv,877.0,0.035199999999999995
P_lima_3_1.csv,850.0,0.027100000000000003
P_lima_3_1.csv,775.0,0.037000000000000005
P_lima_3_1.csv,725.0,0.006100000000000001
P_lima_3_1.csv,702.0,0.020600000000000004
P_lima_3_1.csv,689.0,0.0226
P_lima_3_1.csv,665.0,0.018900000000000004
P_lima_3_1.csv,644.0,0.0234
P_lima_3_1.csv,600.0,0.067
P_lima_3_1.csv,575.0,0.0311
P_lima_3_1.csv,567.0,0.029800000000000004
P_lima_3_1.csv,541.0,0.0412
P_lima_3_1.csv,516.0,0.0246
P_lima_3_1.csv,506.0,0.0285
P_palmata_1_1.csv,3802.0,0.0014000000000000002
P_palmata_1_1.csv,3786.0,0.0015999999999999999
P_palmata_1_1.csv,3715.0,0.0013
P_palmata_1_1.csv,3610.0,0.0026000000000000007
P_palmata_1_1.csv,3553.0,0.0055000000000000005
P_palmata_1_1.csv,2777.0,0.008400000000000001
P_palmata_1_1.csv,2769.0,0.0081
P_palmata_1_1.csv,2584.0,0.0065
P_palmata_1_1.csv,2511.0,0.0058000000000000005
P_palmata_1_1.csv,2481.0,0.0058000000000000005
P_palmata_1_1.csv,2359.0,0.0050999999999999995
P_palmata_1_1.csv,2324.0,0.007500000000000001
P_palmata_1_1.csv,2258.0,0.005699999999999999
P_palmata_1_1.csv,2190.0,0.005200000000000001
P_palmata_1_1.csv,2178.0,0.004900000000000001
P_palmata_1_1.csv,2167.0,0.0059
P_palmata_1_1.csv,2162.0,0.005699999999999999
P_palmata_1_1.csv,2139.0,0.0030999999999999995
P_palmata_1_1.csv,2118.0,0.0044
P_palmata_1_1.csv,2050.0,0.0056
P_palmata_1_1.csv,2026.0,0.0027
P_palmata_1_1.csv,2018.0,0.0026000000000000007
P_palmata_1_1.csv,1997.0,0.0032000000000000006
P_palmata_1_1.csv,1980.0,0.0048
P_palmata_1_1.csv,1939.0,0.002300000000000001
P_palmata_1_1.csv,1903.0,0.0024000000000000002
P_palmata_1_1.csv,1891.0,0.0021999999999999997
P_palmata_1_1.csv,1763.0,0.0033
P_palmata_1_1.csv,897.0,0.010000000000000002
P_palmata_1_1.csv,825.0,0.0193
P_palmata_1_1.csv,685.0,0.0036999999999999993
P_palmata_1_1.csv,666.0,0.005699999999999999
P_palmata_1_1.csv,595.0,0.0115
P_palmata_1_1.csv,591.0,0.0115
P_palmata_1_1.csv,551.0,0.012900000000000002
P_palmata_1_1.csv,492.0,0.007699999999999999
P_palmata_1_1.csv,486.0,0.007699999999999999
P_palmata_1_1.csv,465.0,0.0047
P_palmata_1_1.csv,454.0,0.0018999999999999998
P_palmata_2_1.csv,3812.0,0.0013
P_palmata_2_1.csv,3587.0,0.002
P_palmata_2_1.csv,2451.0,0.004200000000000001
P_palmata_2_1.csv,2225.0,0.0045000000000000005
P_palmata_2_1.csv,2208.0,0.0039000000000000007
P_palmata_2_1.csv,2202.0,0.0037999999999999996
P_palmata_2_1.csv,2170.0,0.0045000000000000005
P_palmata_2_1.csv,2162.0,0.0052
P_palmata_2_1.csv,2139.0,0.0022000000000000006
P_palmata_2_1.csv,2101.0,0.0036000000000000008
P_palmata_2_1.csv,2076.0,0.0037999999999999996
P_palmata_2_1.csv,2050.0,0.0049
P_palmata_2_1.csv,1980.0,0.004699999999999999
P_palmata_2_1.csv,1948.0,0.0018000000000000004
P_palmata_2_1.csv,1879.0,0.0022000000000000006
P_palmata_2_1.csv,989.0,0.018799999999999997
P_palmata_2_1.csv,825.0,0.012600000000000002
P_palmata_2_1.csv,771.0,0.0015000000000000005
P_palmata_2_1.csv,733.0,0.0012000000000000005
P_palmata_2_1.csv,689.0,0.0021000000000000003
P_palmata_2_1.csv,657.0,0.0037999999999999996
P_palmata_2_1.csv,586.0,0.006
P_palmata_2_1.csv,541.0,0.008
P_palmata_2_1.csv,533.0,0.0084
P_palmata_2_1.csv,505.0,0.0054
P_palmata_2_1.csv,493.0,0.0036000000000000008
P_palmata_2_1.csv,485.0,0.0034999999999999996
P_palmata_2_1.csv,477.0,0.0028000000000000004
P_palmata_2_1.csv,468.0,0.0013
P_palmata_2_1.csv,461.0,0.0015000000000000005
P_palmata_2_1.csv,453.0,0.0015999999999999999
P_palmata_3_1.csv,3928.0,0.002
P_palmata_3_1.csv,3918.0,0.0021000000000000003
P_palmata_3_1.csv,3812.0,0.002
P_palmata_3_1.csv,3273.0,0.017099999999999997
P_palmata_3_1.csv,3118.0,0.011000000000000001
P_palmata_3_1.csv,3076.0,0.0101
P_palmata_3_1.csv,2801.0,0.0081
P_palmata_3_1.csv,2334.0,0.005600000000000001
P_palmata_3_1.csv,2324.0,0.0072
P_palmata_3_1.csv,2188.0,0.006
P_palmata_3_1.csv,2166.0,0.006699999999999999
P_palmata_3_1.csv,2139.0,0.0029
P_palmata_3_1.csv,2119.0,0.0043
P_palmata_3_1.csv,2050.0,0.0060999999999999995
P_palmata_3_1.csv,2018.0,0.0028000000000000004
P_palmata_3_1.csv,1987.0,0.0043
P_palmata_3_1.csv,1980.0,0.0052
P_palmata_3_1.csv,1829.0,0.0021000000000000003
P_palmata_3_1.csv,1763.0,0.004
P_palmata_3_1.csv,1728.0,0.0031999999999999997
P_palmata_3_1.csv,1377.0,0.0642
P_palmata_3_1.csv,1038.0,0.0569
P_palmata_3_1.csv,897.0,0.0095
P_palmata_3_1.csv,843.0,0.0018000000000000004
P_palmata_3_1.csv,825.0,0.0191
P_palmata_3_1.csv,780.0,0.002
P_palmata_3_1.csv,715.0,0.0027
P_palmata_3_1.csv,650.0,0.0075
P_palmata_3_1.csv,609.0,0.010799999999999999
P_palmata_3_1.csv,562.0,0.0112
P_palmata_3_1.csv,551.0,0.0111
P_palmata_3_1.csv,541.0,0.013300000000000001
P_palmata_3_1.csv,523.0,0.013699999999999999
P_palmata_3_1.csv,504.0,0.0091
P_palmata_3_1.csv,484.0,0.006500000000000001
P_palmata_3_1.csv,480.0,0.0057
P_palmata_3_1.csv,472.0,0.0049
P_palmata_3_1.csv,463.0,0.005300000000000001
P_palmata_3_1.csv,455.0,0.0021000000000000003
P_perpureum_1_1.csv,3975.0,0.0014000000000000002
P_perpureum_1_1.csv,3678.0,0.0013000000000000008
P_perpureum_1_1.csv,2853.0,0.0112
P_perpureum_1_1.csv,2582.0,0.006100000000000001
P_perpureum_1_1.csv,2477.0,0.0051
P_perpureum_1_1.csv,2185.0,0.0051
P_perpureum_1_1.csv,2162.0,0.0048000000000000004
P_perpureum_1_1.csv,2099.0,0.0035000000000000014
P_perpureum_1_1.csv,2081.0,0.0037
P_perpureum_1_1.csv,2050.0,0.0039000000000000007
P_perpureum_1_1.csv,2044.0,0.0034000000000000002
P_perpureum_1_1.csv,2037.0,0.0031999999999999997
P_perpureum_1_1.csv,2023.0,0.0022000000000000006
P_perpureum_1_1.csv,2016.0,0.0014000000000000002
P_perpureum_1_1.csv,1980.0,0.004
P_perpureum_1_1.csv,1963.0,0.0017000000000000001
P_perpureum_1_1.csv,1913.0,0.0022000000000000006
P_perpureum_1_1.csv,1902.0,0.0022000000000000006
P_perpureum_1_1.csv,1789.0,0.0015000000000000013
P_perpureum_1_1.csv,1148.0,0.023600000000000003
P_perpureum_1_1.csv,785.0,0.0017000000000000001
P_perpureum_1_1.csv,759.0,0.002400000000000001
P_perpureum_1_1.csv,739.0,0.0015000000000000013
P_perpureum_1_1.csv,631.0,0.011000000000000001
P_perpureum_1_1.csv,609.0,0.0146
P_perpureum_1_1.csv,579.0,0.017
P_perpureum_1_1.csv,533.0,0.015500000000000002
P_perpureum_1_1.csv,479.0,0.0071
P_perpureum_1_1.csv,461.0,0.003000000000000001
P_perpureum_1_1.csv,454.0,0.0031999999999999997
P_purpureum_1.1_1.csv,3816.0,0.0017999999999999995
P_purpureum_1.1_1.csv,3708.0,0.0017000000000000001
P_purpureum_1.1_1.csv,3675.0,0.0016000000000000007
P_purpureum_1.1_1.csv,2519.0,0.006600000000000002
P_purpureum_1.1_1.csv,2323.0,0.006600000000000002
P_purpureum_1.1_1.csv,2206.0,0.0053999999999999986
P_purpureum_1.1_1.csv,2184.0,0.005500000000000001
P_purpureum_1.1_1.csv,2050.0,0.004799999999999999
P_purpureum_1.1_1.csv,2036.0,0.004
P_purpureum_1.1_1.csv,2023.0,0.002100000000000001
P_purpureum_1.1_1.csv,2009.0,0.002100000000000001
P_purpureum_1.1_1.csv,1980.0,0.004199999999999999
P_purpureum_1.1_1.csv,1704.0,0.0051
P_purpureum_1.1_1.csv,1648.0,0.0325
P_purpureum_1.1_1.csv,792.0,0.0014999999999999996
P_purpureum_1.1_1.csv,766.0,0.0038000000000000013
P_purpureum_1.1_1.csv,667.0,0.0098
P_purpureum_1.1_1.csv,572.0,0.024399999999999998
P_purpureum_1.1_1.csv,532.0,0.0213
P_purpureum_1.1_1.csv,501.0,0.0119
P_purpureum_1.1_1.csv,490.0,0.0108
P_purpureum_1.1_1.csv,466.0,0.006999999999999999
P_purpureum_1_1.csv,3975.0,0.0014000000000000002
P_purpureum_1_1.csv,3678.0,0.0013000000000000008
P_purpureum_1_1.csv,2853.0,0.0112
P_purpureum_1_1.csv,2582.0,0.006100000000000001
P_purpureum_1_1.csv,2477.0,0.0051
P_purpureum_1_1.csv,2185.0,0.0051
P_purpureum_1_1.csv,2162.0,0.0048000000000000004
P_purpureum_1_1.csv,2099.0,0.0035000000000000014
P_purpureum_1_1.csv,2081.0,0.0037
P_purpureum_1_1.csv,2050.0,0.0039000000000000007
P_purpureum_1_1.csv,2044.0,0.0034000000000000002
P_purpureum_1_1.csv,2037.0,0.0031999999999999997
P_purpureum_1_1.csv,2023.0,0.0022000000000000006
P_purpureum_1_1.csv,2016.0,0.0014000000000000002
P_purpureum_1_1.csv,1980.0,0.004
P_purpureum_1_1.csv,1963.0,0.0017000000000000001
P_purpureum_1_1.csv,1913.0,0.0022000000000000006
P_purpureum_1_1.csv,1902.0,0.0022000000000000006
P_purpureum_1_1.csv,1789.0,0.0015000000000000013
P_purpureum_1_1.csv,1148.0,0.023600000000000003
P_purpureum_1_1.csv,785.0,0.0017000000000000001
P_purpureum_1_1.csv,759.0,0.002400000000000001
P_purpureum_1_1.csv,739.0,0.0015000000000000013
P_purpureum_1_1.csv,631.0,0.011000000000000001
P_purpureum_1_1.csv,609.0,0.0146
P_purpureum_1_1.csv,579.0,0.017
P_purpureum_1_1.csv,533.0,0.015500000000000002
P_purpureum_1_1.csv,479.0,0.0071
P_purpureum_1_1.csv,461.0,0.003000000000000001
P_purpureum_1_1.csv,454.0,0.0031999999999999997
P_purpureum_2_1.csv,3865.0,0.0017000000000000001
P_purpureum_2_1.csv,3795.0,0.0017999999999999995
P_purpureum_2_1.csv,3785.0,0.0017000000000000001
P_purpureum_2_1.csv,2608.0,0.007399999999999999
P_purpureum_2_1.csv,2582.0,0.006900000000000002
P_purpureum_2_1.csv,2553.0,0.006400000000000001
P_purpureum_2_1.csv,2541.0,0.006199999999999999
P_purpureum_2_1.csv,2471.0,0.005700000000000002
P_purpureum_2_1.csv,2421.0,0.0055
P_purpureum_2_1.csv,2248.0,0.005700000000000002
P_purpureum_2_1.csv,2186.0,0.005599999999999999
P_purpureum_2_1.csv,2177.0,0.0043
P_purpureum_2_1.csv,2050.0,0.004700000000000001
P_purpureum_2_1.csv,2024.0,0.0019000000000000006
P_purpureum_2_1.csv,2009.0,0.0023
P_purpureum_2_1.csv,1990.0,0.002400000000000001
P_purpureum_2_1.csv,1973.0,0.0023
P_purpureum_2_1.csv,1962.0,0.0020999999999999994
P_purpureum_2_1.csv,1952.0,0.0017999999999999995
P_purpureum_2_1.csv,1937.0,0.0022000000000000006
P_purpureum_2_1.csv,1892.0,0.0020999999999999994
P_purpureum_2_1.csv,1824.0,0.0014999999999999996
P_purpureum_2_1.csv,1649.0,0.030200000000000005
P_purpureum_2_1.csv,937.0,0.0117
P_purpureum_2_1.csv,842.0,0.0017000000000000001
P_purpureum_2_1.csv,795.0,0.0013000000000000008
P_purpureum_2_1.csv,745.0,0.0013000000000000008
P_purpureum_2_1.csv,680.0,0.006199999999999999
P_purpureum_2_1.csv,658.0,0.008000000000000002
P_purpureum_2_1.csv,533.0,0.018500000000000003
P_purpureum_2_1.csv,526.0,0.018299999999999997
P_purpureum_2_1.csv,488.0,0.0099
P_purpureum_2_1.csv,480.0,0.0106
P_purpureum_2_1.csv,469.0,0.0082
P_purpureum_2_1.csv,454.0,0.0022000000000000006
P_purpurum_3_1.csv,3892.0,0.001599999999999999
P_purpurum_3_1.csv,3865.0,0.0014000000000000002
P_purpurum_3_1.csv,3792.0,0.0014999999999999996
P_purpurum_3_1.csv,3780.0,0.0014000000000000002
P_purpurum_3_1.csv,3750.0,0.0014999999999999996
P_purpurum_3_1.csv,3740.0,0.001599999999999999
P_purpurum_3_1.csv,3702.0,0.0013000000000000008
P_purpurum_3_1.csv,3013.0,0.014
P_purpurum_3_1.csv,2392.0,0.0055
P_purpurum_3_1.csv,2286.0,0.006300000000000002
P_purpurum_3_1.csv,2206.0,0.004700000000000001
P_purpurum_3_1.csv,2188.0,0.0052000000000000015
P_purpurum_3_1.csv,2166.0,0.004700000000000001
P_purpurum_3_1.csv,2146.0,0.0025000000000000005
P_purpurum_3_1.csv,2125.0,0.0036000000000000008
P_purpurum_3_1.csv,2101.0,0.004200000000000001
P_purpurum_3_1.csv,2010.0,0.001599999999999999
P_purpurum_3_1.csv,1950.0,0.002
P_purpurum_3_1.csv,1864.0,0.0019000000000000006
P_purpurum_3_1.csv,1539.0,0.018000000000000002
P_purpurum_3_1.csv,1148.0,0.0362
P_purpurum_3_1.csv,1074.0,0.06259999999999999
P_purpurum_3_1.csv,1020.0,0.0934
P_purpurum_3_1.csv,941.0,0.0123
P_purpurum_3_1.csv,738.0,0.0013000000000000008
P_purpurum_3_1.csv,666.0,0.010300000000000002
P_purpurum_3_1.csv,574.0,0.026600000000000006
P_purpurum_3_1.csv,525.0,0.0216
P_purpurum_3_1.csv,481.0,0.010400000000000001
P_tricornutum_1_1.csv,3714.0,0.0017
P_tricornutum_1_1.csv,2923.0,0.1564
P_tricornutum_1_1.csv,2854.0,0.1056
P_tricornutum_1_1.csv,2560.0,0.0127
P_tricornutum_1_1.csv,2290.0,0.008499999999999999
P_tricornutum_1_1.csv,2271.0,0.0075
P_tricornutum_1_1.csv,2204.0,0.0063999999999999994
P_tricornutum_1_1.csv,2177.0,0.0046
P_tricornutum_1_1.csv,2166.0,0.0058
P_tricornutum_1_1.csv,2138.0,0.0036
P_tricornutum_1_1.csv,2112.0,0.0060999999999999995
P_tricornutum_1_1.csv,2091.0,0.0053
P_tricornutum_1_1.csv,2081.0,0.006
P_tricornutum_1_1.csv,2070.0,0.005399999999999999
P_tricornutum_1_1.csv,2051.0,0.005399999999999999
P_tricornutum_1_1.csv,2037.0,0.003
P_tricornutum_1_1.csv,2012.0,0.0017999999999999997
P_tricornutum_1_1.csv,1994.0,0.0027
P_tricornutum_1_1.csv,1980.0,0.004399999999999999
P_tricornutum_1_1.csv,1970.0,0.0017999999999999997
P_tricornutum_1_1.csv,1931.0,0.0027999999999999995
P_tricornutum_1_1.csv,1927.0,0.0027999999999999995
P_tricornutum_1_1.csv,1918.0,0.0027
P_tricornutum_1_1.csv,1889.0,0.0021999999999999997
P_tricornutum_1_1.csv,1844.0,0.0012
P_tricornutum_1_1.csv,1842.0,0.0019
P_tricornutum_1_1.csv,1824.0,0.0014
P_tricornutum_1_1.csv,1796.0,0.0021999999999999997
P_tricornutum_1_1.csv,1792.0,0.0017
P_tricornutum_1_1.csv,1744.0,0.10099999999999999
P_tricornutum_1_1.csv,1705.0,0.0252
P_tricornutum_1_1.csv,1699.0,0.028999999999999998
P_tricornutum_1_1.csv,1652.0,0.1222
P_tricornutum_1_1.csv,1648.0,0.123
P_tricornutum_1_1.csv,1547.0,0.0768
P_tricornutum_1_1.csv,1453.0,0.06849999999999999
P_tricornutum_1_1.csv,1236.0,0.0873
P_tricornutum_1_1.csv,1200.0,0.0746
P_tricornutum_1_1.csv,1039.0,0.3063
P_tricornutum_1_1.csv,852.0,0.0083
P_tricornutum_1_1.csv,797.0,0.0023
P_tricornutum_1_1.csv,779.0,0.0012999999999999997
P_tricornutum_1_1.csv,720.0,0.0296
P_tricornutum_1_1.csv,618.0,0.0618
P_tricornutum_1_1.csv,612.0,0.06210000000000001
P_tricornutum_1_1.csv,578.0,0.06989999999999999
P_tricornutum_1_1.csv,571.0,0.06939999999999999
P_tricornutum_1_1.csv,534.0,0.058600000000000006
P_tricornutum_1_1.csv,475.0,0.0149
P_tricornutum_1_1.csv,465.0,0.0171
P_tricornutum_2_1.csv,3883.0,0.0014
P_tricornutum_2_1.csv,3877.0,0.0013
P_tricornutum_2_1.csv,3852.0,0.0016
P_tricornutum_2_1.csv,3788.0,0.0013
P_tricornutum_2_1.csv,2923.0,0.15869999999999998
P_tricornutum_2_1.csv,2854.0,0.1073
P_tricornutum_2_1.csv,2483.0,0.0109
P_tricornutum_2_1.csv,2324.0,0.0098
P_tricornutum_2_1.csv,2188.0,0.007200000000000001
P_tricornutum_2_1.csv,2057.0,0.0054
P_tricornutum_2_1.csv,2051.0,0.0053
P_tricornutum_2_1.csv,2038.0,0.0034999999999999996
P_tricornutum_2_1.csv,1971.0,0.0015
P_tricornutum_2_1.csv,1935.0,0.0024
P_tricornutum_2_1.csv,1918.0,0.0029
P_tricornutum_2_1.csv,1884.0,0.0021999999999999997
P_tricornutum_2_1.csv,1874.0,0.0021999999999999997
P_tricornutum_2_1.csv,1852.0,0.0019
P_tricornutum_2_1.csv,1844.0,0.0013
P_tricornutum_2_1.csv,1802.0,0.0021999999999999997
P_tricornutum_2_1.csv,1792.0,0.0019
P_tricornutum_2_1.csv,1744.0,0.10300000000000001
P_tricornutum_2_1.csv,1705.0,0.0255
P_tricornutum_2_1.csv,1699.0,0.0293
P_tricornutum_2_1.csv,1652.0,0.1237
P_tricornutum_2_1.csv,1648.0,0.1242
P_tricornutum_2_1.csv,1200.0,0.076
P_tricornutum_2_1.csv,1153.0,0.1407
P_tricornutum_2_1.csv,1039.0,0.3096
P_tricornutum_2_1.csv,672.0,0.0357
P_tricornutum_2_1.csv,613.0,0.0641
P_tricornutum_2_1.csv,607.0,0.0636
P_tricornutum_2_1.csv,543.0,0.0599
P_tricornutum_2_1.csv,475.0,0.016399999999999998
P_tricornutum_2_1.csv,465.0,0.016399999999999998
P_tricornutum_3_1.csv,3964.0,0.0011
P_tricornutum_3_1.csv,2923.0,0.1555
P_tricornutum_3_1.csv,2854.0,0.1048
P_tricornutum_3_1.csv,2466.0,0.0094
P_tricornutum_3_1.csv,2453.0,0.0092
P_tricornutum_3_1.csv,2324.0,0.0084
P_tricornutum_3_1.csv,2246.0,0.0063
P_tricornutum_3_1.csv,2178.0,0.0042
P_tricornutum_3_1.csv,2112.0,0.0054
P_tricornutum_3_1.csv,2058.0,0.0044
P_tricornutum_3_1.csv,2050.0,0.0048
P_tricornutum_3_1.csv,2008.0,0.0019
P_tricornutum_3_1.csv,1987.0,0.0024999999999999996
P_tricornutum_3_1.csv,1980.0,0.0037999999999999996
P_tricornutum_3_1.csv,1972.0,0.0015000000000000002
P_tricornutum_3_1.csv,1964.0,0.0012
P_tricornutum_3_1.csv,1947.0,0.0021999999999999997
P_tricornutum_3_1.csv,1936.0,0.0021999999999999997
P_tricornutum_3_1.csv,1884.0,0.0018000000000000002
P_tricornutum_3_1.csv,1832.0,0.0016
P_tricornutum_3_1.csv,1820.0,0.0012
P_tricornutum_3_1.csv,1798.0,0.0010000000000000002
P_tricornutum_3_1.csv,1744.0,0.09920000000000001
P_tricornutum_3_1.csv,1705.0,0.0239
P_tricornutum_3_1.csv,1546.0,0.078
P_tricornutum_3_1.csv,1454.0,0.06960000000000001
P_tricornutum_3_1.csv,1378.0,0.08280000000000001
P_tricornutum_3_1.csv,1200.0,0.07540000000000001
P_tricornutum_3_1.csv,1153.0,0.1399
P_tricornutum_3_1.csv,1039.0,0.3104
P_tricornutum_3_1.csv,920.0,0.0197
P_tricornutum_3_1.csv,890.0,0.0173
P_tricornutum_3_1.csv,720.0,0.029900000000000003
P_tricornutum_3_1.csv,698.0,0.031
P_tricornutum_3_1.csv,612.0,0.0631
P_tricornutum_3_1.csv,544.0,0.0584
P_tricornutum_3_1.csv,539.0,0.0583
P_tricornutum_3_1.csv,531.0,0.0575
P_tricornutum_3_1.csv,476.0,0.0144
P_tricornutum_3_1.csv,464.0,0.015199999999999998
P_tricornutum_3_1.csv,456.0,0.0075
S_latissima_1_001_1.csv,3811.0,0.0008000000000000004
S_latissima_1_001_1.csv,3669.0,0.0007000000000000001
S_latissima_1_001_1.csv,3606.0,0.001700000000000001
S_latissima_1_001_1.csv,3231.0,0.011699999999999999
S_latissima_1_001_1.csv,2992.0,0.0070999999999999995
S_latissima_1_001_1.csv,2705.0,0.0058000000000000005
S_latissima_1_001_1.csv,2541.0,0.004600000000000001
S_latissima_1_001_1.csv,2483.0,0.0044
S_latissima_1_001_1.csv,2436.0,0.0042
S_latissima_1_001_1.csv,2285.0,0.005100000000000001
S_latissima_1_001_1.csv,2269.0,0.0045
S_latissima_1_001_1.csv,2162.0,0.005
S_latissima_1_001_1.csv,2082.0,0.0036
S_latissima_1_001_1.csv,2057.0,0.003
S_latissima_1_001_1.csv,2038.0,0.003100000000000001
S_latissima_1_001_1.csv,1965.0,0.0015999999999999999
S_latissima_1_001_1.csv,1952.0,0.0018000000000000004
S_latissima_1_001_1.csv,1860.0,0.0013
S_latissima_1_001_1.csv,1791.0,0.0009000000000000006
S_latissima_1_001_1.csv,1763.0,0.001400000000000001
S_latissima_1_001_1.csv,1719.0,0.0018999999999999998
S_latissima_1_001_1.csv,824.0,0.008799999999999999
S_latissima_1_001_1.csv,748.0,0.0007000000000000001
S_latissima_1_001_1.csv,731.0,0.0013
S_latissima_1_001_1.csv,583.0,0.005200000000000001
S_latissima_1_001_1.csv,556.0,0.0062
S_latissima_1_001_1.csv,526.0,0.005100000000000001
S_latissima_1_001_1.csv,519.0,0.0053
S_latissima_1_001_1.csv,496.0,0.0041
S_latissima_1_001_1.csv,459.0,0.0044
S_latissima_1_1.csv,3873.0,0.0008999999999999998
S_latissima_1_1.csv,3618.0,0.0011999999999999997
S_latissima_1_1.csv,3377.0,0.0071
S_latissima_1_1.csv,3239.0,0.0085
S_latissima_1_1.csv,2933.0,0.006200000000000001
S_latissima_1_1.csv,2653.0,0.004999999999999999
S_latissima_1_1.csv,2162.0,0.004399999999999999
S_latissima_1_1.csv,2141.0,0.0017000000000000001
S_latissima_1_1.csv,2051.0,0.0045000000000000005
S_latissima_1_1.csv,2037.0,0.0036000000000000008
S_latissima_1_1.csv,2028.0,0.003
S_latissima_1_1.csv,2017.0,0.0015999999999999999
S_latissima_1_1.csv,1981.0,0.0033
S_latissima_1_1.csv,1965.0,0.0014999999999999996
S_latissima_1_1.csv,1841.0,0.0013
S_latissima_1_1.csv,1538.0,0.0052
S_latissima_1_1.csv,1373.0,0.0218
S_latissima_1_1.csv,1029.0,0.0264
S_latissima_1_1.csv,824.0,0.0068000000000000005
S_latissima_1_1.csv,705.0,0.001
S_latissima_1_1.csv,688.0,0.0007000000000000001
S_latissima_1_1.csv,667.0,0.0024999999999999996
S_latissima_1_1.csv,625.0,0.0034999999999999996
S_latissima_1_1.csv,611.0,0.0037
S_latissima_1_1.csv,578.0,0.0036000000000000008
S_latissima_1_1.csv,557.0,0.004200000000000001
S_latissima_1_1.csv,538.0,0.0036000000000000008
S_latissima_1_1.csv,520.0,0.004
S_latissima_1_1.csv,500.0,0.0023
S_latissima_1_1.csv,467.0,0.0014999999999999996
S_latissima_1_1.csv,461.0,0.002
S_latissima_2_001_1.csv,3966.0,0.0014999999999999996
S_latissima_2_001_1.csv,3758.0,0.0016000000000000007
S_latissima_2_001_1.csv,2736.0,0.0087
S_latissima_2_001_1.csv,2567.0,0.006699999999999999
S_latissima_2_001_1.csv,2323.0,0.007599999999999999
S_latissima_2_001_1.csv,2259.0,0.0058
S_latissima_2_001_1.csv,2244.0,0.006
S_latissima_2_001_1.csv,2228.0,0.0055
S_latissima_2_001_1.csv,2221.0,0.0052
S_latissima_2_001_1.csv,2208.0,0.0052
S_latissima_2_001_1.csv,2162.0,0.0069
S_latissima_2_001_1.csv,2083.0,0.0048000000000000004
S_latissima_2_001_1.csv,2057.0,0.004699999999999999
S_latissima_2_001_1.csv,2050.0,0.006
S_latissima_2_001_1.csv,2027.0,0.0039000000000000007
S_latissima_2_001_1.csv,1981.0,0.0055
S_latissima_2_001_1.csv,1938.0,0.0022000000000000006
S_latissima_2_001_1.csv,1876.0,0.0023
S_latissima_2_001_1.csv,1799.0,0.0016000000000000007
S_latissima_2_001_1.csv,890.0,0.0063
S_latissima_2_001_1.csv,852.0,0.0019000000000000006
S_latissima_2_001_1.csv,824.0,0.012299999999999998
S_latissima_2_001_1.csv,667.0,0.0057
S_latissima_2_001_1.csv,594.0,0.0087
S_latissima_2_001_1.csv,571.0,0.0087
S_latissima_2_001_1.csv,533.0,0.009399999999999999
S_latissima_2_001_1.csv,520.0,0.0087
S_latissima_2_001_1.csv,476.0,0.004200000000000001
S_latissima_2_001_1.csv,463.0,0.002999999999999999
S_latissima_2_001_1.csv,452.0,0.0019000000000000006
S_latissima_2_1.csv,3889.0,0.001
S_latissima_2_1.csv,3816.0,0.001
S_latissima_2_1.csv,3759.0,0.0011000000000000003
S_latissima_2_1.csv,3661.0,0.0011000000000000003
S_latissima_2_1.csv,3616.0,0.0011000000000000003
S_latissima_2_1.csv,3588.0,0.0015000000000000005
S_latissima_2_1.csv,3364.0,0.0062
S_latissima_2_1.csv,2810.0,0.004900000000000001
S_latissima_2_1.csv,2541.0,0.0038000000000000004
S_latissima_2_1.csv,2338.0,0.003400000000000001
S_latissima_2_1.csv,2258.0,0.0042
S_latissima_2_1.csv,2216.0,0.0039
S_latissima_2_1.csv,2200.0,0.003700000000000001
S_latissima_2_1.csv,2184.0,0.0038000000000000004
S_latissima_2_1.csv,2162.0,0.004300000000000001
S_latissima_2_1.csv,2148.0,0.0015000000000000005
S_latissima_2_1.csv,2139.0,0.0015000000000000005
S_latissima_2_1.csv,2108.0,0.003100000000000001
S_latissima_2_1.csv,2075.0,0.0032000000000000006
S_latissima_2_1.csv,2028.0,0.003
S_latissima_2_1.csv,2014.0,0.002300000000000001
S_latissima_2_1.csv,2000.0,0.0016000000000000007
S_latissima_2_1.csv,1990.0,0.0032000000000000006
S_latissima_2_1.csv,1947.0,0.0016000000000000007
S_latissima_2_1.csv,1857.0,0.0015000000000000005
S_latissima_2_1.csv,1055.0,0.019200000000000002
S_latissima_2_1.csv,761.0,0.001
S_latissima_2_1.csv,717.0,0.0013000000000000008
S_latissima_2_1.csv,667.0,0.0029000000000000007
S_latissima_2_1.csv,625.0,0.0038000000000000004
S_latissima_2_1.csv,578.0,0.003700000000000001
S_latissima_2_1.csv,496.0,0.0027
S_latissima_2_1.csv,459.0,0.0027
S_latissima_3_1.csv,3736.0,0.0018000000000000004
S_latissima_3_1.csv,3690.0,0.0015000000000000005
S_latissima_3_1.csv,2968.0,0.0102
S_latissima_3_1.csv,2731.0,0.008
S_latissima_3_1.csv,2566.0,0.006299999999999999
S_latissima_3_1.csv,2443.0,0.0058000000000000005
S_latissima_3_1.csv,2368.0,0.0045
S_latissima_3_1.csv,2345.0,0.004900000000000001
S_latissima_3_1.csv,2303.0,0.0055000000000000005
S_latissima_3_1.csv,2244.0,0.0056
S_latissima_3_1.csv,2222.0,0.0048
S_latissima_3_1.csv,2194.0,0.004900000000000001
S_latissima_3_1.csv,2114.0,0.0045
S_latissima_3_1.csv,2096.0,0.0045
S_latissima_3_1.csv,2051.0,0.0055000000000000005
S_latissima_3_1.csv,2036.0,0.0045
S_latissima_3_1.csv,1980.0,0.005200000000000001
S_latissima_3_1.csv,1877.0,0.0024999999999999996
S_latissima_3_1.csv,1842.0,0.0021999999999999997
S_latissima_3_1.csv,824.0,0.0116
S_latissima_3_1.csv,717.0,0.0027
S_latissima_3_1.csv,673.0,0.0044
S_latissima_3_1.csv,583.0,0.0086
S_latissima_3_1.csv,545.0,0.008800000000000002
S_latissima_3_1.csv,535.0,0.0085
S_latissima_3_1.csv,519.0,0.008
S_latissima_3_1.csv,507.0,0.0056
S_latissima_3_1.csv,500.0,0.0048
S_latissima_3_1.csv,486.0,0.004599999999999999
S_latissima_3_1.csv,472.0,0.003999999999999999
S_polyschides_1_1.csv,3976.0,0.0014000000000000002
S_polyschides_1_1.csv,3870.0,0.0016000000000000007
S_polyschides_1_1.csv,3796.0,0.0014999999999999996
S_polyschides_1_1.csv,3785.0,0.0016000000000000007
S_polyschides_1_1.csv,3318.0,0.0157
S_polyschides_1_1.csv,3300.0,0.0159
S_polyschides_1_1.csv,3240.0,0.0159
S_polyschides_1_1.csv,3089.0,0.0116
S_polyschides_1_1.csv,2926.0,0.011300000000000001
S_polyschides_1_1.csv,2861.0,0.009600000000000001
S_polyschides_1_1.csv,2785.0,0.0076999999999999985
S_polyschides_1_1.csv,2700.0,0.006999999999999999
S_polyschides_1_1.csv,2531.0,0.0055
S_polyschides_1_1.csv,2507.0,0.0054
S_polyschides_1_1.csv,2471.0,0.0051
S_polyschides_1_1.csv,2360.0,0.0046
S_polyschides_1_1.csv,2346.0,0.0048000000000000004
S_polyschides_1_1.csv,2149.0,0.0017000000000000001
S_polyschides_1_1.csv,2142.0,0.0017999999999999995
S_polyschides_1_1.csv,2137.0,0.0016000000000000007
S_polyschides_1_1.csv,2050.0,0.005299999999999999
S_polyschides_1_1.csv,2027.0,0.0036000000000000008
S_polyschides_1_1.csv,1896.0,0.0022000000000000006
S_polyschides_1_1.csv,1731.0,0.0034000000000000002
S_polyschides_1_1.csv,1631.0,0.0277
S_polyschides_1_1.csv,1541.0,0.012400000000000001
S_polyschides_1_1.csv,1351.0,0.026
S_polyschides_1_1.csv,1246.0,0.012799999999999999
S_polyschides_1_1.csv,824.0,0.006699999999999999
S_polyschides_1_1.csv,760.0,0.0014000000000000002
S_polyschides_1_1.csv,666.0,0.007300000000000001
S_polyschides_1_1.csv,603.0,0.011300000000000001
S_polyschides_1_1.csv,595.0,0.010499999999999999
S_polyschides_1_1.csv,586.0,0.0103
S_polyschides_1_1.csv,561.0,0.010499999999999999
S_polyschides_1_1.csv,543.0,0.0098
S_polyschides_1_1.csv,532.0,0.009600000000000001
S_polyschides_1_1.csv,519.0,0.009500000000000001
S_polyschides_1_1.csv,487.0,0.006
S_polyschides_1_1.csv,459.0,0.004200000000000001
S_polyschides_2_1.csv,3870.0,0.0010000000000000009
S_polyschides_2_1.csv,3712.0,0.0008000000000000004
S_polyschides_2_1.csv,3569.0,0.0036000000000000008
S_polyschides_2_1.csv,2689.0,0.0076999999999999985
S_polyschides_2_1.csv,2567.0,0.0063
S_polyschides_2_1.csv,2473.0,0.0054
S_polyschides_2_1.csv,2338.0,0.0046
S_polyschides_2_1.csv,2258.0,0.005300000000000001
S_polyschides_2_1.csv,2206.0,0.0051
S_polyschides_2_1.csv,2163.0,0.0057
S_polyschides_2_1.csv,2087.0,0.0043
S_polyschides_2_1.csv,2027.0,0.003300000000000001
S_polyschides_2_1.csv,1999.0,0.0026
S_polyschides_2_1.csv,1987.0,0.0034999999999999996
S_polyschides_2_1.csv,1980.0,0.004399999999999999
S_polyschides_2_1.csv,1966.0,0.0016000000000000007
S_polyschides_2_1.csv,1918.0,0.0019000000000000006
S_polyschides_2_1.csv,1723.0,0.002700000000000001
S_polyschides_2_1.csv,1542.0,0.0149
S_polyschides_2_1.csv,1351.0,0.0322
S_polyschides_2_1.csv,1258.0,0.014700000000000001
S_polyschides_2_1.csv,1032.0,0.0484
S_polyschides_2_1.csv,866.0,0.0008999999999999998
S_polyschides_2_1.csv,545.0,0.011300000000000001
S_polyschides_2_1.csv,538.0,0.0109
S_polyschides_2_1.csv,519.0,0.011800000000000001
S_polyschides_2_1.csv,476.0,0.0054
S_polyschides_2_1.csv,459.0,0.0034000000000000002
S_polyschides_3_001_1.csv,3870.0,0.0022000000000000006
S_polyschides_3_001_1.csv,3822.0,0.0023
S_polyschides_3_001_1.csv,3796.0,0.002400000000000001
S_polyschides_3_001_1.csv,3750.0,0.0020999999999999994
S_polyschides_3_001_1.csv,3642.0,0.003000000000000001
S_polyschides_3_001_1.csv,3613.0,0.0043
S_polyschides_3_001_1.csv,2591.0,0.0099
S_polyschides_3_001_1.csv,2372.0,0.006699999999999999
S_polyschides_3_001_1.csv,2259.0,0.0075000000000000015
S_polyschides_3_001_1.csv,2177.0,0.005300000000000001
S_polyschides_3_001_1.csv,2162.0,0.007299999999999999
S_polyschides_3_001_1.csv,2091.0,0.004999999999999999
S_polyschides_3_001_1.csv,2051.0,0.006199999999999999
S_polyschides_3_001_1.csv,2019.0,0.002700000000000001
S_polyschides_3_001_1.csv,2010.0,0.0031999999999999997
S_polyschides_3_001_1.csv,1980.0,0.006300000000000002
S_polyschides_3_001_1.csv,1968.0,0.0026
S_polyschides_3_001_1.csv,1953.0,0.0026
S_polyschides_3_001_1.csv,1944.0,0.0031000000000000003
S_polyschides_3_001_1.csv,1863.0,0.0028000000000000004
S_polyschides_3_001_1.csv,1803.0,0.0022000000000000006
S_polyschides_3_001_1.csv,1716.0,0.0054
S_polyschides_3_001_1.csv,1352.0,0.0487
S_polyschides_3_001_1.csv,888.0,0.005800000000000001
S_polyschides_3_001_1.csv,701.0,0.0089
S_polyschides_3_001_1.csv,694.0,0.009300000000000001
S_polyschides_3_001_1.csv,666.0,0.014900000000000002
S_polyschides_3_001_1.csv,616.0,0.0267
S_polyschides_3_001_1.csv,580.0,0.019800000000000005
S_polyschides_3_001_1.csv,572.0,0.0189
S_polyschides_3_001_1.csv,563.0,0.019500000000000003
S_polyschides_3_001_1.csv,502.0,0.0111
S_polyschides_3_001_1.csv,474.0,0.006900000000000002
S_polyschides_3_001_1.csv,468.0,0.005800000000000001
S_polyschides_3_1.csv,3267.0,0.029500000000000002
S_polyschides_3_1.csv,2670.0,0.010100000000000001
S_polyschides_3_1.csv,2489.0,0.007599999999999999
S_polyschides_3_1.csv,2324.0,0.0085
S_polyschides_3_1.csv,2205.0,0.0063999999999999994
S_polyschides_3_1.csv,2187.0,0.007099999999999999
S_polyschides_3_1.csv,2177.0,0.005299999999999999
S_polyschides_3_1.csv,2166.0,0.0066
S_polyschides_3_1.csv,2162.0,0.0072000000000000015
S_polyschides_3_1.csv,2058.0,0.0051
S_polyschides_3_1.csv,2050.0,0.006200000000000001
S_polyschides_3_1.csv,2044.0,0.004999999999999999
S_polyschides_3_1.csv,2023.0,0.003300000000000001
S_polyschides_3_1.csv,2017.0,0.0028000000000000004
S_polyschides_3_1.csv,1980.0,0.0063
S_polyschides_3_1.csv,1971.0,0.0020999999999999994
S_polyschides_3_1.csv,1917.0,0.0028000000000000004
S_polyschides_3_1.csv,1884.0,0.0025000000000000005
S_polyschides_3_1.csv,1872.0,0.0026999999999999993
S_polyschides_3_1.csv,1823.0,0.0023999999999999994
S_polyschides_3_1.csv,656.0,0.011699999999999999
S_polyschides_3_1.csv,556.0,0.0162
S_polyschides_3_1.csv,525.0,0.0137
S_polyschides_3_1.csv,519.0,0.0133
S_polyschides_3_1.csv,508.0,0.010100000000000001
S_polyschides_3_1.csv,474.0,0.0072000000000000015
S_polyschides_3_1.csv,466.0,0.005600000000000001
S_polyschides_3_1.csv,455.0,0.0031999999999999997
U_intestinalis_1.1_1.csv,3866.0,0.0019000000000000006
U_intestinalis_1.1_1.csv,3802.0,0.0019000000000000006
U_intestinalis_1.1_1.csv,3729.0,0.0019000000000000006
U_intestinalis_1.1_1.csv,3309.0,0.0228
U_intestinalis_1.1_1.csv,3128.0,0.015899999999999997
U_intestinalis_1.1_1.csv,2346.0,0.0051
U_intestinalis_1.1_1.csv,2324.0,0.006699999999999999
U_intestinalis_1.1_1.csv,2258.0,0.006
U_intestinalis_1.1_1.csv,2225.0,0.005600000000000001
U_intestinalis_1.1_1.csv,2191.0,0.006
U_intestinalis_1.1_1.csv,2185.0,0.0054
U_intestinalis_1.1_1.csv,2162.0,0.0054
U_intestinalis_1.1_1.csv,2147.0,0.0026999999999999993
U_intestinalis_1.1_1.csv,2057.0,0.0045000000000000005
U_intestinalis_1.1_1.csv,2039.0,0.004399999999999999
U_intestinalis_1.1_1.csv,2026.0,0.0022000000000000006
U_intestinalis_1.1_1.csv,2019.0,0.0020999999999999994
U_intestinalis_1.1_1.csv,2008.0,0.0025000000000000005
U_intestinalis_1.1_1.csv,1980.0,0.004699999999999999
U_intestinalis_1.1_1.csv,1950.0,0.0025000000000000005
U_intestinalis_1.1_1.csv,1933.0,0.0026
U_intestinalis_1.1_1.csv,1899.0,0.0026
U_intestinalis_1.1_1.csv,1873.0,0.0026
U_intestinalis_1.1_1.csv,1633.0,0.0375
U_intestinalis_1.1_1.csv,1022.0,0.0613
U_intestinalis_1.1_1.csv,673.0,0.0078
U_intestinalis_1.1_1.csv,615.0,0.0245
U_intestinalis_1.1_1.csv,552.0,0.0172
U_intestinalis_1.1_1.csv,523.0,0.017099999999999997
U_intestinalis_1.1_1.csv,508.0,0.014
U_intestinalis_1.1_1.csv,492.0,0.0117
U_intestinalis_1.1_1.csv,485.0,0.0124
U_intestinalis_1.1_1.csv,479.0,0.0101
U_intestinalis_1.1_1.csv,469.0,0.0071
U_intestinalis_1_1.csv,3983.0,0.0013000000000000008
U_intestinalis_1_1.csv,3629.0,0.0023
U_intestinalis_1_1.csv,3609.0,0.0031000000000000003
U_intestinalis_1_1.csv,3380.0,0.015600000000000001
U_intestinalis_1_1.csv,3367.0,0.016100000000000003
U_intestinalis_1_1.csv,3107.0,0.0118
U_intestinalis_1_1.csv,2980.0,0.009300000000000001
U_intestinalis_1_1.csv,2584.0,0.0057
U_intestinalis_1_1.csv,2435.0,0.0048000000000000004
U_intestinalis_1_1.csv,2250.0,0.0045000000000000005
U_intestinalis_1_1.csv,2190.0,0.0045000000000000005
U_intestinalis_1_1.csv,2138.0,0.0023999999999999994
U_intestinalis_1_1.csv,2120.0,0.0037999999999999996
U_intestinalis_1_1.csv,2050.0,0.004699999999999999
U_intestinalis_1_1.csv,2039.0,0.0034999999999999996
U_intestinalis_1_1.csv,2024.0,0.003300000000000001
U_intestinalis_1_1.csv,1980.0,0.004200000000000001
U_intestinalis_1_1.csv,1860.0,0.002
U_intestinalis_1_1.csv,1422.0,0.0134
U_intestinalis_1_1.csv,755.0,0.0014000000000000002
U_intestinalis_1_1.csv,614.0,0.0189
U_intestinalis_1_1.csv,563.0,0.015500000000000002
U_intestinalis_1_1.csv,535.0,0.0141
U_intestinalis_1_1.csv,523.0,0.013900000000000001
U_intestinalis_1_1.csv,493.0,0.010299999999999998
U_intestinalis_1_1.csv,455.0,0.0025000000000000005
U_intestinalis_2_001_1.csv,3740.0,0.0020999999999999994
U_intestinalis_2_001_1.csv,2540.0,0.007000000000000001
U_intestinalis_2_001_1.csv,2444.0,0.006699999999999999
U_intestinalis_2_001_1.csv,2397.0,0.006
U_intestinalis_2_001_1.csv,2392.0,0.006
U_intestinalis_2_001_1.csv,2334.0,0.006
U_intestinalis_2_001_1.csv,2323.0,0.0078
U_intestinalis_2_001_1.csv,2286.0,0.008
U_intestinalis_2_001_1.csv,2257.0,0.006699999999999999
U_intestinalis_2_001_1.csv,2237.0,0.0063999999999999994
U_intestinalis_2_001_1.csv,2227.0,0.0063999999999999994
U_intestinalis_2_001_1.csv,2179.0,0.005000000000000001
U_intestinalis_2_001_1.csv,2163.0,0.0072
U_intestinalis_2_001_1.csv,2151.0,0.002700000000000001
U_intestinalis_2_001_1.csv,2113.0,0.0057
U_intestinalis_2_001_1.csv,2090.0,0.004700000000000001
U_intestinalis_2_001_1.csv,2077.0,0.0052
U_intestinalis_2_001_1.csv,2050.0,0.006
U_intestinalis_2_001_1.csv,1980.0,0.005600000000000001
U_intestinalis_2_001_1.csv,1974.0,0.003300000000000001
U_intestinalis_2_001_1.csv,1953.0,0.0025000000000000005
U_intestinalis_2_001_1.csv,1932.0,0.003000000000000001
U_intestinalis_2_001_1.csv,1736.0,0.004200000000000001
U_intestinalis_2_001_1.csv,1022.0,0.06860000000000001
U_intestinalis_2_001_1.csv,666.0,0.0101
U_intestinalis_2_001_1.csv,616.0,0.025100000000000004
U_intestinalis_2_001_1.csv,579.0,0.0254
U_intestinalis_2_001_1.csv,534.0,0.018500000000000003
U_intestinalis_2_001_1.csv,524.0,0.0186
U_intestinalis_2_001_1.csv,518.0,0.0179
U_intestinalis_2_001_1.csv,480.0,0.011500000000000002
U_intestinalis_2_001_1.csv,466.0,0.0077
U_intestinalis_2_001_1.csv,454.0,0.0037999999999999996
U_intestinalis_2_1.csv,3964.0,0.0014999999999999996
U_intestinalis_2_1.csv,3822.0,0.0016999999999999993
U_intestinalis_2_1.csv,3722.0,0.0016999999999999993
U_intestinalis_2_1.csv,3649.0,0.0018999999999999998
U_intestinalis_2_1.csv,3553.0,0.0053
U_intestinalis_2_1.csv,2687.0,0.0062
U_intestinalis_2_1.csv,2577.0,0.005199999999999999
U_intestinalis_2_1.csv,2453.0,0.0048
U_intestinalis_2_1.csv,2423.0,0.0045
U_intestinalis_2_1.csv,2324.0,0.0056
U_intestinalis_2_1.csv,2240.0,0.0041
U_intestinalis_2_1.csv,2197.0,0.0042
U_intestinalis_2_1.csv,2185.0,0.004599999999999999
U_intestinalis_2_1.csv,2165.0,0.0053
U_intestinalis_2_1.csv,2150.0,0.0018999999999999998
U_intestinalis_2_1.csv,2076.0,0.0041
U_intestinalis_2_1.csv,2050.0,0.0050999999999999995
U_intestinalis_2_1.csv,1997.0,0.0024999999999999996
U_intestinalis_2_1.csv,1980.0,0.0036
U_intestinalis_2_1.csv,1973.0,0.0024000000000000002
U_intestinalis_2_1.csv,1891.0,0.0024999999999999996
U_intestinalis_2_1.csv,1860.0,0.0021999999999999997
U_intestinalis_2_1.csv,1546.0,0.013499999999999998
U_intestinalis_2_1.csv,771.0,0.0021000000000000003
U_intestinalis_2_1.csv,673.0,0.005399999999999999
U_intestinalis_2_1.csv,563.0,0.0137
U_intestinalis_2_1.csv,540.0,0.012499999999999997
U_intestinalis_2_1.csv,523.0,0.012999999999999998
U_intestinalis_2_1.csv,503.0,0.0097
U_intestinalis_2_1.csv,455.0,0.0033
U_intestinalis_3_1.csv,3976.0,0.0017999999999999995
U_intestinalis_3_1.csv,3867.0,0.001899999999999999
U_intestinalis_3_1.csv,3772.0,0.001899999999999999
U_intestinalis_3_1.csv,3747.0,0.002
U_intestinalis_3_1.csv,3726.0,0.002
U_intestinalis_3_1.csv,2854.0,0.0126
U_intestinalis_3_1.csv,2723.0,0.008899999999999998
U_intestinalis_3_1.csv,2537.0,0.006699999999999999
U_intestinalis_3_1.csv,2496.0,0.006699999999999999
U_intestinalis_3_1.csv,2476.0,0.006499999999999999
U_intestinalis_3_1.csv,2445.0,0.006499999999999999
U_intestinalis_3_1.csv,2323.0,0.008
U_intestinalis_3_1.csv,2252.0,0.0063999999999999994
U_intestinalis_3_1.csv,2227.0,0.006
U_intestinalis_3_1.csv,2211.0,0.0058
U_intestinalis_3_1.csv,2190.0,0.0060999999999999995
U_intestinalis_3_1.csv,2185.0,0.005899999999999999
U_intestinalis_3_1.csv,2100.0,0.0052
U_intestinalis_3_1.csv,2077.0,0.0052
U_intestinalis_3_1.csv,2050.0,0.0055
U_intestinalis_3_1.csv,2036.0,0.0048000000000000004
U_intestinalis_3_1.csv,1980.0,0.004999999999999999
U_intestinalis_3_1.csv,1844.0,0.002199999999999999
U_intestinalis_3_1.csv,1634.0,0.0417
U_intestinalis_3_1.csv,1103.0,0.046
U_intestinalis_3_1.csv,997.0,0.061
U_intestinalis_3_1.csv,794.0,0.0063
U_intestinalis_3_1.csv,759.0,0.0023999999999999994
U_intestinalis_3_1.csv,701.0,0.0072
U_intestinalis_3_1.csv,673.0,0.008400000000000001
U_intestinalis_3_1.csv,575.0,0.025199999999999997
U_intestinalis_3_1.csv,524.0,0.0184
U_intestinalis_3_1.csv,504.0,0.014499999999999999
U_intestinalis_3_1.csv,497.0,0.013499999999999998
U_intestinalis_3_1.csv,483.0,0.011699999999999999
U_intestinalis_3_1.csv,454.0,0.0025000000000000005
U_intetinalis_1_1.csv,3983.0,0.0013000000000000008
U_intetinalis_1_1.csv,3629.0,0.0023
U_intetinalis_1_1.csv,3609.0,0.0031000000000000003
U_intetinalis_1_1.csv,3380.0,0.015600000000000001
U_intetinalis_1_1.csv,3367.0,0.016100000000000003
U_intetinalis_1_1.csv,3107.0,0.0118
U_intetinalis_1_1.csv,2980.0,0.009300000000000001
U_intetinalis_1_1.csv,2584.0,0.0057
U_intetinalis_1_1.csv,2435.0,0.0048000000000000004
U_intetinalis_1_1.csv,2250.0,0.0045000000000000005
U_intetinalis_1_1.csv,2190.0,0.0045000000000000005
U_intetinalis_1_1.csv,2138.0,0.0023999999999999994
U_intetinalis_1_1.csv,2120.0,0.0037999999999999996
U_intetinalis_1_1.csv,2050.0,0.004699999999999999
U_intetinalis_1_1.csv,2039.0,0.0034999999999999996
U_intetinalis_1_1.csv,2024.0,0.003300000000000001
U_intetinalis_1_1.csv,1980.0,0.004200000000000001
U_intetinalis_1_1.csv,1860.0,0.002
U_intetinalis_1_1.csv,1422.0,0.0134
U_intetinalis_1_1.csv,755.0,0.0014000000000000002
U_intetinalis_1_1.csv,614.0,0.0189
U_intetinalis_1_1.csv,563.0,0.015500000000000002
U_intetinalis_1_1.csv,535.0,0.0141
U_intetinalis_1_1.csv,523.0,0.013900000000000001
U_intetinalis_1_1.csv,493.0,0.010299999999999998
U_intetinalis_1_1.csv,455.0,0.0025000000000000005
c_vulgaris_2_1.csv,3948.0,0.0015
c_vulgaris_2_1.csv,3854.0,0.0013
c_vulgaris_2_1.csv,3841.0,0.0015
c_vulgaris_2_1.csv,3713.0,0.0017000000000000001
c_vulgaris_2_1.csv,2924.0,0.1568
c_vulgaris_2_1.csv,2854.0,0.108
c_vulgaris_2_1.csv,2475.0,0.0108
c_vulgaris_2_1.csv,2226.0,0.0072
c_vulgaris_2_1.csv,2186.0,0.006500000000000001
c_vulgaris_2_1.csv,2177.0,0.0052
c_vulgaris_2_1.csv,2167.0,0.0071
c_vulgaris_2_1.csv,2050.0,0.006
c_vulgaris_2_1.csv,2041.0,0.004200000000000001
c_vulgaris_2_1.csv,1999.0,0.0026999999999999997
c_vulgaris_2_1.csv,1980.0,0.0043
c_vulgaris_2_1.csv,1927.0,0.0026000000000000003
c_vulgaris_2_1.csv,1918.0,0.0026000000000000003
c_vulgaris_2_1.csv,1744.0,0.1162
c_vulgaris_2_1.csv,1705.0,0.0259
c_vulgaris_2_1.csv,1657.0,0.1124
c_vulgaris_2_1.csv,1564.0,0.0487
c_vulgaris_2_1.csv,1510.0,0.0348
c_vulgaris_2_1.csv,1460.0,0.0596
c_vulgaris_2_1.csv,1456.0,0.059699999999999996
c_vulgaris_2_1.csv,1378.0,0.059699999999999996
c_vulgaris_2_1.csv,1243.0,0.0945
c_vulgaris_2_1.csv,1150.0,0.1256
c_vulgaris_2_1.csv,1076.0,0.1969
c_vulgaris_2_1.csv,1020.0,0.2678
c_vulgaris_2_1.csv,867.0,0.0335
c_vulgaris_2_1.csv,764.0,0.013000000000000001
c_vulgaris_2_1.csv,719.0,0.0407
c_vulgaris_2_1.csv,666.0,0.023
c_vulgaris_2_1.csv,598.0,0.0342
c_vulgaris_2_1.csv,527.0,0.0579
c_vulgaris_2_1.csv,499.0,0.0404
c_vulgaris_2_1.csv,483.0,0.034999999999999996
