sample_id,wavelength_nm,absorbance
protein_sample,200.0,-0.002929503541958264
protein_sample,201.0,0.000588270864079058
protein_sample,202.0,-7.270269378837284e-05
protein_sample,203.0,0.0028741026879956534
protein_sample,204.0,0.0006182561364867533
protein_sample,205.0,0.0016771673504244816
protein_sample,206.0,-0.001800659456919043
protein_sample,207.0,0.0020058534949147448
protein_sample,208.0,0.0033373545195907062
protein_sample,209.0,0.002317006806310076
protein_sample,210.0,0.00221969560483592
protein_sample,211.0,0.002258364258975966
protein_sample,212.0,0.004718190884910947
protein_sample,213.0,0.003666193090135328
protein_sample,214.0,0.004536961647605427
protein_sample,215.0,0.00485746515478719
protein_sample,216.0,0.00019237189913439865
protein_sample,217.0,0.0009341282451155188
protein_sample,218.0,-0.0005998712371849042
protein_sample,219.0,0.004021180256771579
protein_sample,220.0,0.0038657198575459974
protein_sample,221.0,0.0048975369488470505
protein_sample,222.0,0.003691657443517656
protein_sample,223.0,0.0027637352695380406
protein_sample,224.0,0.008194160673093972
protein_sample,225.0,0.005639132837259777
protein_sample,226.0,0.0035879578333245787
protein_sample,227.0,0.0034714632490225735
protein_sample,228.0,0.0034710753073514365
protein_sample,229.0,0.005248441588564304
protein_sample,230.0,0.006108543195393718
protein_sample,231.0,0.008491750801904422
protein_sample,232.0,0.00835920290775762
protein_sample,233.0,0.007516676125522174
protein_sample,234.0,0.007795740034192428
protein_sample,235.0,0.008003292127377104
protein_sample,236.0,0.006861231922870389
protein_sample,237.0,0.0041755157014323335
protein_sample,238.0,0.005735282128010549
protein_sample,239.0,0.0049394532104406925
protein_sample,240.0,0.011412157221852449
protein_sample,241.0,0.0069687524211306355
protein_sample,242.0,0.004578349913004268
protein_sample,243.0,0.010566114012047349
protein_sample,244.0,0.007705885282582866
protein_sample,245.0,0.011053825518282896
protein_sample,246.0,0.009129483408322139
protein_sample,247.0,0.008481609792558164
protein_sample,248.0,0.0068094115389889555
protein_sample,249.0,0.008824063458320519
protein_sample,250.0,0.010369142809117778
protein_sample,251.0,0.008490210583078719
protein_sample,252.0,0.011193035421031634
protein_sample,253.0,0.010183126261877869
protein_sample,254.0,0.007037812221278144
protein_sample,255.0,0.013639370053070261
protein_sample,256.0,0.012966054160368789
protein_sample,257.0,0.012330889019510103
protein_sample,258.0,0.013634423571829996
protein_sample,259.0,0.013972498971556611
protein_sample,260.0,0.014896838825395891
protein_sample,261.0,0.02019083248961417
protein_sample,262.0,0.02603735546913332
protein_sample,263.0,0.03183386159665891
protein_sample,264.0,0.04071647425791996
protein_sample,265.0,0.05819755117935502
protein_sample,266.0,0.07785130004154343
protein_sample,267.0,0.10783144553548675
protein_sample,268.0,0.15037242704053239
protein_sample,269.0,0.20059397468775872
protein_sample,270.0,0.26265006496566456
protein_sample,271.0,0.33801604845328226
protein_sample,272.0,0.42521457090870124
protein_sample,273.0,0.5198803828955437
protein_sample,274.0,0.621183278761561
protein_sample,275.0,0.7221536093046595
protein_sample,276.0,0.8136051021678923
protein_sample,277.0,0.8989240465834153
protein_sample,278.0,0.9586026120459111
protein_sample,279.0,0.999234554906839
protein_sample,280.0,1.0155208073884612
protein_sample,281.0,0.9972519395296343
protein_sample,282.0,0.9622859796844688
protein_sample,283.0,0.8979887802219394
protein_sample,284.0,0.8180483581925482
protein_sample,285.0,0.7229607334704689
protein_sample,286.0,0.6252483590093082
protein_sample,287.0,0.5230812486650561
protein_sample,288.0,0.4274022758792826
protein_sample,289.0,0.34253829818766335
protein_sample,290.0,0.26775221091568024
protein_sample,291.0,0.20366003161160756
protein_sample,292.0,0.15316540721469443
protein_sample,293.0,0.11279743400047754
protein_sample,294.0,0.08448711282372579
protein_sample,295.0,0.06518350248652999
protein_sample,296.0,0.048249206568395736
protein_sample,297.0,0.036040125525803914
protein_sample,298.0,0.02583208525670931
protein_sample,299.0,0.029467134373760345
protein_sample,300.0,0.02598707877378013
protein_sample,301.0,0.024234229749076155
protein_sample,302.0,0.024129753790342125
protein_sample,303.0,0.02424725367503166
protein_sample,304.0,0.02167736569552074
protein_sample,305.0,0.023788225082388113
protein_sample,306.0,0.021850317990167213
protein_sample,307.0,0.023229490409250833
protein_sample,308.0,0.02325945921407299
protein_sample,309.0,0.024041327835750206
protein_sample,310.0,0.020897447847977587
protein_sample,311.0,0.022281620559479822
protein_sample,312.0,0.02205390827714372
protein_sample,313.0,0.022859061459295074
protein_sample,314.0,0.020675938184403986
protein_sample,315.0,0.023520228116671385
protein_sample,316.0,0.023563208577767617
protein_sample,317.0,0.023160132785834293
protein_sample,318.0,0.02542131283137438
protein_sample,319.0,0.021079451542694437
protein_sample,320.0,0.022963800498726934
protein_sample,321.0,0.02314635118958446
protein_sample,322.0,0.01827937409356449
protein_sample,323.0,0.024950735110403938
protein_sample,324.0,0.024352023875954035
protein_sample,325.0,0.02946139716258179
protein_sample,326.0,0.026619711276627208
protein_sample,327.0,0.02400541472872033
protein_sample,328.0,0.025739047056536853
protein_sample,329.0,0.02730176219806111
protein_sample,330.0,0.025611411432093705
protein_sample,331.0,0.028007990816806543
protein_sample,332.0,0.026859359073216446
protein_sample,333.0,0.025725063719565705
protein_sample,334.0,0.028862026583591896
protein_sample,335.0,0.02504212693265433
protein_sample,336.0,0.027108805232650298
protein_sample,337.0,0.032088473138672656
protein_sample,338.0,0.026485872243651745
protein_sample,339.0,0.028387047693794073
protein_sample,340.0,0.031946183477527215
protein_sample,341.0,0.030280287556062546
protein_sample,342.0,0.03171914809569073
protein_sample,343.0,0.029066654232632622
protein_sample,344.0,0.02760471463824839
protein_sample,345.0,0.031727623274405564
protein_sample,346.0,0.026922609750933326
protein_sample,347.0,0.03036406665149523
protein_sample,348.0,0.030676981928913407
protein_sample,349.0,0.030999007978810843
protein_sample,350.0,0.02816782360517775
protein_sample,351.0,0.029733716668407607
protein_sample,352.0,0.03040128290867451
protein_sample,353.0,0.029474655439700737
protein_sample,354.0,0.031714195670898886
protein_sample,355.0,0.03265028802869837
protein_sample,356.0,0.033069595220826295
protein_sample,357.0,0.03240608880815186
protein_sample,358.0,0.032740561685147745
protein_sample,359.0,0.032536779474418374
protein_sample,360.0,0.030696248671216352
protein_sample,361.0,0.029172335522860984
protein_sample,362.0,0.031040326664779558
protein_sample,363.0,0.029983025567125808
protein_sample,364.0,0.031704294616228285
protein_sample,365.0,0.031095228929055623
protein_sample,366.0,0.034470232767097056
protein_sample,367.0,0.036597102263716506
protein_sample,368.0,0.036934299668757324
protein_sample,369.0,0.03313609965535508
protein_sample,370.0,0.03312988204510274
protein_sample,371.0,0.037185309362969654
protein_sample,372.0,0.030981683561040876
protein_sample,373.0,0.03840517887611053
protein_sample,374.0,0.0341452312875465
protein_sample,375.0,0.03970251479172538
protein_sample,376.0,0.03282060319384545
protein_sample,377.0,0.036121118824539784
protein_sample,378.0,0.03339972779302983
protein_sample,379.0,0.035059245362317984
protein_sample,380.0,0.03603849136581136
protein_sample,381.0,0.03610986511958045
protein_sample,382.0,0.03728182484435611
protein_sample,383.0,0.04011631890471616
protein_sample,384.0,0.03643119596399683
protein_sample,385.0,0.03490831405877355
protein_sample,386.0,0.03569690795807516
protein_sample,387.0,0.03716895702811881
protein_sample,388.0,0.03845862523263365
protein_sample,389.0,0.038161144221374094
protein_sample,390.0,0.03889477742998952
protein_sample,391.0,0.04142000911231765
protein_sample,392.0,0.03679515880861057
protein_sample,393.0,0.039940352512356475
protein_sample,394.0,0.03939845612995429
protein_sample,395.0,0.03921927834788255
protein_sample,396.0,0.03975368813770178
protein_sample,397.0,0.04106568546773801
protein_sample,398.0,0.03902008230656866
protein_sample,399.0,0.04220467211750799
protein_sample,400.0,0.03724111351166335
protein_sample,401.0,0.03868243673731537
protein_sample,402.0,0.03758276243508274
protein_sample,403.0,0.04290899535183496
protein_sample,404.0,0.03806884225390749
protein_sample,405.0,0.03795606009668422
protein_sample,406.0,0.03981204166780211
protein_sample,407.0,0.04158339367513451
protein_sample,408.0,0.04363534099139815
protein_sample,409.0,0.039341387861852456
protein_sample,410.0,0.03913172516463744
protein_sample,411.0,0.04490770574749619
protein_sample,412.0,0.041652747127733536
protein_sample,413.0,0.04579033964379215
protein_sample,414.0,0.04146018888620249
protein_sample,415.0,0.04322621286363468
protein_sample,416.0,0.0421657009654028
protein_sample,417.0,0.04380361271022973
protein_sample,418.0,0.040723342865791816
protein_sample,419.0,0.04607836946896884
protein_sample,420.0,0.04533185314023588
protein_sample,421.0,0.04333913195271187
protein_sample,422.0,0.04638407435779485
protein_sample,423.0,0.046024738314590856
protein_sample,424.0,0.04570107842714595
protein_sample,425.0,0.04872099771656841
protein_sample,426.0,0.045194672346329574
protein_sample,427.0,0.046368806541769635
protein_sample,428.0,0.04339969218892954
protein_sample,429.0,0.044583384359086466
protein_sample,430.0,0.047670938894849926
protein_sample,431.0,0.043787105982873706
protein_sample,432.0,0.04700355938037496
protein_sample,433.0,0.047526575416190035
protein_sample,434.0,0.046419305817380956
protein_sample,435.0,0.046766201285368306
protein_sample,436.0,0.04555702735001023
protein_sample,437.0,0.04763568124194806
protein_sample,438.0,0.04980566616523711
protein_sample,439.0,0.04783719159657392
protein_sample,440.0,0.047469712902938596
protein_sample,441.0,0.0480782587153182
protein_sample,442.0,0.044839628741958924
protein_sample,443.0,0.048882680677258684
protein_sample,444.0,0.04718543549730134
protein_sample,445.0,0.048901710641825115
protein_sample,446.0,0.0471376647068587
protein_sample,447.0,0.04905643166874444
protein_sample,448.0,0.05208493856891555
protein_sample,449.0,0.05059913673703273
protein_sample,450.0,0.050545462173501934
protein_sample,451.0,0.04881168655227117
protein_sample,452.0,0.04971310226313617
protein_sample,453.0,0.05127297171414279
protein_sample,454.0,0.0496414217152451
protein_sample,455.0,0.04872330903740958
protein_sample,456.0,0.051251592324836774
protein_sample,457.0,0.048890323328383355
protein_sample,458.0,0.05164185585111967
protein_sample,459.0,0.05031481101760251
protein_sample,460.0,0.04929648865474519
protein_sample,461.0,0.05187967732579562
protein_sample,462.0,0.05090501814583072
protein_sample,463.0,0.05473674415327169
protein_sample,464.0,0.05121943440089691
protein_sample,465.0,0.05431313505877863
protein_sample,466.0,0.05052322329941598
protein_sample,467.0,0.051154348972494615
protein_sample,468.0,0.054522416905883504
protein_sample,469.0,0.05642687954759927
protein_sample,470.0,0.05447708345954714
protein_sample,471.0,0.05733976399908418
protein_sample,472.0,0.05505523333922162
protein_sample,473.0,0.05473525037931918
protein_sample,474.0,0.05517972305155851
protein_sample,475.0,0.05356107014129992
protein_sample,476.0,0.05502830969528291
protein_sample,477.0,0.05336718872751117
protein_sample,478.0,0.05586140407500061
protein_sample,479.0,0.05776245257435505
protein_sample,480.0,0.05403430107170268
protein_sample,481.0,0.055781298969013876
protein_sample,482.0,0.059900919610230474
protein_sample,483.0,0.05699248732691835
protein_sample,484.0,0.05491480537114565
protein_sample,485.0,0.05674444760196622
protein_sample,486.0,0.05973598236105277
protein_sample,487.0,0.057098919834974296
protein_sample,488.0,0.0577221030350277
protein_sample,489.0,0.0589598679956807
protein_sample,490.0,0.059317118013452644
protein_sample,491.0,0.05811007540472504
protein_sample,492.0,0.05790831751612093
protein_sample,493.0,0.05806594439716278
protein_sample,494.0,0.05977272784691256
protein_sample,495.0,0.06046386033734964
protein_sample,496.0,0.05919283965898821
protein_sample,497.0,0.05929854989196362
protein_sample,498.0,0.06035907286228694
protein_sample,499.0,0.06104743043640523
protein_sample,500.0,0.059299077235950376
protein_sample,501.0,0.05941908708162038
protein_sample,502.0,0.0599343704061087
protein_sample,503.0,0.058421513703372285
protein_sample,504.0,0.05942641413347936
protein_sample,505.0,0.05633607158655633
protein_sample,506.0,0.06226479433565296
protein_sample,507.0,0.06166935886100139
protein_sample,508.0,0.06567545799236373
protein_sample,509.0,0.060128642413405556
protein_sample,510.0,0.06314671974602404
protein_sample,511.0,0.06325005105074301
protein_sample,512.0,0.06176512234908786
protein_sample,513.0,0.06327747225409842
protein_sample,514.0,0.06299181539948935
protein_sample,515.0,0.060948402531466044
protein_sample,516.0,0.06421657007997823
protein_sample,517.0,0.06623919782880675
protein_sample,518.0,0.06306873608893888
protein_sample,519.0,0.06185193804766322
protein_sample,520.0,0.06490917228406763
protein_sample,521.0,0.06986062439139418
protein_sample,522.0,0.06267526277496932
protein_sample,523.0,0.06480351627031877
protein_sample,524.0,0.06543898901452308
protein_sample,525.0,0.06730430911262286
protein_sample,526.0,0.06619101985674038
protein_sample,527.0,0.06297176240305075
protein_sample,528.0,0.0656763013248134
protein_sample,529.0,0.06730848377199292
protein_sample,530.0,0.06466881503207571
protein_sample,531.0,0.06679174300082953
protein_sample,532.0,0.06803345747661523
protein_sample,533.0,0.0638097963289426
protein_sample,534.0,0.06724276770957455
protein_sample,535.0,0.06526729044862807
protein_sample,536.0,0.06446152639566699
protein_sample,537.0,0.0676565519935218
protein_sample,538.0,0.06505849180364298
protein_sample,539.0,0.06854302436333287
protein_sample,540.0,0.06999673587153948
protein_sample,541.0,0.06583633264205409
protein_sample,542.0,0.07010631254835202
protein_sample,543.0,0.06703431091894317
protein_sample,544.0,0.06711738301943519
protein_sample,545.0,0.07014027634341882
protein_sample,546.0,0.07294983995828871
protein_sample,547.0,0.07302843319880285
protein_sample,548.0,0.06765626934457829
protein_sample,549.0,0.07404644231601372
protein_sample,550.0,0.07271512287480528
protein_sample,551.0,0.06804512795880731
protein_sample,552.0,0.07089682719356218
protein_sample,553.0,0.06848278345200196
protein_sample,554.0,0.07210130112570855
protein_sample,555.0,0.07174650766380238
protein_sample,556.0,0.07218563317069704
protein_sample,557.0,0.07278782696094048
protein_sample,558.0,0.07150204656887743
protein_sample,559.0,0.07097167868638769
protein_sample,560.0,0.07634652414797505
protein_sample,561.0,0.07093040748853775
protein_sample,562.0,0.07341030299669463
protein_sample,563.0,0.07387038600314146
protein_sample,564.0,0.07230175164049855
protein_sample,565.0,0.0722758636213952
protein_sample,566.0,0.07154705284341296
protein_sample,567.0,0.07181051019698062
protein_sample,568.0,0.07028277454977565
protein_sample,569.0,0.07658522188486155
protein_sample,570.0,0.07267685782559227
protein_sample,571.0,0.07369792837206604
protein_sample,572.0,0.07433723120845376
protein_sample,573.0,0.07265775501601184
protein_sample,574.0,0.0734379851157598
protein_sample,575.0,0.07447428306392402
protein_sample,576.0,0.07466125089803664
protein_sample,577.0,0.07535957012004435
protein_sample,578.0,0.07535212894839163
protein_sample,579.0,0.07502890644792326
protein_sample,580.0,0.07968334827598646
protein_sample,581.0,0.08129644023812806
protein_sample,582.0,0.0738692290455348
protein_sample,583.0,0.07441870823853397
protein_sample,584.0,0.07791274677632219
protein_sample,585.0,0.07546385900460854
protein_sample,586.0,0.07737307549799997
protein_sample,587.0,0.07779035326219363
protein_sample,588.0,0.07660388276915692
protein_sample,589.0,0.07911214391603456
protein_sample,590.0,0.07719281084865887
protein_sample,591.0,0.08050709753608286
protein_sample,592.0,0.07805455998177774
protein_sample,593.0,0.07747695807046852
protein_sample,594.0,0.07563648237295137
protein_sample,595.0,0.07670775284694911
protein_sample,596.0,0.08130299152255777
protein_sample,597.0,0.0854936675506151
protein_sample,598.0,0.0775134183991705
protein_sample,599.0,0.07957976477188158
protein_sample,600.0,0.0798615046997683
protein_sample,601.0,0.07737501248300052
protein_sample,602.0,0.08299652033378707
protein_sample,603.0,0.07859414374674603
protein_sample,604.0,0.07963684633874084
protein_sample,605.0,0.0818929125961995
protein_sample,606.0,0.07903442992725619
protein_sample,607.0,0.08361241913652215
protein_sample,608.0,0.08141098325597129
protein_sample,609.0,0.08102499161949821
protein_sample,610.0,0.08095270003470023
protein_sample,611.0,0.0814285097892969
protein_sample,612.0,0.07941610331622988
protein_sample,613.0,0.08403787432335033
protein_sample,614.0,0.08409045655837803
protein_sample,615.0,0.08458037141302498
protein_sample,616.0,0.08231497359551289
protein_sample,617.0,0.08040296829741513
protein_sample,618.0,0.08311833843095554
protein_sample,619.0,0.08531721520616574
protein_sample,620.0,0.08694523810658357
protein_sample,621.0,0.08389127027418974
protein_sample,622.0,0.08034537568485717
protein_sample,623.0,0.08458259195030184
protein_sample,624.0,0.08428060233960925
protein_sample,625.0,0.08627433656729068
protein_sample,626.0,0.08663597006169713
protein_sample,627.0,0.08470875439175408
protein_sample,628.0,0.08651579630325743
protein_sample,629.0,0.08698992327183028
protein_sample,630.0,0.08396362931143443
protein_sample,631.0,0.0886732741273671
protein_sample,632.0,0.0874049146096747
protein_sample,633.0,0.08684173315124172
protein_sample,634.0,0.08016910110689766
protein_sample,635.0,0.08882783983305347
protein_sample,636.0,0.08573061049843501
protein_sample,637.0,0.0844362592084073
protein_sample,638.0,0.09073014916389993
protein_sample,639.0,0.08669836881687462
protein_sample,640.0,0.08890189623228846
protein_sample,641.0,0.08701563887369522
protein_sample,642.0,0.09116545604007145
protein_sample,643.0,0.08908821424559168
protein_sample,644.0,0.0898441228823508
protein_sample,645.0,0.08754545634358381
protein_sample,646.0,0.08906217655147285
protein_sample,647.0,0.08754979083879078
protein_sample,648.0,0.09000873624253604
protein_sample,649.0,0.09138569874236979
protein_sample,650.0,0.08674061497111096
protein_sample,651.0,0.08791896750638592
protein_sample,652.0,0.0909569257561578
protein_sample,653.0,0.09003590350442851
protein_sample,654.0,0.09201206455460931
protein_sample,655.0,0.09155923092771141
protein_sample,656.0,0.08975202581854322
protein_sample,657.0,0.0906575984952281
protein_sample,658.0,0.08889676172642062
protein_sample,659.0,0.09234915379709512
protein_sample,660.0,0.0882816523879978
protein_sample,661.0,0.09034064530227065
protein_sample,662.0,0.09293836593880611
protein_sample,663.0,0.09262713813179528
protein_sample,664.0,0.09242964122672567
protein_sample,665.0,0.08899975840355201
protein_sample,666.0,0.08982875167076981
protein_sample,667.0,0.09304904830681393
protein_sample,668.0,0.09533846227544884
protein_sample,669.0,0.09227352278311994
protein_sample,670.0,0.09466025481376888
protein_sample,671.0,0.09287142012369638
protein_sample,672.0,0.09454865009188496
protein_sample,673.0,0.09423549010593565
protein_sample,674.0,0.09475032171991438
protein_sample,675.0,0.09376387632283473
protein_sample,676.0,0.09741148689452246
protein_sample,677.0,0.09638935417601455
protein_sample,678.0,0.09485397436023994
protein_sample,679.0,0.09841520054532228
protein_sample,680.0,0.09547978918529886
protein_sample,681.0,0.09587686258326919
protein_sample,682.0,0.09748524355838664
protein_sample,683.0,0.09855016829807721
protein_sample,684.0,0.09427267496982683
protein_sample,685.0,0.095932688580825
protein_sample,686.0,0.09629130899451052
protein_sample,687.0,0.09902483955019607
protein_sample,688.0,0.09889958570136562
protein_sample,689.0,0.10051134862229737
protein_sample,690.0,0.09910269064547451
protein_sample,691.0,0.09827117959160424
protein_sample,692.0,0.09844156339014365
protein_sample,693.0,0.09871693796034861
protein_sample,694.0,0.09869981171857874
protein_sample,695.0,0.09759536866630002
protein_sample,696.0,0.10073287370267181
protein_sample,697.0,0.09864628100258145
protein_sample,698.0,0.1004225070733861
protein_sample,699.0,0.09893011452909742
protein_sample,700.0,0.09902815802600308
protein_sample,701.0,0.10069256069312707
protein_sample,702.0,0.09824384352426542
protein_sample,703.0,0.10141059546864359
protein_sample,704.0,0.10212093188419712
protein_sample,705.0,0.10198524361498977
protein_sample,706.0,0.10068790722299222
protein_sample,707.0,0.10157493047305889
protein_sample,708.0,0.10313763304526502
protein_sample,709.0,0.0990601240736428
protein_sample,710.0,0.10338659511639081
protein_sample,711.0,0.10535011488130103
protein_sample,712.0,0.10344658075696855
protein_sample,713.0,0.10152231517965007
protein_sample,714.0,0.10392473903752994
protein_sample,715.0,0.10551262090031838
protein_sample,716.0,0.10456140874112618
protein_sample,717.0,0.10090729195799743
protein_sample,718.0,0.10042222328918565
protein_sample,719.0,0.10270039694876375
protein_sample,720.0,0.10082880403439504
protein_sample,721.0,0.10449014503643235
protein_sample,722.0,0.1060475020957482
protein_sample,723.0,0.10528421211815221
protein_sample,724.0,0.1049173297881343
protein_sample,725.0,0.1032475975387601
protein_sample,726.0,0.10342201251469954
protein_sample,727.0,0.10417828011886884
protein_sample,728.0,0.1069683963603424
protein_sample,729.0,0.10583384876967636
protein_sample,730.0,0.10530359826486523
protein_sample,731.0,0.10794629119300314
protein_sample,732.0,0.1057008783976277
protein_sample,733.0,0.10660830462162603
protein_sample,734.0,0.10725659208258974
protein_sample,735.0,0.10784230077536901
protein_sample,736.0,0.1037148510790462
protein_sample,737.0,0.10980108796165965
protein_sample,738.0,0.10597913980110195
protein_sample,739.0,0.10803768671880977
protein_sample,740.0,0.10682323704445573
protein_sample,741.0,0.10842807505731941
protein_sample,742.0,0.10753196700573858
protein_sample,743.0,0.10994265928230552
protein_sample,744.0,0.10837875106161436
protein_sample,745.0,0.10667387718821103
protein_sample,746.0,0.11172402970117137
protein_sample,747.0,0.11244406337375569
protein_sample,748.0,0.11129344266841669
protein_sample,749.0,0.10906218348890938
protein_sample,750.0,0.11308736276211703
protein_sample,751.0,0.10879123866732598
protein_sample,752.0,0.11040258518593235
protein_sample,753.0,0.11147840374363224
protein_sample,754.0,0.11121135838860215
protein_sample,755.0,0.1126756859336188
protein_sample,756.0,0.10828142260754382
protein_sample,757.0,0.1104358578592968
protein_sample,758.0,0.1131344184803214
protein_sample,759.0,0.11447685399038839
protein_sample,760.0,0.11308144090683411
protein_sample,761.0,0.11156276694174544
protein_sample,762.0,0.11685002869620174
protein_sample,763.0,0.11347501419866408
protein_sample,764.0,0.11356869849114917
protein_sample,765.0,0.10885869322029494
protein_sample,766.0,0.11074090484007454
protein_sample,767.0,0.1139032630132904
protein_sample,768.0,0.11574933797799211
protein_sample,769.0,0.11505315828923109
protein_sample,770.0,0.11440004972542171
protein_sample,771.0,0.11399928071493683
protein_sample,772.0,0.11351500791665836
protein_sample,773.0,0.11420547679220652
protein_sample,774.0,0.11580005037965012
protein_sample,775.0,0.11432248235868471
protein_sample,776.0,0.11382273123861301
protein_sample,777.0,0.11720033510267867
protein_sample,778.0,0.1159678168319358
protein_sample,779.0,0.11775725691869979
protein_sample,780.0,0.1174465709514591
protein_sample,781.0,0.11829675693573259
protein_sample,782.0,0.11594203290621462
protein_sample,783.0,0.11866343144114427
protein_sample,784.0,0.11840755224035723
protein_sample,785.0,0.11277426913570215
protein_sample,786.0,0.11784981698508439
protein_sample,787.0,0.11261318730092783
protein_sample,788.0,0.11736767282154768
protein_sample,789.0,0.11709069758069544
protein_sample,790.0,0.11787640094703909
protein_sample,791.0,0.1183490049017646
protein_sample,792.0,0.11944236747688741
protein_sample,793.0,0.11788888782109858
protein_sample,794.0,0.12257160297522306
protein_sample,795.0,0.11805799047796921
protein_sample,796.0,0.11739007409555857
protein_sample,797.0,0.11956299848009719
protein_sample,798.0,0.11907381643053949
protein_sample,799.0,0.12227972471687172
protein_sample,800.0,0.12076280768711985
chromophore_sample,200.0,0.002277439218491942
chromophore_sample,201.0,0.002116344962065628
chromophore_sample,202.0,0.005391898974119056
chromophore_sample,203.0,-0.0007042149262172035
chromophore_sample,204.0,0.0011186255809308367
chromophore_sample,205.0,-0.0032891346475889443
chromophore_sample,206.0,0.00010371278310487972
chromophore_sample,207.0,0.0016135696402214631
chromophore_sample,208.0,0.0042587416758099
chromophore_sample,209.0,0.002804694945724627
chromophore_sample,210.0,0.006292807826191126
chromophore_sample,211.0,0.007364282229308405
chromophore_sample,212.0,0.0039056676435448526
chromophore_sample,213.0,-0.001886549853439421
chromophore_sample,214.0,-9.222817905224631e-05
chromophore_sample,215.0,-0.0012630234251002834
chromophore_sample,216.0,0.0034898478403505807
chromophore_sample,217.0,0.0008267739861039986
chromophore_sample,218.0,0.00370693688595554
chromophore_sample,219.0,0.004004673736584285
chromophore_sample,220.0,0.0017458472723913656
chromophore_sample,221.0,0.0040299285756069505
chromophore_sample,222.0,0.00528192139355071
chromophore_sample,223.0,0.003923640571704601
chromophore_sample,224.0,0.0074614773340064815
chromophore_sample,225.0,-0.0008286255599163125
chromophore_sample,226.0,0.0016438491306984939
chromophore_sample,227.0,0.004864691797445571
chromophore_sample,228.0,0.004074492098610841
chromophore_sample,229.0,0.009623088860190306
chromophore_sample,230.0,0.003334439819951819
chromophore_sample,231.0,0.005265175316452044
chromophore_sample,232.0,0.0072911647343761555
chromophore_sample,233.0,0.006221847431319166
chromophore_sample,234.0,0.007031956185064918
chromophore_sample,235.0,0.008564641224514002
chromophore_sample,236.0,0.01160740856220486
chromophore_sample,237.0,0.007126138399938212
chromophore_sample,238.0,0.0074811449439186545
chromophore_sample,239.0,0.005385242686318943
chromophore_sample,240.0,0.011857020042894613
chromophore_sample,241.0,0.013615998011880216
chromophore_sample,242.0,0.009193769081495225
chromophore_sample,243.0,0.00940864823139161
chromophore_sample,244.0,0.017133713737157975
chromophore_sample,245.0,0.019079543406800733
chromophore_sample,246.0,0.02593791366237357
chromophore_sample,247.0,0.029031882689998328
chromophore_sample,248.0,0.03348389949472384
chromophore_sample,249.0,0.0443223474111228
chromophore_sample,250.0,0.06132224932409374
chromophore_sample,251.0,0.07281103622952045
chromophore_sample,252.0,0.09354815291088467
chromophore_sample,253.0,0.11369537318822028
chromophore_sample,254.0,0.12852844351971382
chromophore_sample,255.0,0.1526767631598618
chromophore_sample,256.0,0.16568357828887142
chromophore_sample,257.0,0.18554661900225364
chromophore_sample,258.0,0.19840523818103292
chromophore_sample,259.0,0.2084268013108652
chromophore_sample,260.0,0.210785312955268
chromophore_sample,261.0,0.21020270191220317
chromophore_sample,262.0,0.19817344613154467
chromophore_sample,263.0,0.19031829304562728
chromophore_sample,264.0,0.17083585121346223
chromophore_sample,265.0,0.1572267105356922
chromophore_sample,266.0,0.13659601711916203
chromophore_sample,267.0,0.1131754257387764
chromophore_sample,268.0,0.09435127178954052
chromophore_sample,269.0,0.08399848996821807
chromophore_sample,270.0,0.06126723696260267
chromophore_sample,271.0,0.052505585649226104
chromophore_sample,272.0,0.04387334195804438
chromophore_sample,273.0,0.035397577152224656
chromophore_sample,274.0,0.030449067847074972
chromophore_sample,275.0,0.028354702358585192
chromophore_sample,276.0,0.016676354247322375
chromophore_sample,277.0,0.02074577130384952
chromophore_sample,278.0,0.02352292765295269
chromophore_sample,279.0,0.014000197718914188
chromophore_sample,280.0,0.015039914637838454
chromophore_sample,281.0,0.018084822089851214
chromophore_sample,282.0,0.014736356072741378
chromophore_sample,283.0,0.01940415267472701
chromophore_sample,284.0,0.017990188154530535
chromophore_sample,285.0,0.024603331266637985
chromophore_sample,286.0,0.020653962897865856
chromophore_sample,287.0,0.018434900288942024
chromophore_sample,288.0,0.023048949000271317
chromophore_sample,289.0,0.018031533763409914
chromophore_sample,290.0,0.025714315105938274
chromophore_sample,291.0,0.01611582868891558
chromophore_sample,292.0,0.01884564027903333
chromophore_sample,293.0,0.01932167814010221
chromophore_sample,294.0,0.017673640826898988
chromophore_sample,295.0,0.018777436500637346
chromophore_sample,296.0,0.017995535942629183
chromophore_sample,297.0,0.020267681972676886
chromophore_sample,298.0,0.021535220466625305
chromophore_sample,299.0,0.023385954453841028
chromophore_sample,300.0,0.01764624247109148
chromophore_sample,301.0,0.01475063449383614
chromophore_sample,302.0,0.02105190584334514
chromophore_sample,303.0,0.015353747959502017
chromophore_sample,304.0,0.019930533921697125
chromophore_sample,305.0,0.02105691988830506
chromophore_sample,306.0,0.0262566771287705
chromophore_sample,307.0,0.02798529411447333
chromophore_sample,308.0,0.023034099290946887
chromophore_sample,309.0,0.018211750436945656
chromophore_sample,310.0,0.02230297524797781
chromophore_sample,311.0,0.024346965670346173
chromophore_sample,312.0,0.018595577605772226
chromophore_sample,313.0,0.020247520449828763
chromophore_sample,314.0,0.02282883110224664
chromophore_sample,315.0,0.01964115897559268
chromophore_sample,316.0,0.02428834741040543
chromophore_sample,317.0,0.021577074672690877
chromophore_sample,318.0,0.023005540873003327
chromophore_sample,319.0,0.026029836023059028
chromophore_sample,320.0,0.0203753985674267
chromophore_sample,321.0,0.026112635769652483
chromophore_sample,322.0,0.02347313272639418
chromophore_sample,323.0,0.02726152482271183
chromophore_sample,324.0,0.02044347774993306
chromophore_sample,325.0,0.019032879971477706
chromophore_sample,326.0,0.02506629814042071
chromophore_sample,327.0,0.02723950882229747
chromophore_sample,328.0,0.02743609418258255
chromophore_sample,329.0,0.02758979625320169
chromophore_sample,330.0,0.021665275276911835
chromophore_sample,331.0,0.03061049310113502
chromophore_sample,332.0,0.026621460182303252
chromophore_sample,333.0,0.027436231485373597
chromophore_sample,334.0,0.028919973328414027
chromophore_sample,335.0,0.022150984470047628
chromophore_sample,336.0,0.025735938712541345
chromophore_sample,337.0,0.025931585388326312
chromophore_sample,338.0,0.028338096721875213
chromophore_sample,339.0,0.02454103846741045
chromophore_sample,340.0,0.03174672215127586
chromophore_sample,341.0,0.03141866136981323
chromophore_sample,342.0,0.029412143353672194
chromophore_sample,343.0,0.030076247484865343
chromophore_sample,344.0,0.030263922351627018
chromophore_sample,345.0,0.03282492617075146
chromophore_sample,346.0,0.029032916801523655
chromophore_sample,347.0,0.028699488253437568
chromophore_sample,348.0,0.03447294287945431
chromophore_sample,349.0,0.035695972146668746
chromophore_sample,350.0,0.029272916944419268
chromophore_sample,351.0,0.03473902138837157
chromophore_sample,352.0,0.029217313291633032
chromophore_sample,353.0,0.03148326654807831
chromophore_sample,354.0,0.0333480550374431
chromophore_sample,355.0,0.030607534817823637
chromophore_sample,356.0,0.02960969217501025
chromophore_sample,357.0,0.03180934863020644
chromophore_sample,358.0,0.029733356472947937
chromophore_sample,359.0,0.03241770583111741
chromophore_sample,360.0,0.030632120057854016
chromophore_sample,361.0,0.02785253002432503
chromophore_sample,362.0,0.028046789437661642
chromophore_sample,363.0,0.03325343710934576
chromophore_sample,364.0,0.028189335741124553
chromophore_sample,365.0,0.03172382198147981
chromophore_sample,366.0,0.04072813861741264
chromophore_sample,367.0,0.03814033697348917
chromophore_sample,368.0,0.03806627969348761
chromophore_sample,369.0,0.04008258066810372
chromophore_sample,370.0,0.03140527165391405
chromophore_sample,371.0,0.03332775872482403
chromophore_sample,372.0,0.03621913388192604
chromophore_sample,373.0,0.0360465104755283
chromophore_sample,374.0,0.037738274865471814
chromophore_sample,375.0,0.033840035033160396
chromophore_sample,376.0,0.0337357082890912
chromophore_sample,377.0,0.03655641822710034
chromophore_sample,378.0,0.03701019378527611
chromophore_sample,379.0,0.03648865129017427
chromophore_sample,380.0,0.038562131170531845
chromophore_sample,381.0,0.04416018788868717
chromophore_sample,382.0,0.04149629783292168
chromophore_sample,383.0,0.0373179221806879
chromophore_sample,384.0,0.041063324543707404
chromophore_sample,385.0,0.035304487348016396
chromophore_sample,386.0,0.03918734271200583
chromophore_sample,387.0,0.03775345389883822
chromophore_sample,388.0,0.033073700729074625
chromophore_sample,389.0,0.041350559457020875
chromophore_sample,390.0,0.03554882130700154
chromophore_sample,391.0,0.03878152189912495
chromophore_sample,392.0,0.041232031269708896
chromophore_sample,393.0,0.037365075705456996
chromophore_sample,394.0,0.03694215041770086
chromophore_sample,395.0,0.03853524705901191
chromophore_sample,396.0,0.04362189827176723
chromophore_sample,397.0,0.04430188138695467
chromophore_sample,398.0,0.04565645409744444
chromophore_sample,399.0,0.04890167420452425
chromophore_sample,400.0,0.05239792890509133
chromophore_sample,401.0,0.05390430592282552
chromophore_sample,402.0,0.05958125078915913
chromophore_sample,403.0,0.05988972403142239
chromophore_sample,404.0,0.06979647374062217
chromophore_sample,405.0,0.07692636716606671
chromophore_sample,406.0,0.07856244972140553
chromophore_sample,407.0,0.09797119390807298
chromophore_sample,408.0,0.11134742938724103
chromophore_sample,409.0,0.1334011420588148
chromophore_sample,410.0,0.15057080872619236
chromophore_sample,411.0,0.17622972470810325
chromophore_sample,412.0,0.20437565627515342
chromophore_sample,413.0,0.22567324888438642
chromophore_sample,414.0,0.26343906256402827
chromophore_sample,415.0,0.3011276152272479
chromophore_sample,416.0,0.34088171493954816
chromophore_sample,417.0,0.3868086310685327
chromophore_sample,418.0,0.43931871964978014
chromophore_sample,419.0,0.4685239861382219
chromophore_sample,420.0,0.5316685279603932
chromophore_sample,421.0,0.5789792147741131
chromophore_sample,422.0,0.6259512938944447
chromophore_sample,423.0,0.6734040705569254
chromophore_sample,424.0,0.7100249995331901
chromophore_sample,425.0,0.743968097510702
chromophore_sample,426.0,0.7814454428479264
chromophore_sample,427.0,0.8128264892828518
chromophore_sample,428.0,0.8273463681538211
chromophore_sample,429.0,0.8479697369441964
chromophore_sample,430.0,0.845048515209231
chromophore_sample,431.0,0.8424715838116261
chromophore_sample,432.0,0.8308506155620099
chromophore_sample,433.0,0.8106960621735078
chromophore_sample,434.0,0.7861536559762663
chromophore_sample,435.0,0.7568371787860956
chromophore_sample,436.0,0.7201227675355947
chromophore_sample,437.0,0.667211440566379
chromophore_sample,438.0,0.6276665181516404
chromophore_sample,439.0,0.5795820507050995
chromophore_sample,440.0,0.5336522549682259
chromophore_sample,441.0,0.4834017595156797
chromophore_sample,442.0,0.43571756725615113
chromophore_sample,443.0,0.3918298477403159
chromophore_sample,444.0,0.3488494432621612
chromophore_sample,445.0,0.3052513718849677
chromophore_sample,446.0,0.27212567162846385
chromophore_sample,447.0,0.2378432993309229
chromophore_sample,448.0,0.20490933643008657
chromophore_sample,449.0,0.18390450993844162
chromophore_sample,450.0,0.15776777279088455
chromophore_sample,451.0,0.13973176606193524
chromophore_sample,452.0,0.12422017494157657
chromophore_sample,453.0,0.10647087892924856
chromophore_sample,454.0,0.0947215450900728
chromophore_sample,455.0,0.08527560146726446
chromophore_sample,456.0,0.0793960314626628
chromophore_sample,457.0,0.07123683930511837
chromophore_sample,458.0,0.06830399969208258
chromophore_sample,459.0,0.06782073650164125
chromophore_sample,460.0,0.06542414796016037
chromophore_sample,461.0,0.054940654031730055
chromophore_sample,462.0,0.05768549845603508
chromophore_sample,463.0,0.05583977636526309
chromophore_sample,464.0,0.06336125962442155
chromophore_sample,465.0,0.052262296410733454
chromophore_sample,466.0,0.05207677629771234
chromophore_sample,467.0,0.0511394406784827
chromophore_sample,468.0,0.057292480170888345
chromophore_sample,469.0,0.053779655096853216
chromophore_sample,470.0,0.05534880802116804
chromophore_sample,471.0,0.051578278624562865
chromophore_sample,472.0,0.05273628926877668
chromophore_sample,473.0,0.05912921832180839
chromophore_sample,474.0,0.0534960137593641
chromophore_sample,475.0,0.05775347222312725
chromophore_sample,476.0,0.05260082517949572
chromophore_sample,477.0,0.05789182216226838
chromophore_sample,478.0,0.05596695297743791
chromophore_sample,479.0,0.05486148170087946
chromophore_sample,480.0,0.06365476351232087
chromophore_sample,481.0,0.06031873445881446
chromophore_sample,482.0,0.05776631560188076
chromophore_sample,483.0,0.052696613038694606
chromophore_sample,484.0,0.05894754716738943
chromophore_sample,485.0,0.055872100234744315
chromophore_sample,486.0,0.058205493583534086
chromophore_sample,487.0,0.05395137219868528
chromophore_sample,488.0,0.0561791689737619
chromophore_sample,489.0,0.058303211728837255
chromophore_sample,490.0,0.05927732308853235
chromophore_sample,491.0,0.05851199808864697
chromophore_sample,492.0,0.05610422006689735
chromophore_sample,493.0,0.060740233498826374
chromophore_sample,494.0,0.05739265291579649
chromophore_sample,495.0,0.05795413355510192
chromophore_sample,496.0,0.05406694751818331
chromophore_sample,497.0,0.058239996631902415
chromophore_sample,498.0,0.05850592426843286
chromophore_sample,499.0,0.05833413053115307
chromophore_sample,500.0,0.058586162503128494
chromophore_sample,501.0,0.06045464566370727
chromophore_sample,502.0,0.06304068501250655
chromophore_sample,503.0,0.059760093540184134
chromophore_sample,504.0,0.0584532095286428
chromophore_sample,505.0,0.05940092362738937
chromophore_sample,506.0,0.06002077004608264
chromophore_sample,507.0,0.06122419899611903
chromophore_sample,508.0,0.059612180147854896
chromophore_sample,509.0,0.0576860565778682
chromophore_sample,510.0,0.061635220222651076
chromophore_sample,511.0,0.06435865354750274
chromophore_sample,512.0,0.06816283744638922
chromophore_sample,513.0,0.06463924747526396
chromophore_sample,514.0,0.058186904911835834
chromophore_sample,515.0,0.05881401011019258
chromophore_sample,516.0,0.0614669863076273
chromophore_sample,517.0,0.0658047608016048
chromophore_sample,518.0,0.05750740886432371
chromophore_sample,519.0,0.06274008236075915
chromophore_sample,520.0,0.0642352441932155
chromophore_sample,521.0,0.06651624017115706
chromophore_sample,522.0,0.06603583633070836
chromophore_sample,523.0,0.06175150790609864
chromophore_sample,524.0,0.06353022138794669
chromophore_sample,525.0,0.06439668929048907
chromophore_sample,526.0,0.06587110892154534
chromophore_sample,527.0,0.06237022783042175
chromophore_sample,528.0,0.06952511988778196
chromophore_sample,529.0,0.06471173252924838
chromophore_sample,530.0,0.06346586017725847
chromophore_sample,531.0,0.06973159216653785
chromophore_sample,532.0,0.06356564491526648
chromophore_sample,533.0,0.06940657280528174
chromophore_sample,534.0,0.06458478403009861
chromophore_sample,535.0,0.06657426128869523
chromophore_sample,536.0,0.06798313678920008
chromophore_sample,537.0,0.06424984866904004
chromophore_sample,538.0,0.0633615970788027
chromophore_sample,539.0,0.07087019049701976
chromophore_sample,540.0,0.06294715762584085
chromophore_sample,541.0,0.06334153233563375
chromophore_sample,542.0,0.06148752131398328
chromophore_sample,543.0,0.07246674063391144
chromophore_sample,544.0,0.07050825893923666
chromophore_sample,545.0,0.06963094286963342
chromophore_sample,546.0,0.06891730382495598
chromophore_sample,547.0,0.06935091889404167
chromophore_sample,548.0,0.071990385795516
chromophore_sample,549.0,0.07290667103751182
chromophore_sample,550.0,0.07007194118618036
chromophore_sample,551.0,0.07118474629780157
chromophore_sample,552.0,0.06979791111282452
chromophore_sample,553.0,0.07542641397047474
chromophore_sample,554.0,0.06828623963644286
chromophore_sample,555.0,0.0673986505419983
chromophore_sample,556.0,0.0719760495245884
chromophore_sample,557.0,0.07626971952667579
chromophore_sample,558.0,0.07193832872605914
chromophore_sample,559.0,0.0762427263996689
chromophore_sample,560.0,0.07295677367325315
chromophore_sample,561.0,0.07387708800002185
chromophore_sample,562.0,0.07484053935775843
chromophore_sample,563.0,0.07090611936825103
chromophore_sample,564.0,0.07253157855934936
chromophore_sample,565.0,0.07565069394644064
chromophore_sample,566.0,0.07047338368312388
chromophore_sample,567.0,0.07399368478572517
chromophore_sample,568.0,0.07458722114829454
chromophore_sample,569.0,0.06941778509881028
chromophore_sample,570.0,0.07321251822017015
chromophore_sample,571.0,0.0738636874943806
chromophore_sample,572.0,0.07260527289546813
chromophore_sample,573.0,0.06996722007477742
chromophore_sample,574.0,0.07747975512704273
chromophore_sample,575.0,0.07410752523961699
chromophore_sample,576.0,0.07783942147539775
chromophore_sample,577.0,0.07130862248890404
chromophore_sample,578.0,0.07523202853462978
chromophore_sample,579.0,0.07857359506265194
chromophore_sample,580.0,0.07396460200704323
chromophore_sample,581.0,0.07363610407028526
chromophore_sample,582.0,0.076898787404827
chromophore_sample,583.0,0.07920641187125112
chromophore_sample,584.0,0.07665390816352345
chromophore_sample,585.0,0.07713997620238516
chromophore_sample,586.0,0.07447973157568978
chromophore_sample,587.0,0.0746170071681009
chromophore_sample,588.0,0.07923323223652504
chromophore_sample,589.0,0.08224285598435693
chromophore_sample,590.0,0.07390862671399749
chromophore_sample,591.0,0.07858687230388657
chromophore_sample,592.0,0.07839704343427774
chromophore_sample,593.0,0.0839181526432479
chromophore_sample,594.0,0.07846141858178374
chromophore_sample,595.0,0.0792724208413815
chromophore_sample,596.0,0.07894015190852996
chromophore_sample,597.0,0.07293150835643905
chromophore_sample,598.0,0.07708280596387912
chromophore_sample,599.0,0.07838937703274314
chromophore_sample,600.0,0.08042488007896037
chromophore_sample,601.0,0.0856353089598667
chromophore_sample,602.0,0.07835324011999897
chromophore_sample,603.0,0.0852859135882601
chromophore_sample,604.0,0.07744623989445393
chromophore_sample,605.0,0.07606320342572333
chromophore_sample,606.0,0.08347539013450989
chromophore_sample,607.0,0.0839981119238261
chromophore_sample,608.0,0.08061941786800758
chromophore_sample,609.0,0.08211271689926848
chromophore_sample,610.0,0.08180203355836983
chromophore_sample,611.0,0.07769558085949646
chromophore_sample,612.0,0.08131936969772571
chromophore_sample,613.0,0.0872977026256669
chromophore_sample,614.0,0.08627054674121794
chromophore_sample,615.0,0.08316662808564845
chromophore_sample,616.0,0.08579453419965397
chromophore_sample,617.0,0.07845559687231202
chromophore_sample,618.0,0.08436387241386763
chromophore_sample,619.0,0.08164985305432768
chromophore_sample,620.0,0.08624813659342502
chromophore_sample,621.0,0.08356034504199768
chromophore_sample,622.0,0.08784987789664354
chromophore_sample,623.0,0.08447210843772167
chromophore_sample,624.0,0.08756703694146256
chromophore_sample,625.0,0.08375245953385119
chromophore_sample,626.0,0.08560355790559067
chromophore_sample,627.0,0.0823839588107391
chromophore_sample,628.0,0.08477674765933123
chromophore_sample,629.0,0.08649735116059414
chromophore_sample,630.0,0.08426993081160128
chromophore_sample,631.0,0.0884571667013282
chromophore_sample,632.0,0.0861603542858611
chromophore_sample,633.0,0.08493418313477953
chromophore_sample,634.0,0.09021444625203347
chromophore_sample,635.0,0.08574675491866554
chromophore_sample,636.0,0.08343423866832016
chromophore_sample,637.0,0.08395916077562904
chromophore_sample,638.0,0.09036735855113087
chromophore_sample,639.0,0.08609363417949677
chromophore_sample,640.0,0.08334798448044377
chromophore_sample,641.0,0.0838822493932997
chromophore_sample,642.0,0.09282658102792486
chromophore_sample,643.0,0.08580836776689527
chromophore_sample,644.0,0.09284585625924677
chromophore_sample,645.0,0.0889229834838419
chromophore_sample,646.0,0.0926673627133742
chromophore_sample,647.0,0.09397749507098525
chromophore_sample,648.0,0.08953219864024597
chromophore_sample,649.0,0.09386043685209029
chromophore_sample,650.0,0.08446506431244963
chromophore_sample,651.0,0.09167765763888748
chromophore_sample,652.0,0.09242072173643331
chromophore_sample,653.0,0.08939880591492351
chromophore_sample,654.0,0.09084417557143383
chromophore_sample,655.0,0.09044718034594053
chromophore_sample,656.0,0.08816391841067504
chromophore_sample,657.0,0.09259508678060102
chromophore_sample,658.0,0.09709475016120644
chromophore_sample,659.0,0.08869762420441954
chromophore_sample,660.0,0.0924622678544347
chromophore_sample,661.0,0.09326496109148018
chromophore_sample,662.0,0.09446305870338724
chromophore_sample,663.0,0.09147778187578998
chromophore_sample,664.0,0.09096513651123656
chromophore_sample,665.0,0.094720835895153
chromophore_sample,666.0,0.09261549501060522
chromophore_sample,667.0,0.09208957280942874
chromophore_sample,668.0,0.09635560211455696
chromophore_sample,669.0,0.0942809739491095
chromophore_sample,670.0,0.09344040946578502
chromophore_sample,671.0,0.09544858757439788
chromophore_sample,672.0,0.09323114161783658
chromophore_sample,673.0,0.09455358981236323
chromophore_sample,674.0,0.0928226084523144
chromophore_sample,675.0,0.09464163047910773
chromophore_sample,676.0,0.09422552416687195
chromophore_sample,677.0,0.09740569554422027
chromophore_sample,678.0,0.09376338283580961
chromophore_sample,679.0,0.0936544677104705
chromophore_sample,680.0,0.09679528944425493
chromophore_sample,681.0,0.09980602065650791
chromophore_sample,682.0,0.10034145245443632
chromophore_sample,683.0,0.09620885237150911
chromophore_sample,684.0,0.09926946419463951
chromophore_sample,685.0,0.10003277632902301
chromophore_sample,686.0,0.0974638807113263
chromophore_sample,687.0,0.09932283024680394
chromophore_sample,688.0,0.09187242337672386
chromophore_sample,689.0,0.08968533773546102
chromophore_sample,690.0,0.09306339725035896
chromophore_sample,691.0,0.09691727545105998
chromophore_sample,692.0,0.0985185842150734
chromophore_sample,693.0,0.09804858997244907
chromophore_sample,694.0,0.09418332250515425
chromophore_sample,695.0,0.09941125063641944
chromophore_sample,696.0,0.10396917749079107
chromophore_sample,697.0,0.0953277113417361
chromophore_sample,698.0,0.09739570450385315
chromophore_sample,699.0,0.09785842570833538
chromophore_sample,700.0,0.09676986254290465
chromophore_sample,701.0,0.10208194213982845
chromophore_sample,702.0,0.10087018232292998
chromophore_sample,703.0,0.10181662571867274
chromophore_sample,704.0,0.0997401975149344
chromophore_sample,705.0,0.10620903747736603
chromophore_sample,706.0,0.09724468044126498
chromophore_sample,707.0,0.10183085251792827
chromophore_sample,708.0,0.10345687507347284
chromophore_sample,709.0,0.10309739723567472
chromophore_sample,710.0,0.10374117202621685
chromophore_sample,711.0,0.10149044824669438
chromophore_sample,712.0,0.10031130168442387
chromophore_sample,713.0,0.09824809182157984
chromophore_sample,714.0,0.10221616245164221
chromophore_sample,715.0,0.1007119488064015
chromophore_sample,716.0,0.09923106838608753
chromophore_sample,717.0,0.10543465516855566
chromophore_sample,718.0,0.09920256813538128
chromophore_sample,719.0,0.10244459992893663
chromophore_sample,720.0,0.0976097248625472
chromophore_sample,721.0,0.10600396734569392
chromophore_sample,722.0,0.1041436954402329
chromophore_sample,723.0,0.10660126714706647
chromophore_sample,724.0,0.10904546701708319
chromophore_sample,725.0,0.10642722283235068
chromophore_sample,726.0,0.10372662693893858
chromophore_sample,727.0,0.1016798604379853
chromophore_sample,728.0,0.10609892942128567
chromophore_sample,729.0,0.10945555549466715
chromophore_sample,730.0,0.11243982591355066
chromophore_sample,731.0,0.10642550672946285
chromophore_sample,732.0,0.11070031118739272
chromophore_sample,733.0,0.10827195151558147
chromophore_sample,734.0,0.11002602139886077
chromophore_sample,735.0,0.11390787099921501
chromophore_sample,736.0,0.10897682486082085
chromophore_sample,737.0,0.1063367422278694
chromophore_sample,738.0,0.1053415942654733
chromophore_sample,739.0,0.10653117980631009
chromophore_sample,740.0,0.10831309991619602
chromophore_sample,741.0,0.10643993330472529
chromophore_sample,742.0,0.11042405018210527
chromophore_sample,743.0,0.11105416671463263
chromophore_sample,744.0,0.10943432095710166
chromophore_sample,745.0,0.1107912939744948
chromophore_sample,746.0,0.1140048556247557
chromophore_sample,747.0,0.10650062077809797
chromophore_sample,748.0,0.11307809748636997
chromophore_sample,749.0,0.11325836222526514
chromophore_sample,750.0,0.10754216214487292
chromophore_sample,751.0,0.11003344511472073
chromophore_sample,752.0,0.11134152715831169
chromophore_sample,753.0,0.11343699306419631
chromophore_sample,754.0,0.11229651402901464
chromophore_sample,755.0,0.10892054212228779
chromophore_sample,756.0,0.11036552480181144
chromophore_sample,757.0,0.11548116283829947
chromophore_sample,758.0,0.11313399944564033
chromophore_sample,759.0,0.10758546582874193
chromophore_sample,760.0,0.11395129143593609
chromophore_sample,761.0,0.1074245730599736
chromophore_sample,762.0,0.11533438167958275
chromophore_sample,763.0,0.10938211409295576
chromophore_sample,764.0,0.11287668340166306
chromophore_sample,765.0,0.11291250095906911
chromophore_sample,766.0,0.11338973639054566
chromophore_sample,767.0,0.11429255365543091
chromophore_sample,768.0,0.11242037942852977
chromophore_sample,769.0,0.11122721706100264
chromophore_sample,770.0,0.11298248726493608
chromophore_sample,771.0,0.11002624981278432
chromophore_sample,772.0,0.11172454529059242
chromophore_sample,773.0,0.1126699901844558
chromophore_sample,774.0,0.11372298972148079
chromophore_sample,775.0,0.11782588281312159
chromophore_sample,776.0,0.10851729357621885
chromophore_sample,777.0,0.11575649355071291
chromophore_sample,778.0,0.11570887663438241
chromophore_sample,779.0,0.11713390025789754
chromophore_sample,780.0,0.11594184762318652
chromophore_sample,781.0,0.11430382421784965
chromophore_sample,782.0,0.11643403926014263
chromophore_sample,783.0,0.11694026781301972
chromophore_sample,784.0,0.1132640209290611
chromophore_sample,785.0,0.11866706001901316
chromophore_sample,786.0,0.11081834320259738
chromophore_sample,787.0,0.11741122381114748
chromophore_sample,788.0,0.12045219165574962
chromophore_sample,789.0,0.11992830139919587
chromophore_sample,790.0,0.12092344401331864
chromophore_sample,791.0,0.11844480437331648
chromophore_sample,792.0,0.11527438407045683
chromophore_sample,793.0,0.1209111030751862
chromophore_sample,794.0,0.12017691333637029
chromophore_sample,795.0,0.11873195152308481
chromophore_sample,796.0,0.11460500323680002
chromophore_sample,797.0,0.11700293211643302
chromophore_sample,798.0,0.11927136803415539
chromophore_sample,799.0,0.12004489522028987
chromophore_sample,800.0,0.12644107383244763
blank_control,200.0,0.0007156913269084994
blank_control,201.0,0.0006307735434483383
blank_control,202.0,0.0015540159750077223
blank_control,203.0,-7.378752281573609e-05
blank_control,204.0,0.00013409892258767913
blank_control,205.0,-0.0012807879787128762
blank_control,206.0,0.002758413631381944
blank_control,207.0,0.0010189475435907949
blank_control,208.0,0.004122774074932629
blank_control,209.0,0.002846977298600364
blank_control,210.0,0.0023415018433780794
blank_control,211.0,0.003304087778847162
blank_control,212.0,0.0032509798826846356
blank_control,213.0,0.0015522757220573689
blank_control,214.0,0.0019805846250055387
blank_control,215.0,0.002351993733188155
blank_control,216.0,0.004587166584282714
blank_control,217.0,0.00479139217057621
blank_control,218.0,0.0041879234205225565
blank_control,219.0,0.005462098327397234
blank_control,220.0,0.0020843248757741973
blank_control,221.0,0.004256546372303689
blank_control,222.0,0.0036002030946386803
blank_control,223.0,0.0029962971411151822
blank_control,224.0,0.005766099687969163
blank_control,225.0,0.0064623072698735415
blank_control,226.0,0.005743626033768576
blank_control,227.0,0.005195832245789993
blank_control,228.0,0.005771699261629243
blank_control,229.0,0.006280049673847008
blank_control,230.0,0.006356461252099234
blank_control,231.0,0.0065167598042568066
blank_control,232.0,0.007112230543297977
blank_control,233.0,0.007420675226148304
blank_control,234.0,0.006595561710566304
blank_control,235.0,0.006701871163880633
blank_control,236.0,0.009091571019482197
blank_control,237.0,0.007697986388288988
blank_control,238.0,0.007674504221273272
blank_control,239.0,0.005921098643572429
blank_control,240.0,0.009923024209751734
blank_control,241.0,0.007891374904832507
blank_control,242.0,0.008263153998715973
blank_control,243.0,0.009115615674940186
blank_control,244.0,0.009770243073612295
blank_control,245.0,0.00897305507417149
blank_control,246.0,0.008435642672070027
blank_control,247.0,0.010471743037310917
blank_control,248.0,0.00923880663581208
blank_control,249.0,0.00932741231181795
blank_control,250.0,0.00912530811550029
blank_control,251.0,0.010910495913199527
blank_control,252.0,0.009560385789785667
blank_control,253.0,0.010836870504615109
blank_control,254.0,0.01053599287717449
blank_control,255.0,0.011423350993624041
blank_control,256.0,0.010931382061052743
blank_control,257.0,0.009163552512692484
blank_control,258.0,0.012528581814493856
blank_control,259.0,0.010474971843792029
blank_control,260.0,0.011067697147759134
blank_control,261.0,0.013848972100539954
blank_control,262.0,0.01314174564717206
blank_control,263.0,0.012031440475604371
blank_control,264.0,0.012731252406628748
blank_control,265.0,0.013565652070872377
blank_control,266.0,0.012759359971209736
blank_control,267.0,0.01263934956497593
blank_control,268.0,0.012366768080612045
blank_control,269.0,0.013183412492133579
blank_control,270.0,0.012662443401779997
blank_control,271.0,0.014453187299533272
blank_control,272.0,0.014208552376831194
blank_control,273.0,0.014944184389652474
blank_control,274.0,0.014387000070023952
blank_control,275.0,0.014066418027790904
blank_control,276.0,0.01465919676884914
blank_control,277.0,0.016004612454693406
blank_control,278.0,0.016552802456766928
blank_control,279.0,0.015469763829675527
blank_control,280.0,0.01617143750560726
blank_control,281.0,0.015211201377755432
blank_control,282.0,0.015229713857452394
blank_control,283.0,0.016345555988207347
blank_control,284.0,0.017253172573101327
blank_control,285.0,0.01690504842770475
blank_control,286.0,0.017444840772651456
blank_control,287.0,0.018114090553191395
blank_control,288.0,0.016106450426652034
blank_control,289.0,0.01816945590907614
blank_control,290.0,0.01728610282264435
blank_control,291.0,0.018569531232605765
blank_control,292.0,0.017531589929769137
blank_control,293.0,0.016673720535882442
blank_control,294.0,0.01723410462878046
blank_control,295.0,0.019063631695463473
blank_control,296.0,0.021287806501605396
blank_control,297.0,0.018314799070930317
blank_control,298.0,0.018302326806202026
blank_control,299.0,0.01986866514928649
blank_control,300.0,0.01867657968583493
blank_control,301.0,0.02231405937393958
blank_control,302.0,0.020915431202465855
blank_control,303.0,0.020763774143839474
blank_control,304.0,0.019459589080627403
blank_control,305.0,0.02155088420798839
blank_control,306.0,0.021210724175081023
blank_control,307.0,0.021277730175135113
blank_control,308.0,0.022131966783047654
blank_control,309.0,0.020797947224423227
blank_control,310.0,0.021916423686171117
blank_control,311.0,0.021944384423813405
blank_control,312.0,0.02191132365715364
blank_control,313.0,0.02216756501022832
blank_control,314.0,0.02310732414079808
blank_control,315.0,0.02427065523889373
blank_control,316.0,0.024759274598717122
blank_control,317.0,0.023090213503107273
blank_control,318.0,0.023636401405145103
blank_control,319.0,0.02429236215988351
blank_control,320.0,0.023609350759956144
blank_control,321.0,0.022890197674860488
blank_control,322.0,0.02496266975261455
blank_control,323.0,0.023696733836660565
blank_control,324.0,0.0251586156084547
blank_control,325.0,0.026994960773939588
blank_control,326.0,0.02424660767990498
blank_control,327.0,0.027858645414509428
blank_control,328.0,0.026315820184625013
blank_control,329.0,0.024924357667048053
blank_control,330.0,0.026380154454760014
blank_control,331.0,0.026897550295794517
blank_control,332.0,0.02735258036831621
blank_control,333.0,0.027054336043582688
blank_control,334.0,0.026608371533664913
blank_control,335.0,0.026228057201090796
blank_control,336.0,0.026398001854380706
blank_control,337.0,0.029384837834717778
blank_control,338.0,0.02595612146230288
blank_control,339.0,0.02825972830127769
blank_control,340.0,0.02735219946771681
blank_control,341.0,0.027632284805206478
blank_control,342.0,0.029367905591740986
blank_control,343.0,0.02939108021542541
blank_control,344.0,0.030378396197661972
blank_control,345.0,0.029664056022987925
blank_control,346.0,0.028751370632062706
blank_control,347.0,0.02997264611348518
blank_control,348.0,0.030620086553011953
blank_control,349.0,0.029753256717376844
blank_control,350.0,0.030339306081689308
blank_control,351.0,0.030348994412702612
blank_control,352.0,0.030682605441312613
blank_control,353.0,0.03079812178965706
blank_control,354.0,0.030662703746852045
blank_control,355.0,0.03100081728551055
blank_control,356.0,0.031021530616144814
blank_control,357.0,0.03059467137059478
blank_control,358.0,0.03418553597257337
blank_control,359.0,0.03255876939641641
blank_control,360.0,0.03009244917253051
blank_control,361.0,0.03235113427828412
blank_control,362.0,0.031190000009190685
blank_control,363.0,0.03242568224102285
blank_control,364.0,0.03333093695279416
blank_control,365.0,0.03374764339790723
blank_control,366.0,0.03264490954756623
blank_control,367.0,0.03437114738610857
blank_control,368.0,0.03519607433445719
blank_control,369.0,0.03303249773722824
blank_control,370.0,0.03458053669479642
blank_control,371.0,0.034849061644343704
blank_control,372.0,0.03471827568239354
blank_control,373.0,0.03415819617075977
blank_control,374.0,0.033777971490920176
blank_control,375.0,0.03461708194161343
blank_control,376.0,0.03672044989467775
blank_control,377.0,0.035166371871445924
blank_control,378.0,0.0365072536097185
blank_control,379.0,0.03497298156722461
blank_control,380.0,0.036513643376865204
blank_control,381.0,0.036052064068404985
blank_control,382.0,0.03581434590468188
blank_control,383.0,0.036857540383914936
blank_control,384.0,0.0364563094653473
blank_control,385.0,0.03612111910970103
blank_control,386.0,0.039285678147404385
blank_control,387.0,0.03821124046187671
blank_control,388.0,0.0390790463177706
blank_control,389.0,0.03930899582157969
blank_control,390.0,0.03816303837642587
blank_control,391.0,0.03738280810687445
blank_control,392.0,0.0389243771014477
blank_control,393.0,0.03942500065747389
blank_control,394.0,0.03771473001508084
blank_control,395.0,0.03968618175242244
blank_control,396.0,0.03719475486664206
blank_control,397.0,0.039420109392211675
blank_control,398.0,0.0394376936289055
blank_control,399.0,0.03878366872916894
blank_control,400.0,0.039698762822614676
blank_control,401.0,0.04201110942877199
blank_control,402.0,0.04270350715537809
blank_control,403.0,0.03898152288025909
blank_control,404.0,0.03949045536301691
blank_control,405.0,0.04321453268739547
blank_control,406.0,0.04038364154209929
blank_control,407.0,0.040469280066678374
blank_control,408.0,0.04150787205627268
blank_control,409.0,0.0419562252604016
blank_control,410.0,0.04288158863439353
blank_control,411.0,0.04206128270995196
blank_control,412.0,0.042130394658121934
blank_control,413.0,0.04189704131113453
blank_control,414.0,0.044470417997430574
blank_control,415.0,0.043402254040316016
blank_control,416.0,0.04378714767442567
blank_control,417.0,0.044952680932623786
blank_control,418.0,0.042492584187509695
blank_control,419.0,0.04452285200327221
blank_control,420.0,0.04296156291225085
blank_control,421.0,0.04649095177823778
blank_control,422.0,0.04519309954924599
blank_control,423.0,0.045274534940191236
blank_control,424.0,0.044503503041180455
blank_control,425.0,0.04425707677898771
blank_control,426.0,0.044208583271644904
blank_control,427.0,0.04427987027763441
blank_control,428.0,0.046042895506406334
blank_control,429.0,0.045980691774017556
blank_control,430.0,0.044987117451714576
blank_control,431.0,0.046493585006464166
blank_control,432.0,0.04469726394781893
blank_control,433.0,0.047027358549831665
blank_control,434.0,0.046383701968616235
blank_control,435.0,0.0462906386538919
blank_control,436.0,0.04863140760156587
blank_control,437.0,0.04652649491253769
blank_control,438.0,0.04750767671436503
blank_control,439.0,0.047808267531806094
blank_control,440.0,0.04836356690104696
blank_control,441.0,0.0477911544577843
blank_control,442.0,0.04619252196513495
blank_control,443.0,0.04971522577515321
blank_control,444.0,0.04968817110632689
blank_control,445.0,0.05070296078649276
blank_control,446.0,0.049593694086979445
blank_control,447.0,0.04875131378603446
blank_control,448.0,0.05106176096059324
blank_control,449.0,0.048611768731701845
blank_control,450.0,0.04800814405381387
blank_control,451.0,0.05098068338603646
blank_control,452.0,0.050016617826392745
blank_control,453.0,0.05056659758354435
blank_control,454.0,0.0504306713983676
blank_control,455.0,0.0523428708630453
blank_control,456.0,0.05113127361203213
blank_control,457.0,0.05140924666537809
blank_control,458.0,0.05126480348185218
blank_control,459.0,0.05261293789044021
blank_control,460.0,0.05229744741635564
blank_control,461.0,0.05403669482283174
blank_control,462.0,0.05232525846023933
blank_control,463.0,0.053918934517103126
blank_control,464.0,0.05176751644212442
blank_control,465.0,0.052613503842615414
blank_control,466.0,0.05191667615478046
blank_control,467.0,0.054317582553427855
blank_control,468.0,0.053215485427700646
blank_control,469.0,0.054349970692701456
blank_control,470.0,0.05399164275423605
blank_control,471.0,0.05524838799197151
blank_control,472.0,0.0543748991766275
blank_control,473.0,0.055452813503731484
blank_control,474.0,0.053921431650274555
blank_control,475.0,0.055312511468014705
blank_control,476.0,0.05549962228538725
blank_control,477.0,0.05596706094560818
blank_control,478.0,0.05568020164742002
blank_control,479.0,0.05713245840389219
blank_control,480.0,0.05591265466237992
blank_control,481.0,0.055589749181350956
blank_control,482.0,0.05678797030534692
blank_control,483.0,0.0557890036913771
blank_control,484.0,0.05886879224952233
blank_control,485.0,0.05713145280162747
blank_control,486.0,0.05610847502855439
blank_control,487.0,0.05800138437545155
blank_control,488.0,0.058599796478227856
blank_control,489.0,0.05708122378946896
blank_control,490.0,0.058651836174227985
blank_control,491.0,0.05905951555790726
blank_control,492.0,0.06017398502173024
blank_control,493.0,0.05814099670713025
blank_control,494.0,0.05906037164113914
blank_control,495.0,0.058703672511548295
blank_control,496.0,0.059371836035327884
blank_control,497.0,0.0602998947049184
blank_control,498.0,0.06025301146570152
blank_control,499.0,0.0602570716640502
blank_control,500.0,0.05831105129241411
blank_control,501.0,0.05880833594147284
blank_control,502.0,0.060401167368217136
blank_control,503.0,0.059407083291264914
blank_control,504.0,0.06092019873293256
blank_control,505.0,0.06334535447577792
blank_control,506.0,0.0610063653140819
blank_control,507.0,0.06177413430946936
blank_control,508.0,0.06237707746118074
blank_control,509.0,0.06151489612764308
blank_control,510.0,0.062081922494167656
blank_control,511.0,0.06314461369878113
blank_control,512.0,0.06381365087729564
blank_control,513.0,0.06137527292768579
blank_control,514.0,0.06160352278385577
blank_control,515.0,0.06267211525249762
blank_control,516.0,0.06386205544036642
blank_control,517.0,0.06286341965929529
blank_control,518.0,0.06369292672140175
blank_control,519.0,0.06314898474626617
blank_control,520.0,0.06437712692991346
blank_control,521.0,0.06497659085563824
blank_control,522.0,0.06465898387291985
blank_control,523.0,0.06384712127579835
blank_control,524.0,0.06464057457745044
blank_control,525.0,0.06414685188338921
blank_control,526.0,0.06531006571042497
blank_control,527.0,0.0654365784205315
blank_control,528.0,0.06414803327660268
blank_control,529.0,0.06510833518896061
blank_control,530.0,0.06573403803886994
blank_control,531.0,0.06513623595595959
blank_control,532.0,0.06649537604663597
blank_control,533.0,0.06686851664261456
blank_control,534.0,0.06646584792531532
blank_control,535.0,0.06677649567532319
blank_control,536.0,0.06752439389913911
blank_control,537.0,0.0661280837396923
blank_control,538.0,0.068478578304619
blank_control,539.0,0.0687381217529397
blank_control,540.0,0.06901768886839485
blank_control,541.0,0.0676372180749081
blank_control,542.0,0.06777379154879384
blank_control,543.0,0.07090038677910132
blank_control,544.0,0.07013140387300947
blank_control,545.0,0.06899159104474568
blank_control,546.0,0.06886550115507868
blank_control,547.0,0.06986410352283137
blank_control,548.0,0.0706222705110268
blank_control,549.0,0.06978316905323152
blank_control,550.0,0.07110135560156644
blank_control,551.0,0.07101161261812422
blank_control,552.0,0.06952791911480881
blank_control,553.0,0.07036738295615622
blank_control,554.0,0.06993153865263255
blank_control,555.0,0.07010595890025152
blank_control,556.0,0.06988933099978491
blank_control,557.0,0.07159918415308905
blank_control,558.0,0.07268423799766766
blank_control,559.0,0.07054863027065308
blank_control,560.0,0.07139545339099548
blank_control,561.0,0.07230896711661465
blank_control,562.0,0.07246736242848242
blank_control,563.0,0.07334668372994378
blank_control,564.0,0.0714915275315505
blank_control,565.0,0.07265106469272364
blank_control,566.0,0.07153688583009066
blank_control,567.0,0.07247375766688924
blank_control,568.0,0.07548887932822275
blank_control,569.0,0.07344040965877022
blank_control,570.0,0.0741191966274173
blank_control,571.0,0.07243905626106809
blank_control,572.0,0.07475344617015521
blank_control,573.0,0.07432016659699622
blank_control,574.0,0.073997093672508
blank_control,575.0,0.07397834126549167
blank_control,576.0,0.07651135784698346
blank_control,577.0,0.07384427361333219
blank_control,578.0,0.07529562924491388
blank_control,579.0,0.07485946377483275
blank_control,580.0,0.07465797629396156
blank_control,581.0,0.0763656793242432
blank_control,582.0,0.0769505934092279
blank_control,583.0,0.07717003909446149
blank_control,584.0,0.07763088825484503
blank_control,585.0,0.07677293974178591
blank_control,586.0,0.07673787815037686
blank_control,587.0,0.07736662563732842
blank_control,588.0,0.07717849180613345
blank_control,589.0,0.07688678374949545
blank_control,590.0,0.07939505037948776
blank_control,591.0,0.07722055698537365
blank_control,592.0,0.0787329735300603
blank_control,593.0,0.0785215654094424
blank_control,594.0,0.07750397981020074
blank_control,595.0,0.07960271142802458
blank_control,596.0,0.07657482813851674
blank_control,597.0,0.07922722673962167
blank_control,598.0,0.0791026629814893
blank_control,599.0,0.07987180229459707
blank_control,600.0,0.07891831023560718
blank_control,601.0,0.07933503617116303
blank_control,602.0,0.081511616850294
blank_control,603.0,0.08075027637244625
blank_control,604.0,0.07989129251982241
blank_control,605.0,0.08220852184582857
blank_control,606.0,0.08110347222904263
blank_control,607.0,0.08193491453156522
blank_control,608.0,0.08146126636633283
blank_control,609.0,0.08185642412799309
blank_control,610.0,0.08233981831123736
blank_control,611.0,0.0820587943031934
blank_control,612.0,0.08354843471494701
blank_control,613.0,0.08268262865296803
blank_control,614.0,0.08594350815816927
blank_control,615.0,0.08505037305496779
blank_control,616.0,0.08225811188370576
blank_control,617.0,0.0819044777173888
blank_control,618.0,0.08317516142757012
blank_control,619.0,0.08347323350424703
blank_control,620.0,0.08640669986588516
blank_control,621.0,0.08383342567676307
blank_control,622.0,0.08405641185604304
blank_control,623.0,0.08384259560548836
blank_control,624.0,0.08497959187679446
blank_control,625.0,0.08448318544689737
blank_control,626.0,0.08609504531305456
blank_control,627.0,0.08490858483996686
blank_control,628.0,0.08559125733785125
blank_control,629.0,0.08615558778058435
blank_control,630.0,0.08698479467422425
blank_control,631.0,0.0867317438755818
blank_control,632.0,0.08633015711615277
blank_control,633.0,0.0858630890924608
blank_control,634.0,0.08674375501309468
blank_control,635.0,0.08767399914743702
blank_control,636.0,0.088089434160406
blank_control,637.0,0.08593820514859951
blank_control,638.0,0.08615647959716576
blank_control,639.0,0.08851298562986723
blank_control,640.0,0.08808326733343846
blank_control,641.0,0.0885615421850433
blank_control,642.0,0.08767636962609636
blank_control,643.0,0.08911668117415181
blank_control,644.0,0.0911824278537283
blank_control,645.0,0.08762920628011173
blank_control,646.0,0.08932208894668718
blank_control,647.0,0.08752489963417236
blank_control,648.0,0.0891624880476663
blank_control,649.0,0.08938169879640025
blank_control,650.0,0.09097420302604277
blank_control,651.0,0.0891724600857019
blank_control,652.0,0.09034591022431683
blank_control,653.0,0.08969302778896052
blank_control,654.0,0.09092108199918787
blank_control,655.0,0.09278936093935533
blank_control,656.0,0.08933380969478705
blank_control,657.0,0.09132595726542359
blank_control,658.0,0.0905731590973996
blank_control,659.0,0.09013740524874754
blank_control,660.0,0.09157943798507819
blank_control,661.0,0.09389832009421155
blank_control,662.0,0.09289015476878938
blank_control,663.0,0.09309586064515887
blank_control,664.0,0.09408361479010098
blank_control,665.0,0.09353679148539139
blank_control,666.0,0.0930034115937485
blank_control,667.0,0.09441127940129916
blank_control,668.0,0.0937130503620185
blank_control,669.0,0.09342100036662027
blank_control,670.0,0.0948843073817439
blank_control,671.0,0.09448477466269452
blank_control,672.0,0.09511324723868224
blank_control,673.0,0.09476647423757265
blank_control,674.0,0.09502942100138587
blank_control,675.0,0.0950083786631085
blank_control,676.0,0.0947584297457041
blank_control,677.0,0.0966525445652181
blank_control,678.0,0.09658624554818306
blank_control,679.0,0.09510998457565117
blank_control,680.0,0.09566013369069365
blank_control,681.0,0.09627933219215011
blank_control,682.0,0.09550699894764064
blank_control,683.0,0.09785751758297102
blank_control,684.0,0.09690869757970107
blank_control,685.0,0.09800637076165265
blank_control,686.0,0.09712641267660652
blank_control,687.0,0.09633740167888177
blank_control,688.0,0.09723344552693139
blank_control,689.0,0.09756341845438397
blank_control,690.0,0.09780967902105575
blank_control,691.0,0.09837130764930459
blank_control,692.0,0.09807415474489545
blank_control,693.0,0.0972343579502938
blank_control,694.0,0.09829514848257917
blank_control,695.0,0.0986236217052104
blank_control,696.0,0.09738298299089072
blank_control,697.0,0.09964474250660267
blank_control,698.0,0.0980710769692749
blank_control,699.0,0.09982800617382201
blank_control,700.0,0.10016519208285471
blank_control,701.0,0.09997458615419537
blank_control,702.0,0.09923209706472128
blank_control,703.0,0.10208639472650059
blank_control,704.0,0.0998382614752444
blank_control,705.0,0.10033642564688273
blank_control,706.0,0.10066607072901874
blank_control,707.0,0.10213453280189883
blank_control,708.0,0.1027276982107217
blank_control,709.0,0.1025233801532117
blank_control,710.0,0.10276729162528195
blank_control,711.0,0.1021914176418626
blank_control,712.0,0.10158806121342268
blank_control,713.0,0.10228670037320978
blank_control,714.0,0.10339863296448522
blank_control,715.0,0.10336483231752429
blank_control,716.0,0.10482980648304129
blank_control,717.0,0.10394228205106948
blank_control,718.0,0.10413569930055956
blank_control,719.0,0.10250156595373115
blank_control,720.0,0.10374114601052659
blank_control,721.0,0.10338041766964806
blank_control,722.0,0.10421042710809908
blank_control,723.0,0.10429243369696746
blank_control,724.0,0.1053064909898485
blank_control,725.0,0.10523513366024571
blank_control,726.0,0.10480772346166553
blank_control,727.0,0.10588952011586278
blank_control,728.0,0.1075851793154249
blank_control,729.0,0.10492102329792055
blank_control,730.0,0.10512359149338411
blank_control,731.0,0.10663533669734443
blank_control,732.0,0.10584218354488237
blank_control,733.0,0.10630655672961631
blank_control,734.0,0.10729869830377153
blank_control,735.0,0.10725544253813316
blank_control,736.0,0.10570959835577844
blank_control,737.0,0.10933535244231599
blank_control,738.0,0.10730586477879946
blank_control,739.0,0.10792763286790737
blank_control,740.0,0.10846785320629282
blank_control,741.0,0.10731973200745548
blank_control,742.0,0.10674049011039327
blank_control,743.0,0.10795942853341421
blank_control,744.0,0.10627271774702063
blank_control,745.0,0.10846414496196596
blank_control,746.0,0.10933879677377491
blank_control,747.0,0.11077365301547111
blank_control,748.0,0.11160188009665854
blank_control,749.0,0.11078693545355366
blank_control,750.0,0.1110271505699957
blank_control,751.0,0.11037349700814916
blank_control,752.0,0.11295024104246881
blank_control,753.0,0.10914140318940918
blank_control,754.0,0.11246216165299339
blank_control,755.0,0.11191244667418304
blank_control,756.0,0.11158217120990084
blank_control,757.0,0.11066629517126084
blank_control,758.0,0.11331332196912725
blank_control,759.0,0.11220906439786785
blank_control,760.0,0.11174073737326005
blank_control,761.0,0.11267988774441723
blank_control,762.0,0.11229088836022184
blank_control,763.0,0.1122210995971129
blank_control,764.0,0.11301383095543148
blank_control,765.0,0.11116751629588785
blank_control,766.0,0.11266269259346143
blank_control,767.0,0.11262871181430087
blank_control,768.0,0.11357917272130984
blank_control,769.0,0.11424988355273712
blank_control,770.0,0.11404377069563208
blank_control,771.0,0.11405028427021985
blank_control,772.0,0.11641842172403356
blank_control,773.0,0.11366479189991963
blank_control,774.0,0.11565698789230565
blank_control,775.0,0.11378198582519618
blank_control,776.0,0.11515609409916579
blank_control,777.0,0.11429976323888308
blank_control,778.0,0.11477897721103508
blank_control,779.0,0.11536793399077487
blank_control,780.0,0.11580381984300948
blank_control,781.0,0.11527070538630357
blank_control,782.0,0.11718198032799952
blank_control,783.0,0.11453211731387346
blank_control,784.0,0.11561759362915966
blank_control,785.0,0.1161042226096578
blank_control,786.0,0.1184180304637412
blank_control,787.0,0.1187208646799129
blank_control,788.0,0.11750450199063163
blank_control,789.0,0.11707157428261963
blank_control,790.0,0.11740295150155326
blank_control,791.0,0.11737905609484721
blank_control,792.0,0.11814407522949534
blank_control,793.0,0.1170629956783095
blank_control,794.0,0.11770730658683712
blank_control,795.0,0.11972355342881832
blank_control,796.0,0.11990816114341468
blank_control,797.0,0.11996048286563861
blank_control,798.0,0.12110621236406371
blank_control,799.0,0.11916042689225953
blank_control,800.0,0.12026489297260765
